experiment,run_id,delay_ms,run_number,injection_point,bag_file,timing_file,source_bag_path,source_timing_path,bag_duration_s,goal_ros_time_s,result_ros_time_s,mission_duration_s,observation_duration_s,result_from_bag,result_status_text,recovery_indicated_by_status,odom_path_length_m,minimum_scan_m,mean_abs_linear_cmd_m_s,max_abs_linear_cmd_m_s,mean_abs_angular_cmd_rad_s,max_abs_angular_cmd_rad_s,stop_command_fraction,mean_cmd_gap_ms,median_cmd_gap_ms,p95_cmd_gap_ms,max_cmd_gap_ms,mean_scan_age_ms,max_scan_age_ms,mean_amcl_age_ms,max_amcl_age_ms,startup_window_s,startup_path_length_5s_m,startup_net_displacement_5s_m,startup_efficiency_5s,startup_angular_sign_changes_5s,startup_reverse_cmd_count_5s,startup_mean_abs_angular_cmd_rad_s,startup_max_abs_angular_cmd_rad_s,time_to_first_motion_s,odom_messages_mission,scan_messages_mission,amcl_messages_mission,cmd_vel_messages_mission,timing_scope,timing_event_count_total,timing_event_count_condition,timing_event_count_used,requested_delay_ms_from_csv,measured_delay_ms_n,measured_delay_ms_mean,measured_delay_ms_median,measured_delay_ms_stdev,measured_delay_ms_min,measured_delay_ms_p95,measured_delay_ms_max,delay_error_ms_n,delay_error_ms_mean,delay_error_ms_median,delay_error_ms_stdev,delay_error_ms_min,delay_error_ms_p95,delay_error_ms_max,internal_interval_median_ms,internal_interval_max_ms,internal_displacement_median_ms,internal_displacement_max_ms,pose_displacement_scope,pose_displacement_sample_count,te1_legacy_control_rows_excluded,te1_legacy_control_check_mismatches,te1_unknown_hook_rows_excluded,pose_temporal_displacement_ms_n,pose_temporal_displacement_ms_mean,pose_temporal_displacement_ms_median,pose_temporal_displacement_ms_stdev,pose_temporal_displacement_ms_min,pose_temporal_displacement_ms_p95,pose_temporal_displacement_ms_max,tf_temporal_displacement_ms_n,tf_temporal_displacement_ms_mean,tf_temporal_displacement_ms_median,tf_temporal_displacement_ms_stdev,tf_temporal_displacement_ms_min,tf_temporal_displacement_ms_p95,tf_temporal_displacement_ms_max,tf_timestamp_lag_ms_n,tf_timestamp_lag_ms_mean,tf_timestamp_lag_ms_median,tf_timestamp_lag_ms_stdev,tf_timestamp_lag_ms_min,tf_timestamp_lag_ms_p95,tf_timestamp_lag_ms_max,tf_future_margin_ms_n,tf_future_margin_ms_mean,tf_future_margin_ms_median,tf_future_margin_ms_stdev,tf_future_margin_ms_min,tf_future_margin_ms_p95,tf_future_margin_ms_max,nominal_controller_period_ms,scheduling_displacement_ms_n,scheduling_displacement_ms_mean,scheduling_displacement_ms_median,scheduling_displacement_ms_stdev,scheduling_displacement_ms_min,scheduling_displacement_ms_p95,scheduling_displacement_ms_max,planner_computation_ms_n,planner_computation_ms_mean,planner_computation_ms_median,planner_computation_ms_stdev,planner_computation_ms_min,planner_computation_ms_p95,planner_computation_ms_max,command_ready_latency_ms_n,command_ready_latency_ms_mean,command_ready_latency_ms_median,command_ready_latency_ms_stdev,command_ready_latency_ms_min,command_ready_latency_ms_p95,command_ready_latency_ms_max,command_publish_latency_ms_n,command_publish_latency_ms_mean,command_publish_latency_ms_median,command_publish_latency_ms_stdev,command_publish_latency_ms_min,command_publish_latency_ms_p95,command_publish_latency_ms_max,command_publish_interval_ms_n,command_publish_interval_ms_mean,command_publish_interval_ms_median,command_publish_interval_ms_stdev,command_publish_interval_ms_min,command_publish_interval_ms_p95,command_publish_interval_ms_max,effective_publish_rate_hz_n,effective_publish_rate_hz_mean,effective_publish_rate_hz_median,effective_publish_rate_hz_stdev,effective_publish_rate_hz_min,effective_publish_rate_hz_p95,effective_publish_rate_hz_max,diagnostic_period_exceedance_ratio,deadline_miss_ratio,valid_command_ratio,zero_command_publish_intervals,negative_command_publish_intervals_excluded,te4_invalid_rows_excluded,te4_nonincreasing_publish_rows_excluded,te4_timestamp_order_rows_excluded,te4_latency_consistency_rows_excluded
T-E1,te1_0ms_run-01,0,1,AMCL pose publication before pose_pub_.publish(),amcl_pose_publish/baseline/baseline_run-1.bag,amcl_pose_publish/baseline/baseline_results-1.csv,results/baseline/baseline_run-1.bag,results/baseline/baseline_results-1.csv,52.653,135.879,159.479,23.6,,SUCCEEDED,Goal reached.,no,4.438880591,0.261606336,0.189003795,0.219999999,0.280092175,1.37,0.029535865,100,100,116,158,0.305084746,2,20.733333333,70,5,0.918024785,0.827189019,0.901053035,1,1,0.385843435,1.300920129,0.137,708,118,30,237,all_matching_callback_events_excluding_legacy_control_row,33,32,32,0,32,0.4310625,0.393,0.265228561,0.065,0.8782,1.311,32,0.4310625,0.393,0.265228561,0.065,0.8782,1.311,,,14.5,69,all_amcl_pose_publish_events_from_publish_and_scan_timestamps; legacy_numeric_first_row_excluded,32,1,0,0,32,22.9375,14.5,18.199499284,7,65.7,69,,,,,,,,,,,,,,,,,,,,,,,,,,,,,,,,,,,,,,,,,,,,,,,,,,,,,,,,,,,,,,,,,,,,,,,,,
T-E1,te1_0ms_run-02,0,2,AMCL pose publication before pose_pub_.publish(),amcl_pose_publish/baseline/baseline_run-2.bag,amcl_pose_publish/baseline/baseline_results-2.csv,results/baseline/baseline_run-2.bag,results/baseline/baseline_results-2.csv,40.496,95.386,118.785,23.399,,SUCCEEDED,Goal reached.,no,4.408332053,0.261666685,0.188950787,0.219999999,0.311190734,1.603965547,0.029787234,99.995726496,100,117.35,136,0.418803419,6,16.64516129,36,5,0.961362001,0.902308933,0.938573537,1,0,0.380231992,1.216375947,0.136,702,117,31,235,all_matching_callback_events_excluding_legacy_control_row,34,33,33,0,33,0.499818182,0.371,0.66387468,0.077,0.954,3.949,33,0.499818182,0.371,0.66387468,0.077,0.954,3.949,,,15,74,all_amcl_pose_publish_events_from_publish_and_scan_timestamps; legacy_numeric_first_row_excluded,33,1,0,0,33,19.181818182,15,16.666685606,2,43.8,74,,,,,,,,,,,,,,,,,,,,,,,,,,,,,,,,,,,,,,,,,,,,,,,,,,,,,,,,,,,,,,,,,,,,,,,,,
T-E1,te1_0ms_run-03,0,3,AMCL pose publication before pose_pub_.publish(),amcl_pose_publish/baseline/baseline_run-3.bag,amcl_pose_publish/baseline/baseline_results-3.csv,results/baseline/baseline_run-3.bag,results/baseline/baseline_results-3.csv,48.253,72.057,95.056,22.999,,SUCCEEDED,Goal reached.,no,4.400677051,0.220526263,0.191690425,0.219999999,0.306197487,1.506173165,0.021645022,99.995652174,100,119.55,138,0.339130435,3,32.4,63,5,0.935545266,0.873768047,0.933966617,1,0,0.393022882,1.159026027,0.121,690,115,30,231,all_matching_callback_events_excluding_legacy_control_row,33,32,32,0,32,0.44575,0.3935,0.367270754,0.074,0.82855,2.057,32,0.44575,0.3935,0.367270754,0.074,0.82855,2.057,,,28,63,all_amcl_pose_publish_events_from_publish_and_scan_timestamps; legacy_numeric_first_row_excluded,32,1,0,0,32,32.8125,28,12.2195969,24,60.45,63,,,,,,,,,,,,,,,,,,,,,,,,,,,,,,,,,,,,,,,,,,,,,,,,,,,,,,,,,,,,,,,,,,,,,,,,,
T-E1,te1_0ms_run-04,0,4,AMCL pose publication before pose_pub_.publish(),amcl_pose_publish/baseline/baseline_run-4.bag,amcl_pose_publish/baseline/baseline_results-4.csv,results/baseline/baseline_run-4.bag,results/baseline/baseline_results-4.csv,32.24,50.587,73.989,23.402,,SUCCEEDED,Goal reached.,no,4.449000415,0.268734753,0.190739812,0.219999999,0.289589029,1.522287266,0.029787234,100.008547009,100,115.35,135,0.401709402,4,24.8,54,5,0.94582523,0.884299105,0.934949794,1,0,0.382979357,1.163819432,0.134,702,117,30,235,all_matching_callback_events_excluding_legacy_control_row,33,32,32,0,32,0.52971875,0.445,0.369791069,0.061,1.2413,1.456,32,0.52971875,0.445,0.369791069,0.061,1.2413,1.456,,,20.5,61,all_amcl_pose_publish_events_from_publish_and_scan_timestamps; legacy_numeric_first_row_excluded,32,1,0,0,32,25.96875,20.5,12.957708815,15,51.8,61,,,,,,,,,,,,,,,,,,,,,,,,,,,,,,,,,,,,,,,,,,,,,,,,,,,,,,,,,,,,,,,,,,,,,,,,,
T-E1,te1_0ms_run-05,0,5,AMCL pose publication before pose_pub_.publish(),amcl_pose_publish/baseline/baseline_run-5.bag,amcl_pose_publish/baseline/baseline_results-5.csv,results/baseline/baseline_run-5.bag,results/baseline/baseline_results-5.csv,37.114,60.336,83.337,23.001,,SUCCEEDED,Goal reached.,no,4.435145991,0.255035579,0.193526463,0.219999999,0.295642743,1.536611615,0.021645022,100.004347826,100,113.55,162,0.391304348,4,23.344827586,63,5,0.967850053,0.905063319,0.935127622,1,0,0.393206668,1.205808282,0.135,690,115,29,231,all_matching_callback_events_excluding_legacy_control_row,32,31,31,0,31,0.569903226,0.473,0.409265794,0.056,1.3565,1.916,31,0.569903226,0.473,0.409265794,0.056,1.3565,1.916,,,18,65,all_amcl_pose_publish_events_from_publish_and_scan_timestamps; legacy_numeric_first_row_excluded,31,1,0,0,31,25.483870968,18,16.679070653,13,62.5,65,,,,,,,,,,,,,,,,,,,,,,,,,,,,,,,,,,,,,,,,,,,,,,,,,,,,,,,,,,,,,,,,,,,,,,,,,
T-E1,te1_20ms_run-01,20,1,AMCL pose publication before pose_pub_.publish(),amcl_pose_publish/delay20/delay20_run-1.bag,amcl_pose_publish/delay20/delay_results-1.csv,results/delay20/delay20_run-1.bag,results/delay20/delay_results-1.csv,31.666,31.916,56.117,24.201,,SUCCEEDED,Goal reached.,no,4.469277583,0.281327665,0.185745336,0.219999999,0.327030265,1.763648068,0.032921811,100.004132231,100,116,126,0.289256198,2,48.441176471,79,5,0.944394556,0.875065306,0.926588682,1,0,0.393173368,1.219803929,0.126,726,121,34,243,all_matching_callback_events_excluding_legacy_control_row,37,36,36,20,36,20.285083333,20.2415,0.168839802,20.036,20.60325,20.649,36,0.285083333,0.2415,0.168839802,0.036,0.60325,0.649,,,46,86,all_amcl_pose_publish_events_from_publish_and_scan_timestamps; legacy_numeric_first_row_excluded,36,1,0,0,36,50.361111111,46,12.862243256,39,77,86,,,,,,,,,,,,,,,,,,,,,,,,,,,,,,,,,,,,,,,,,,,,,,,,,,,,,,,,,,,,,,,,,,,,,,,,,
T-E1,te1_20ms_run-02,20,2,AMCL pose publication before pose_pub_.publish(),amcl_pose_publish/delay20/delay20_run-2.bag,amcl_pose_publish/delay20/delay_results-2.csv,results/delay20/delay20_run-2.bag,results/delay20/delay_results-2.csv,28.956,65.717,90.218,24.501,,SUCCEEDED,Goal reached.,no,4.503541124,0.263323486,0.186164123,0.219999999,0.295766757,1.535465011,0.032520325,99.995918367,100,114.8,145,0.341463415,4,50.066666667,75,5,0.814686468,0.683546637,0.839030307,5,5,0.37144425,1.199055552,0.131,736,123,30,246,all_matching_callback_events_excluding_legacy_control_row,33,32,32,20,32,20.435375,20.355,0.371706245,20.051,21.2013,21.902,32,0.435375,0.355,0.371706245,0.051,1.2013,1.902,,,46,88,all_amcl_pose_publish_events_from_publish_and_scan_timestamps; legacy_numeric_first_row_excluded,32,1,0,0,32,51.4375,46,12.114873557,41,75.35,88,,,,,,,,,,,,,,,,,,,,,,,,,,,,,,,,,,,,,,,,,,,,,,,,,,,,,,,,,,,,,,,,,,,,,,,,,
T-E1,te1_20ms_run-03,20,3,AMCL pose publication before pose_pub_.publish(),amcl_pose_publish/delay20/delay20_run-3.bag,amcl_pose_publish/delay20/delay_results-3.csv,results/delay20/delay20_run-3.bag,results/delay20/delay_results-3.csv,49.133,36.435,76.383,39.948,,SUCCEEDED,Goal reached.,no,5.719840003,0.227209687,0.158447299,0.219999999,0.859033865,2.75,0.017142857,114.464183381,103,184,225,0.345,5,44.342342342,76,5,0.668869125,0.454001787,0.678760269,3,27,1.000651079,2.390281439,0.132,1199,200,111,350,all_matching_callback_events_excluding_legacy_control_row,115,114,114,20,114,20.364982456,20.3165,0.237451066,20.047,20.68725,21.927,114,0.364982456,0.3165,0.237451066,0.047,0.68725,1.927,,,43,76,all_amcl_pose_publish_events_from_publish_and_scan_timestamps; legacy_numeric_first_row_excluded,114,1,0,0,114,44.473684211,43,6.96033074,33,59.05,76,,,,,,,,,,,,,,,,,,,,,,,,,,,,,,,,,,,,,,,,,,,,,,,,,,,,,,,,,,,,,,,,,,,,,,,,,
T-E1,te1_20ms_run-04,20,4,AMCL pose publication before pose_pub_.publish(),amcl_pose_publish/delay20/delay20_run-4.bag,amcl_pose_publish/delay20/delay_results-4.csv,results/delay20/delay20_run-4.bag,results/delay20/delay_results-4.csv,46.487,46.331,76.332,30.001,,SUCCEEDED,Goal reached.,no,5.161199156,0.150728285,0.184861112,0.219999999,0.330140371,1.855497599,0.019933555,100,100,119,187,0.486666667,11,52.975609756,94,5,0.472257346,0.279554436,0.5919536,9,33,0.435975516,1.855497599,0.154,900,150,41,301,all_matching_callback_events_excluding_legacy_control_row,44,43,43,20,43,20.378976744,20.304,0.269332817,20.114,20.6477,21.506,43,0.378976744,0.304,0.269332817,0.114,0.6477,1.506,,,50,94,all_amcl_pose_publish_events_from_publish_and_scan_timestamps; legacy_numeric_first_row_excluded,43,1,0,0,43,53.860465116,50,11.173057294,43,77.6,94,,,,,,,,,,,,,,,,,,,,,,,,,,,,,,,,,,,,,,,,,,,,,,,,,,,,,,,,,,,,,,,,,,,,,,,,,
T-E1,te1_20ms_run-05,20,5,AMCL pose publication before pose_pub_.publish(),amcl_pose_publish/delay20/delay20_run-5.bag,amcl_pose_publish/delay20/delay_results-5.csv,results/delay20/delay20_run-5.bag,results/delay20/delay_results-5.csv,33.345,51.119,75.02,23.901,,SUCCEEDED,Goal reached.,no,4.421266128,0.26016292,0.184394304,0.219999999,0.326068278,1.766470733,0.024896266,99.570833333,100,117,126,0.416666667,8,45.303030303,87,5,0.989723867,0.929047838,0.938693981,1,0,0.360961744,1.202680945,0.046,717,120,33,241,all_matching_callback_events_excluding_legacy_control_row,36,35,35,20,35,20.4348,20.293,0.389446274,20.096,21.2512,21.68,35,0.4348,0.293,0.389446274,0.096,1.2512,1.68,,,41,87,all_amcl_pose_publish_events_from_publish_and_scan_timestamps; legacy_numeric_first_row_excluded,35,1,0,0,35,46.571428571,41,14.996638279,34,79.8,87,,,,,,,,,,,,,,,,,,,,,,,,,,,,,,,,,,,,,,,,,,,,,,,,,,,,,,,,,,,,,,,,,,,,,,,,,
T-E1,te1_50ms_run-01,50,1,AMCL pose publication before pose_pub_.publish(),amcl_pose_publish/delay50/delay50_run-1.bag,amcl_pose_publish/delay50/delay_results-1.csv,results/delay50/delay50_run-1.bag,results/delay50/delay_results-1.csv,38.748,72.757,96.158,23.401,,SUCCEEDED,Goal reached.,no,4.450771697,0.251046598,0.191235025,0.219999999,0.306956837,1.551233112,0.025531915,100.004273504,100,117,144,0.564102564,5,80.903225806,96,5,0.945611143,0.874986187,0.925312898,1,0,0.400008998,1.257277966,0.144,702,117,31,235,all_matching_callback_events_excluding_legacy_control_row,34,33,33,50,33,50.386848485,50.351,0.191026196,50.113,50.724,50.817,33,0.386848485,0.351,0.191026196,0.113,0.724,0.817,,,86,107,all_amcl_pose_publish_events_from_publish_and_scan_timestamps; legacy_numeric_first_row_excluded,33,1,0,0,33,82.272727273,86,12.657193427,54,100,107,,,,,,,,,,,,,,,,,,,,,,,,,,,,,,,,,,,,,,,,,,,,,,,,,,,,,,,,,,,,,,,,,,,,,,,,,
T-E1,te1_50ms_run-02,50,2,AMCL pose publication before pose_pub_.publish(),amcl_pose_publish/delay50/delay50_run-2.bag,amcl_pose_publish/delay50/delay_results-2.csv,results/delay50/delay50_run-2.bag,results/delay50/delay_results-2.csv,39.111,40.163,64.665,24.502,,SUCCEEDED,Goal reached.,no,4.449904363,0.254495889,0.183950361,0.219999999,0.3201561,1.701055278,0.028455285,100.008163265,100,112,144,0.254098361,2,77.53125,107,5,0.842164077,0.761017107,0.903644703,7,3,0.387142326,1.063530684,0.138,735,122,32,246,all_matching_callback_events_excluding_legacy_control_row,33,32,32,50,32,50.29490625,50.291,0.144486267,50.063,50.50365,50.565,32,0.29490625,0.291,0.144486267,0.063,0.50365,0.565,,,74,106,all_amcl_pose_publish_events_from_publish_and_scan_timestamps; legacy_numeric_first_row_excluded,32,1,0,0,32,77.28125,74,9.419384183,68,102.15,106,,,,,,,,,,,,,,,,,,,,,,,,,,,,,,,,,,,,,,,,,,,,,,,,,,,,,,,,,,,,,,,,,,,,,,,,,
T-E1,te1_50ms_run-03,50,3,AMCL pose publication before pose_pub_.publish(),amcl_pose_publish/delay50/delay50_run-3.bag,amcl_pose_publish/delay50/delay_results-3.csv,results/delay50/delay50_run-3.bag,results/delay50/delay_results-3.csv,32.988,66.274,89.774,23.5,,SUCCEEDED,Goal reached.,no,4.427401628,0.268187672,0.188775216,0.219999999,0.300034506,1.422965271,0.029661017,100,100,117,129,0.466101695,5,78.161290323,124,5,0.961884999,0.901656989,0.937385436,1,0,0.378536003,1.3279351,0.12,705,118,31,236,all_matching_callback_events_excluding_legacy_control_row,34,33,33,50,33,50.334393939,50.311,0.23234685,50.1,50.6752,51.239,33,0.334393939,0.311,0.23234685,0.1,0.6752,1.239,,,76,124,all_amcl_pose_publish_events_from_publish_and_scan_timestamps; legacy_numeric_first_row_excluded,33,1,0,0,33,79.606060606,76,12.99023526,69,105.6,124,,,,,,,,,,,,,,,,,,,,,,,,,,,,,,,,,,,,,,,,,,,,,,,,,,,,,,,,,,,,,,,,,,,,,,,,,
T-E1,te1_50ms_run-04,50,4,AMCL pose publication before pose_pub_.publish(),amcl_pose_publish/delay50/delay50_run-4.bag,amcl_pose_publish/delay50/delay_results-4.csv,results/delay50/delay50_run-4.bag,results/delay50/delay_results-4.csv,38.988,36.11,67.712,31.602,,SUCCEEDED,Goal reached.,no,5.065525198,0.266856134,0.177440105,0.219999999,0.307031826,1.522179949,0.022082019,100.003164557,100,114.25,141,0.398734177,5,65.393939394,91,5,0.491654879,0.284275343,0.578201002,4,34,0.353070947,1.114071727,0.141,948,158,33,317,all_matching_callback_events_excluding_legacy_control_row,36,35,35,50,35,50.423714286,50.336,0.565980491,50.057,50.5725,53.568,35,0.423714286,0.336,0.565980491,0.057,0.5725,3.568,,,62,111,all_amcl_pose_publish_events_from_publish_and_scan_timestamps; legacy_numeric_first_row_excluded,35,1,0,0,35,67.314285714,62,13.334544763,54,93.2,111,,,,,,,,,,,,,,,,,,,,,,,,,,,,,,,,,,,,,,,,,,,,,,,,,,,,,,,,,,,,,,,,,,,,,,,,,
T-E1,te1_50ms_run-05,50,5,AMCL pose publication before pose_pub_.publish(),amcl_pose_publish/delay50/delay50_run-5.bag,amcl_pose_publish/delay50/delay_results-5.csv,results/delay50/delay50_run-5.bag,results/delay50/delay_results-5.csv,34.835,32.698,56.299,23.601,,SUCCEEDED,Goal reached.,no,4.442108641,0.250114053,0.189806519,0.219999999,0.321261756,1.570920192,0.029535865,100.004237288,100,113,139,0.330508475,3,80.8,121,5,0.935330131,0.862422473,0.922051418,1,0,0.400727788,1.224439025,0.139,708,118,30,237,all_matching_callback_events_excluding_legacy_control_row,33,32,32,50,32,50.30534375,50.295,0.178880499,50.046,50.61745,50.652,32,0.30534375,0.295,0.178880499,0.046,0.61745,0.652,,,77.5,120,all_amcl_pose_publish_events_from_publish_and_scan_timestamps; legacy_numeric_first_row_excluded,32,1,0,0,32,82.3125,77.5,14.991260895,55,114.15,120,,,,,,,,,,,,,,,,,,,,,,,,,,,,,,,,,,,,,,,,,,,,,,,,,,,,,,,,,,,,,,,,,,,,,,,,,
T-E1,te1_100ms_run-01,100,1,AMCL pose publication before pose_pub_.publish(),amcl_pose_publish/delay100/delay100_run-1.bag,amcl_pose_publish/delay100/delay_results-1.csv,results/delay100/delay100_run-1.bag,results/delay100/delay_results-1.csv,34.093,30.536,54.637,24.101,,SUCCEEDED,Goal reached.,no,4.483127154,0.239645958,0.186990353,0.219999999,0.294140167,1.474012157,0.041322314,100,100,114,131,0.404958678,5,126.838709677,149,5,0.914978846,0.814780409,0.89049098,1,1,0.409434266,1.080149889,0.131,724,121,31,242,all_matching_callback_events_excluding_legacy_control_row,34,33,33,100,33,100.423818182,100.226,0.717976343,100.04,101.5706,103.413,33,0.423818182,0.226,0.717976343,0.04,1.5706,3.413,,,125,168,all_amcl_pose_publish_events_from_publish_and_scan_timestamps; legacy_numeric_first_row_excluded,33,1,0,0,33,128.545454545,125,12.34678832,115,149.8,168,,,,,,,,,,,,,,,,,,,,,,,,,,,,,,,,,,,,,,,,,,,,,,,,,,,,,,,,,,,,,,,,,,,,,,,,,
T-E1,te1_100ms_run-02,100,2,AMCL pose publication before pose_pub_.publish(),amcl_pose_publish/delay100/delay100_run-2.bag,amcl_pose_publish/delay100/delay_results-2.csv,results/delay100/delay100_run-2.bag,results/delay100/delay_results-2.csv,38.557,50.32,73.92,23.6,,SUCCEEDED,Goal reached.,no,4.440415901,0.273985803,0.189011188,0.219999999,0.284354172,1.478511335,0.033755274,100,100,116,130,0.279661017,6,116.793103448,140,5,0.917316026,0.85493544,0.931996625,1,0,0.38350015,1.270619869,0.126,708,118,29,237,all_matching_callback_events_excluding_legacy_control_row,33,32,32,100,32,100.29528125,100.3005,0.162333435,100.059,100.6131,100.65,32,0.29528125,0.3005,0.162333435,0.059,0.6131,0.65,,,115,157,all_amcl_pose_publish_events_from_publish_and_scan_timestamps; legacy_numeric_first_row_excluded,32,1,0,0,32,118.84375,115,12.866835025,105,146.3,157,,,,,,,,,,,,,,,,,,,,,,,,,,,,,,,,,,,,,,,,,,,,,,,,,,,,,,,,,,,,,,,,,,,,,,,,,
T-E1,te1_100ms_run-03,100,3,AMCL pose publication before pose_pub_.publish(),amcl_pose_publish/delay100/delay100_run-3.bag,amcl_pose_publish/delay100/delay_results-3.csv,results/delay100/delay100_run-3.bag,results/delay100/delay_results-3.csv,43.351,34.618,58.817,24.199,,SUCCEEDED,Goal reached.,no,4.46254163,0.252945691,0.184349328,0.219999999,0.306115353,1.616427101,0.049382716,99.995867769,100,113.95,141,0.834710744,10,121.161290323,158,5,0.955721498,0.892252659,0.933590655,1,0,0.404143316,1.296981335,0.141,726,121,31,243,all_matching_callback_events_excluding_legacy_control_row,34,33,33,100,33,100.335666667,100.309,0.172882125,100.061,100.6292,100.824,33,0.335666667,0.309,0.172882125,0.061,0.6292,0.824,,,117,165,all_amcl_pose_publish_events_from_publish_and_scan_timestamps; legacy_numeric_first_row_excluded,33,1,0,0,33,123.393939394,117,15.72207722,109,158,165,,,,,,,,,,,,,,,,,,,,,,,,,,,,,,,,,,,,,,,,,,,,,,,,,,,,,,,,,,,,,,,,,,,,,,,,,
T-E1,te1_100ms_run-04,100,4,AMCL pose publication before pose_pub_.publish(),amcl_pose_publish/delay100/delay100_run-4.bag,amcl_pose_publish/delay100/delay_results-4.csv,results/delay100/delay100_run-4.bag,results/delay100/delay_results-4.csv,46.363,83.901,116.601,32.7,,SUCCEEDED,Goal reached.,no,4.856081417,0.173493877,0.171418983,0.219999999,0.314174414,1.502193621,0.024390244,100,100,113,193,0.347560976,10,112.882352941,135,5,0.265505606,0.035573742,0.1339849,13,25,0.243779028,0.744077861,0.132,981,164,34,328,all_matching_callback_events_excluding_legacy_control_row,37,36,36,100,36,100.30825,100.2545,0.145930585,100.077,100.55125,100.633,36,0.30825,0.2545,0.145930585,0.077,0.55125,0.633,,,111,141,all_amcl_pose_publish_events_from_publish_and_scan_timestamps; legacy_numeric_first_row_excluded,36,1,0,0,36,113.194444444,111,9.361988325,101,131.25,141,,,,,,,,,,,,,,,,,,,,,,,,,,,,,,,,,,,,,,,,,,,,,,,,,,,,,,,,,,,,,,,,,,,,,,,,,
T-E1,te1_100ms_run-05,100,5,AMCL pose publication before pose_pub_.publish(),amcl_pose_publish/delay100/delay100_run-5.bag,amcl_pose_publish/delay100/delay_results-5.csv,results/delay100/delay100_run-5.bag,results/delay100/delay_results-5.csv,25.98,26.903,50.447,23.544,,SUCCEEDED,Goal reached.,no,4.483668293,0.261357814,0.190267335,0.219999999,0.300948217,1.37,0.029661017,99.834042553,100,115.3,143,0.406779661,7,152.322580645,1330,5,1.029938381,0.975808013,0.9474431,1,0,0.408412403,1.329280972,0.083,706,118,31,236,all_matching_callback_events_excluding_legacy_control_row,34,33,33,100,33,100.34569697,100.239,0.378866359,100.054,100.6188,102.198,33,0.34569697,0.239,0.378866359,0.054,0.6188,2.198,,,112,171,all_amcl_pose_publish_events_from_publish_and_scan_timestamps; legacy_numeric_first_row_excluded,33,1,0,0,33,116.181818182,112,14.642520585,101,143.2,171,,,,,,,,,,,,,,,,,,,,,,,,,,,,,,,,,,,,,,,,,,,,,,,,,,,,,,,,,,,,,,,,,,,,,,,,,
T-E1,te1_200ms_run-01,200,1,AMCL pose publication before pose_pub_.publish(),amcl_pose_publish/delay200/delay200_run-1.bag,amcl_pose_publish/delay200/delay_results-1.csv,results/delay200/delay200_run-1.bag,results/delay200/delay_results-1.csv,36.559,64.979,89.08,24.101,,SUCCEEDED,Goal reached.,no,4.504508302,0.254733354,0.188291098,0.219999999,0.288646317,1.473994318,0.024793388,99.995850622,99,114,132,0.458333333,7,221.866666667,271,5,0.829499171,0.686814485,0.827986946,5,3,0.396969453,1.159102201,0.12,723,120,30,242,all_matching_callback_events_excluding_legacy_control_row,33,32,32,200,32,200.2679375,200.213,0.164898392,200.04,200.61285,200.682,32,0.2679375,0.213,0.164898392,0.04,0.61285,0.682,,,217.5,271,all_amcl_pose_publish_events_from_publish_and_scan_timestamps; legacy_numeric_first_row_excluded,32,1,0,0,32,222.03125,217.5,14.818219768,203,253.35,271,,,,,,,,,,,,,,,,,,,,,,,,,,,,,,,,,,,,,,,,,,,,,,,,,,,,,,,,,,,,,,,,,,,,,,,,,
T-E1,te1_200ms_run-02,200,2,AMCL pose publication before pose_pub_.publish(),amcl_pose_publish/delay200/delay200_run-2.bag,amcl_pose_publish/delay200/delay_results-2.csv,results/delay200/delay200_run-2.bag,results/delay200/delay_results-2.csv,35.16,42.771,66.871,24.1,,SUCCEEDED,Goal reached.,no,4.443747106,0.254092216,0.183504177,0.219999999,0.312686318,1.725348356,0.02892562,100,100,117,134,0.3,3,216.290322581,296,5,0.957030236,0.891949583,0.931997287,1,1,0.374639164,1.22495532,0.134,723,120,31,242,all_matching_callback_events_excluding_legacy_control_row,35,34,34,200,34,200.2975,200.2235,0.188389225,200.058,200.6156,200.791,34,0.2975,0.2235,0.188389225,0.058,0.6156,0.791,,,212.5,296,all_amcl_pose_publish_events_from_publish_and_scan_timestamps; legacy_numeric_first_row_excluded,34,1,0,0,34,217.941176471,212.5,19.588093441,202,258.7,296,,,,,,,,,,,,,,,,,,,,,,,,,,,,,,,,,,,,,,,,,,,,,,,,,,,,,,,,,,,,,,,,,,,,,,,,,
T-E1,te1_200ms_run-03,200,3,AMCL pose publication before pose_pub_.publish(),amcl_pose_publish/delay200/delay200_run-3.bag,amcl_pose_publish/delay200/delay_results-3.csv,results/delay200/delay200_run-3.bag,results/delay200/delay_results-3.csv,30.319,24.624,48.828,24.204,,SUCCEEDED,Goal reached.,no,4.464152245,0.281898111,0.185226724,0.219999999,0.304676784,1.668004997,0.049382716,100.008264463,100,116,148,0.280991736,3,234.931034483,267,5,0.904562155,0.825600041,0.912706812,3,2,0.403044148,1.144913077,0.128,726,121,29,243,all_matching_callback_events_excluding_legacy_control_row,33,32,32,200,32,200.39384375,200.3375,0.258169001,200.099,200.7831,201.186,32,0.39384375,0.3375,0.258169001,0.099,0.7831,1.186,,,231,266,all_amcl_pose_publish_events_from_publish_and_scan_timestamps; legacy_numeric_first_row_excluded,32,1,0,0,32,235.84375,231,12.603402958,222,263.35,266,,,,,,,,,,,,,,,,,,,,,,,,,,,,,,,,,,,,,,,,,,,,,,,,,,,,,,,,,,,,,,,,,,,,,,,,,
T-E1,te1_200ms_run-04,200,4,AMCL pose publication before pose_pub_.publish(),amcl_pose_publish/delay200/delay200_run-4.bag,amcl_pose_publish/delay200/delay_results-4.csv,results/delay200/delay200_run-4.bag,results/delay200/delay_results-4.csv,32.517,30.364,54.062,23.698,,SUCCEEDED,Goal reached.,no,4.418742191,0.265070051,0.186209637,0.219999999,0.295992609,1.622259985,0.037815126,99.991561181,100,118.2,141,0.372881356,10,230.620689655,283,5,0.953667777,0.889825851,0.93305643,1,0,0.374372195,1.211711884,0.141,711,118,29,238,all_matching_callback_events_excluding_legacy_control_row,34,33,33,200,33,200.384030303,200.4,0.22322935,200.065,200.694,201.086,33,0.384030303,0.4,0.22322935,0.065,0.694,1.086,,,228,283,all_amcl_pose_publish_events_from_publish_and_scan_timestamps; legacy_numeric_first_row_excluded,33,1,0,0,33,233.090909091,228,14.74865171,216,260.6,283,,,,,,,,,,,,,,,,,,,,,,,,,,,,,,,,,,,,,,,,,,,,,,,,,,,,,,,,,,,,,,,,,,,,,,,,,
T-E1,te1_200ms_run-05,200,5,AMCL pose publication before pose_pub_.publish(),amcl_pose_publish/delay200/delay200_run-5.bag,amcl_pose_publish/delay200/delay_results-5.csv,results/delay200/delay200_run-5.bag,results/delay200/delay_results-5.csv,29.096,43.465,66.765,23.3,,SUCCEEDED,Goal reached.,no,4.425510216,0.256244063,0.190478465,0.219999999,0.291239051,1.507398443,0.02991453,100,100,114.4,149,0.547008547,5,232.535714286,290,5,0.960264645,0.898552879,0.935734626,1,0,0.376721585,1.354480386,0.135,699,117,28,234,all_matching_callback_events_excluding_legacy_control_row,31,30,30,200,30,200.607066667,200.3255,0.895914941,200.087,203.06055,203.515,30,0.607066667,0.3255,0.895914941,0.087,3.06055,3.515,,,229,290,all_amcl_pose_publish_events_from_publish_and_scan_timestamps; legacy_numeric_first_row_excluded,30,1,0,0,30,232.566666667,229,16.059551532,211,264.75,290,,,,,,,,,,,,,,,,,,,,,,,,,,,,,,,,,,,,,,,,,,,,,,,,,,,,,,,,,,,,,,,,,,,,,,,,,
T-E1,te1_500ms_run-01,500,1,AMCL pose publication before pose_pub_.publish(),amcl_pose_publish/delay500/delay500_run-1.bag,amcl_pose_publish/delay500/delay_results-1.csv,results/delay500/delay500_run-1.bag,results/delay500/delay_results-1.csv,39.84,29.752,62.552,32.8,,SUCCEEDED,Goal reached.,no,4.415320868,0.165627837,0.138372547,0.219999999,0.254902404,1.558692891,0.270769231,101.234567901,100,131,398,0.619631902,11,587.9375,1115,5,0.608204887,0.545613967,0.897089087,3,0,0.2430093,1.253273606,0.15,984,163,32,325,all_matching_callback_events_excluding_legacy_control_row,35,34,34,500,34,500.358882353,500.2875,0.198300776,500.114,500.61685,501.045,34,0.358882353,0.2875,0.198300776,0.114,0.61685,1.045,,,528.5,1115,all_amcl_pose_publish_events_from_publish_and_scan_timestamps; legacy_numeric_first_row_excluded,34,1,0,0,34,585.676470588,528.5,136.888080936,508,845,1115,,,,,,,,,,,,,,,,,,,,,,,,,,,,,,,,,,,,,,,,,,,,,,,,,,,,,,,,,,,,,,,,,,,,,,,,,
T-E1,te1_500ms_run-02,500,2,AMCL pose publication before pose_pub_.publish(),amcl_pose_publish/delay500/delay500_run-2.bag,amcl_pose_publish/delay500/delay_results-2.csv,results/delay500/delay500_run-2.bag,results/delay500/delay_results-2.csv,60.223,24.316,74.918,50.602,,SUCCEEDED,Goal reached.,no,5.473121427,0.225799575,0.129712797,0.219999999,0.296747823,1.63970196,0.273100616,104.119341564,100,134.75,932,0.442687747,6,638.196078431,1405,5,0.329597439,0.154267978,0.468049685,8,26,0.28739371,1.124494195,0.132,1518,253,51,487,all_matching_callback_events_excluding_legacy_control_row,56,55,55,500,55,500.296963636,500.276,0.166626436,500.039,500.6004,500.738,55,0.296963636,0.276,0.166626436,0.039,0.6004,0.738,,,527,1405,all_amcl_pose_publish_events_from_publish_and_scan_timestamps; legacy_numeric_first_row_excluded,55,1,0,0,55,635.890909091,527,218.243210639,489,1104.8,1405,,,,,,,,,,,,,,,,,,,,,,,,,,,,,,,,,,,,,,,,,,,,,,,,,,,,,,,,,,,,,,,,,,,,,,,,,
T-E1,te1_500ms_run-03,500,3,AMCL pose publication before pose_pub_.publish(),amcl_pose_publish/delay500/delay500_run-3.bag,amcl_pose_publish/delay500/delay_results-3.csv,results/delay500/delay500_run-3.bag,results/delay500/delay_results-3.csv,38.617,29.53,63.23,33.7,,SUCCEEDED,Goal reached.,no,4.618840297,0.219899952,0.143315849,0.219999999,0.249267038,1.575093865,0.264880952,100.597014925,100,132.3,238,0.44047619,9,579.647058824,899,5,0.508440698,0.39840536,0.78358275,0,3,0.326403219,1.285055518,0.125,1011,168,34,336,all_matching_callback_events_excluding_legacy_control_row,38,37,37,500,37,500.318702703,500.3,0.182464131,500.051,500.6546,500.686,37,0.318702703,0.3,0.182464131,0.051,0.6546,0.686,,,533,899,all_amcl_pose_publish_events_from_publish_and_scan_timestamps; legacy_numeric_first_row_excluded,37,1,0,0,37,578.351351351,533,94.434049949,512,798,899,,,,,,,,,,,,,,,,,,,,,,,,,,,,,,,,,,,,,,,,,,,,,,,,,,,,,,,,,,,,,,,,,,,,,,,,,
T-E1,te1_500ms_run-04,500,4,AMCL pose publication before pose_pub_.publish(),amcl_pose_publish/delay500/delay500_run-4.bag,amcl_pose_publish/delay500/delay_results-4.csv,results/delay500/delay500_run-4.bag,results/delay500/delay_results-4.csv,49.786,33.441,75.843,42.402,,SUCCEEDED,Goal reached.,no,5.09301008,0.212924853,0.137807108,0.219999999,0.277924991,1.487614036,0.234449761,101.683453237,100,130,441,0.283018868,5,586.075,1072,5,0.365690385,0.145794117,0.398681844,6,24,0.370488418,1.208376884,0.135,1272,212,40,418,all_matching_callback_events_excluding_legacy_control_row,44,43,43,500,43,500.355604651,500.252,0.288204387,500.056,500.866,501.245,43,0.355604651,0.252,0.288204387,0.056,0.866,1.245,,,527,1072,all_amcl_pose_publish_events_from_publish_and_scan_timestamps; legacy_numeric_first_row_excluded,43,1,0,0,43,581.976744186,527,124.38352524,498,823.1,1072,,,,,,,,,,,,,,,,,,,,,,,,,,,,,,,,,,,,,,,,,,,,,,,,,,,,,,,,,,,,,,,,,,,,,,,,,
T-E1,te1_500ms_run-05,500,5,AMCL pose publication before pose_pub_.publish(),amcl_pose_publish/delay500/delay500_run-5.bag,amcl_pose_publish/delay500/delay_results-5.csv,results/delay500/delay500_run-5.bag,results/delay500/delay_results-5.csv,47.951,32.535,65.737,33.202,,SUCCEEDED,Goal reached.,no,4.410519045,0.183356911,0.140355593,0.219999999,0.250289893,1.43109262,0.254601227,102.16,100,132,466,0.530120482,4,594.375,1103,5,0.538484353,0.492192126,0.914032365,2,0,0.303505089,1.233662844,0.14,996,166,32,326,all_matching_callback_events_excluding_legacy_control_row,36,35,35,500,35,500.262742857,500.216,0.169562472,500.046,500.5441,500.857,35,0.262742857,0.216,0.169562472,0.046,0.5441,0.857,,,518,1103,all_amcl_pose_publish_events_from_publish_and_scan_timestamps; legacy_numeric_first_row_excluded,35,1,0,0,35,589.857142857,518,161.137344205,495,1011.3,1103,,,,,,,,,,,,,,,,,,,,,,,,,,,,,,,,,,,,,,,,,,,,,,,,,,,,,,,,,,,,,,,,,,,,,,,,,
T-E1,te1_1000ms_run-01,1000,1,AMCL pose publication before pose_pub_.publish(),amcl_pose_publish/delay1000/delay1000_run-1.bag,amcl_pose_publish/delay1000/delay_results-1.csv,results/delay1000/delay1000_run-1.bag,results/delay1000/delay_results-1.csv,67.866,219.577,276.98,57.403,,SUCCEEDED,Goal reached.,no,4.593010173,0.135702237,0.118801814,0.219999999,0.24227277,1.608972894,0.359605911,141.733333333,100,300,2744,0.289198606,3,1412.205882353,2808,5,0.576353062,0.575115455,0.997852693,1,0,0.111953236,0.34374994,0.139,1722,287,34,406,all_matching_callback_events_excluding_legacy_control_row,38,37,37,1000,37,1000.276297297,1000.265,0.123266844,1000.038,1000.4936,1000.531,37,0.276297297,0.265,0.123266844,0.038,0.4936,0.531,,,1049,2806,all_amcl_pose_publish_events_from_publish_and_scan_timestamps; legacy_numeric_first_row_excluded,37,1,0,0,37,1443.135135135,1049,566.925047082,999,2588.6,2806,,,,,,,,,,,,,,,,,,,,,,,,,,,,,,,,,,,,,,,,,,,,,,,,,,,,,,,,,,,,,,,,,,,,,,,,,
T-E1,te1_1000ms_run-02,1000,2,AMCL pose publication before pose_pub_.publish(),amcl_pose_publish/delay1000/delay1000_run-2.bag,amcl_pose_publish/delay1000/delay_results-2.csv,results/delay1000/delay1000_run-2.bag,results/delay1000/delay_results-2.csv,106.093,27.924,124.124,96.2,,SUCCEEDED,Goal reached.,no,5.866224186,0.175440818,0.108359079,0.219999999,0.230818445,1.610509872,0.358974359,154.414125201,100,302,5001,0.484407484,11,1662.852459016,4691,5,0.393644706,0.369846208,0.939543203,2,0,0.309148146,1.057521939,0.144,2886,481,61,624,all_matching_callback_events_excluding_legacy_control_row,66,65,65,1000,65,1000.327861538,1000.324,0.156260687,1000.048,1000.6042,1000.826,65,0.327861538,0.324,0.156260687,0.048,0.6042,0.826,,,1195,4691,all_amcl_pose_publish_events_from_publish_and_scan_timestamps; legacy_numeric_first_row_excluded,65,1,0,0,65,1635.307692308,1195,864.36137775,985,3474.4,4691,,,,,,,,,,,,,,,,,,,,,,,,,,,,,,,,,,,,,,,,,,,,,,,,,,,,,,,,,,,,,,,,,,,,,,,,,
T-E1,te1_1000ms_run-03,1000,3,AMCL pose publication before pose_pub_.publish(),amcl_pose_publish/delay1000/delay1000_run-3.bag,amcl_pose_publish/delay1000/delay_results-3.csv,results/delay1000/delay1000_run-3.bag,results/delay1000/delay_results-3.csv,55.993,36.715,82.914,46.199,,SUCCEEDED,Goal reached.,no,4.306135343,0.188294485,0.12502649,0.219999999,0.150814483,1.37,0.374647887,130.505649718,100,311.7,1932,0.458874459,6,1252.481481481,2218,5,0.601521366,0.600487146,0.99828066,2,0,0.102416586,0.320055217,0.132,1387,231,27,355,all_matching_callback_events_excluding_legacy_control_row,32,31,31,1000,31,1000.261677419,1000.239,0.146237338,1000.055,1000.4855,1000.771,31,0.261677419,0.239,0.146237338,0.055,0.4855,0.771,,,1032,2217,all_amcl_pose_publish_events_from_publish_and_scan_timestamps; legacy_numeric_first_row_excluded,31,1,0,0,31,1247.387096774,1032,377.891049327,994,2106,2217,,,,,,,,,,,,,,,,,,,,,,,,,,,,,,,,,,,,,,,,,,,,,,,,,,,,,,,,,,,,,,,,,,,,,,,,,
T-E1,te1_1000ms_run-04,1000,4,AMCL pose publication before pose_pub_.publish(),amcl_pose_publish/delay1000/delay1000_run-4.bag,amcl_pose_publish/delay1000/delay_results-4.csv,results/delay1000/delay1000_run-4.bag,results/delay1000/delay_results-4.csv,78.757,46.345,105.643,,59.298,ABORTED,Failed to find a valid control. Even after executing recovery behaviors.,yes,3.935444829,0.128128827,0.082448621,0.219999999,0.118087682,1.26643014,0.595785441,113.548944338,98,197,2331,0.300675676,3,1261.703703704,2199,5,0.65206419,0.647418207,0.992874962,3,0,0.176025731,0.533526719,0.139,1779,296,27,522,all_matching_callback_events_excluding_legacy_control_row,30,29,29,1000,29,1000.29862069,1000.239,0.190290645,1000.034,1000.6436,1000.787,29,0.29862069,0.239,0.190290645,0.034,0.6436,0.787,,,1024,2198,all_amcl_pose_publish_events_from_publish_and_scan_timestamps; legacy_numeric_first_row_excluded,29,1,0,0,29,1245.413793103,1024,379.348173774,981,2115.2,2198,,,,,,,,,,,,,,,,,,,,,,,,,,,,,,,,,,,,,,,,,,,,,,,,,,,,,,,,,,,,,,,,,,,,,,,,,
T-E1,te1_1000ms_run-05,1000,5,AMCL pose publication before pose_pub_.publish(),amcl_pose_publish/delay1000/delay1000_run-5.bag,amcl_pose_publish/delay1000/delay_results-5.csv,results/delay1000/delay1000_run-5.bag,results/delay1000/delay_results-5.csv,95.724,27.018,115.119,88.101,,SUCCEEDED,Goal reached.,no,5.348378922,0.156955555,0.108202114,0.219999999,0.215322764,1.548843084,0.383141762,169.097888676,100,300,3828,0.509090909,10,1660.85,3552,5,0.409984376,0.405777922,0.989739963,2,0,0.119868393,0.392735571,0.126,2643,440,60,522,all_matching_callback_events_excluding_legacy_control_row,66,65,65,1000,65,1000.386184615,1000.246,0.648395734,1000.041,1000.8206,1005.257,65,0.386184615,0.246,0.648395734,0.041,0.8206,5.257,,,1419,3552,all_amcl_pose_publish_events_from_publish_and_scan_timestamps; legacy_numeric_first_row_excluded,65,1,0,0,65,1647.676923077,1419,725.052802122,977,2962.4,3552,,,,,,,,,,,,,,,,,,,,,,,,,,,,,,,,,,,,,,,,,,,,,,,,,,,,,,,,,,,,,,,,,,,,,,,,,
T-E2,te2_0ms_run-01,0,1,AMCL TF publication before tfb_->sendTransform(),amcl_sendTransform/baseline/baseline_run-1.bag,amcl_sendTransform/baseline/delay_results-1.csv,results_delay_sendTransofrm/amcl_sendTransofrm/baseline/baseline_run-1.bag,results_delay_sendTransofrm/amcl_sendTransofrm/baseline/delay_results-1.csv,31.852,146.106,169.306,23.2,,SUCCEEDED,Goal reached.,no,4.430317402,0.269176304,0.191394606,0.219999999,0.298558075,1.428737746,0.021459227,100,100,119.45,144,0.431034483,4,12.733333333,39,5,0.94888972,0.887907945,0.935733549,1,0,0.384646953,1.245685577,0.144,696,116,30,233,condition_rows_all_recording,876,876,876,0,876,0.361200913,0.2935,0.337888622,0.053,0.75825,4.729,876,0.361200913,0.2935,0.337888622,0.053,0.75825,4.729,,,15,59,,,,,,,,,,,,,876,16.794520548,15,10.569877074,0,32,59,876,-483.205479452,-485,10.569877074,-500,-468,-441,876,483.205479452,485,10.569877074,441,499,500,,,,,,,,,,,,,,,,,,,,,,,,,,,,,,,,,,,,,,,,,,,,,,,,,,,,
T-E2,te2_0ms_run-02,0,2,AMCL TF publication before tfb_->sendTransform(),amcl_sendTransform/baseline/baseline_run-2.bag,amcl_sendTransform/baseline/delay_results-2.csv,results_delay_sendTransofrm/amcl_sendTransofrm/baseline/baseline_run-2.bag,results_delay_sendTransofrm/amcl_sendTransofrm/baseline/delay_results-2.csv,29.175,25.839,49.142,23.303,,SUCCEEDED,Goal reached.,no,4.394172385,0.252443165,0.18868949,0.219999999,0.276729052,1.37,0.02991453,100.004291845,100,119.2,151,0.282051282,4,36.607142857,69,5,0.925958004,0.864094579,0.933189816,1,0,0.380886947,1.193253279,0.138,699,117,28,234,condition_rows_all_recording,258,258,258,0,258,0.443286822,0.379,0.438723772,0.054,0.82915,4.907,258,0.443286822,0.379,0.438723772,0.054,0.82915,4.907,,,30,68,,,,,,,,,,,,,258,31.651162791,30,5.308610087,27,37,68,258,-468.348837209,-470,5.308610087,-473,-463,-432,258,468.348837209,470,5.308610087,432,472,473,,,,,,,,,,,,,,,,,,,,,,,,,,,,,,,,,,,,,,,,,,,,,,,,,,,,
T-E2,te2_0ms_run-03,0,3,AMCL TF publication before tfb_->sendTransform(),amcl_sendTransform/baseline/baseline_run-3.bag,amcl_sendTransform/baseline/delay_results-3.csv,results_delay_sendTransofrm/amcl_sendTransofrm/baseline/baseline_run-3.bag,results_delay_sendTransofrm/amcl_sendTransofrm/baseline/delay_results-3.csv,36.83,23.167,49.267,26.1,,SUCCEEDED,Goal reached.,no,4.618231179,0.270751089,0.184426428,0.219999999,0.286331325,1.37,0.026717557,100,100,112,129,0.284615385,4,14.066666667,40,5,0.514566453,0.31519639,0.612547491,8,14,0.411877225,1.20820725,0.129,783,130,30,262,condition_rows_all_recording,295,295,295,0,295,0.373366102,0.315,0.292608224,0.054,0.7626,2.99,295,0.373366102,0.315,0.292608224,0.054,0.7626,2.99,,,8,81,,,,,,,,,,,,,295,12.603389831,8,9.592123436,6,32,81,295,-487.396610169,-492,9.592123436,-494,-468,-419,295,487.396610169,492,9.592123436,419,493,494,,,,,,,,,,,,,,,,,,,,,,,,,,,,,,,,,,,,,,,,,,,,,,,,,,,,
T-E2,te2_0ms_run-04,0,4,AMCL TF publication before tfb_->sendTransform(),amcl_sendTransform/baseline/baseline_run-4.bag,amcl_sendTransform/baseline/delay_results-4.csv,results_delay_sendTransofrm/amcl_sendTransofrm/baseline/baseline_run-4.bag,results_delay_sendTransofrm/amcl_sendTransofrm/baseline/delay_results-4.csv,31.755,33.846,57.347,23.501,,SUCCEEDED,Goal reached.,no,4.428885879,0.270152152,0.188757317,0.219999999,0.297179292,1.37,0.029661017,100.004255319,100,115,150,0.415254237,3,33.1,60,5,0.937714682,0.876413056,0.934626569,1,0,0.387303422,1.119994164,0.15,705,118,30,236,condition_rows_all_recording,309,309,309,0,309,0.377401294,0.322,0.29199562,0.055,0.7446,2.995,309,0.377401294,0.322,0.29199562,0.055,0.7446,2.995,,,31,60,,,,,,,,,,,,,309,30.184466019,31,5.296557764,23,35,60,309,-469.815533981,-469,5.296557764,-477,-465,-440,309,469.815533981,469,5.296557764,440,476,477,,,,,,,,,,,,,,,,,,,,,,,,,,,,,,,,,,,,,,,,,,,,,,,,,,,,
T-E2,te2_0ms_run-05,0,5,AMCL TF publication before tfb_->sendTransform(),amcl_sendTransform/baseline/baseline_run-5.bag,amcl_sendTransform/baseline/delay_results-5.csv,results_delay_sendTransofrm/amcl_sendTransofrm/baseline/baseline_run-5.bag,results_delay_sendTransofrm/amcl_sendTransofrm/baseline/delay_results-5.csv,30.422,27.629,50.827,23.198,,SUCCEEDED,Goal reached.,no,4.435982635,0.27574569,0.191601641,0.219999999,0.296005183,1.516755354,0.025751073,99.99137931,100.5,114,158,0.5,3,34.64516129,68,5,0.939820761,0.871272636,0.927062556,1,0,0.406234592,1.267409801,0.138,696,116,31,233,condition_rows_all_recording,265,265,265,0,265,0.410543396,0.323,0.508402458,0.055,0.8178,6.261,265,0.410543396,0.323,0.508402458,0.055,0.8178,6.261,,,31,68,,,,,,,,,,,,,265,31.988679245,31,4.228764254,28,35,68,265,-468.011320755,-469,4.228764254,-472,-465,-432,265,468.011320755,469,4.228764254,432,471,472,,,,,,,,,,,,,,,,,,,,,,,,,,,,,,,,,,,,,,,,,,,,,,,,,,,,
T-E2,te2_20ms_run-01,20,1,AMCL TF publication before tfb_->sendTransform(),amcl_sendTransform/delay20/delay20_run-1.bag,amcl_sendTransform/delay20/delay_results-1.csv,results_delay_sendTransofrm/amcl_sendTransofrm/delay20/delay20_run-1.bag,results_delay_sendTransofrm/amcl_sendTransofrm/delay20/delay_results-1.csv,35.479,33.39,59.185,25.795,,SUCCEEDED,Goal reached.,no,4.636364249,0.260640204,0.185881244,0.219999999,0.289101752,1.492176961,0.019379845,99.871595331,99,117,137,0.333333333,2,28.9375,49,5,0.595619925,0.349188265,0.586260214,6,15,0.4363461,1.120212674,0.128,774,129,32,258,condition_rows_all_recording,319,319,319,20,319,20.365661442,20.305,0.332669011,20.03,20.7987,24.155,319,0.365661442,0.305,0.332669011,0.03,0.7987,4.155,,,46,83,,,,,,,,,,,,,319,46.059561129,46,5.340561632,34,52.1,83,319,-453.940438871,-454,5.340561632,-466,-447.9,-417,319,453.940438871,454,5.340561632,417,461,466,,,,,,,,,,,,,,,,,,,,,,,,,,,,,,,,,,,,,,,,,,,,,,,,,,,,
T-E2,te2_20ms_run-02,20,2,AMCL TF publication before tfb_->sendTransform(),amcl_sendTransform/delay20/delay20_run-2.bag,amcl_sendTransform/delay20/delay_results-2.csv,results_delay_sendTransofrm/amcl_sendTransofrm/delay20/delay20_run-2.bag,results_delay_sendTransofrm/amcl_sendTransofrm/delay20/delay_results-2.csv,29.753,24.366,50.366,26,,SUCCEEDED,Goal reached.,no,4.597548634,0.270264,0.183992339,0.219999999,0.293260344,1.536137772,0.026819923,100,100,118.05,138,0.476923077,2,35.580645161,86,5,0.540351396,0.324798572,0.60108769,6,16,0.449878079,1.307892084,0.123,780,130,31,261,condition_rows_all_recording,264,264,264,20,264,20.363261364,20.2935,0.286219617,20.029,20.9033,22.577,264,0.363261364,0.2935,0.286219617,0.029,0.9033,2.577,,,50,106,,,,,,,,,,,,,264,49.950757576,50,5.787872416,39,53,106,264,-450.049242424,-450,5.787872416,-461,-447,-394,264,450.049242424,450,5.787872416,394,455,461,,,,,,,,,,,,,,,,,,,,,,,,,,,,,,,,,,,,,,,,,,,,,,,,,,,,
T-E2,te2_20ms_run-03,20,3,AMCL TF publication before tfb_->sendTransform(),amcl_sendTransform/delay20/delay20_run-3.bag,amcl_sendTransform/delay20/delay_results-3.csv,results_delay_sendTransofrm/amcl_sendTransofrm/delay20/delay20_run-3.bag,results_delay_sendTransofrm/amcl_sendTransofrm/delay20/delay_results-3.csv,28.068,30.101,54.102,24.001,,SUCCEEDED,Goal reached.,no,4.416690346,0.223063365,0.187676414,0.219999999,0.306978806,1.597669725,0.020746888,100.004166667,100,119,163,0.391666667,3,27.6,62,5,0.742939268,0.644963208,0.86812373,9,4,0.393273068,1.20018971,0.134,720,120,30,241,condition_rows_all_recording,289,289,289,20,289,20.349726644,20.305,0.230565424,20.024,20.7322,22.216,289,0.349726644,0.305,0.230565424,0.024,0.7322,2.216,,,45,80,,,,,,,,,,,,,289,46.179930796,45,6.479305625,34,54,80,289,-453.820069204,-455,6.479305625,-466,-446,-420,289,453.820069204,455,6.479305625,420,462,466,,,,,,,,,,,,,,,,,,,,,,,,,,,,,,,,,,,,,,,,,,,,,,,,,,,,
T-E2,te2_20ms_run-04,20,4,AMCL TF publication before tfb_->sendTransform(),amcl_sendTransform/delay20/delay20_run-4.bag,amcl_sendTransform/delay20/delay_results-4.csv,results_delay_sendTransofrm/amcl_sendTransofrm/delay20/delay20_run-4.bag,results_delay_sendTransofrm/amcl_sendTransofrm/delay20/delay_results-4.csv,28.822,20.127,44.328,24.201,,SUCCEEDED,Goal reached.,no,4.428282974,0.234181777,0.183665737,0.219999999,0.309141473,1.615245705,0.032921811,100.004132231,100,114,136,0.404958678,4,34.266666667,56,5,0.857593425,0.771905247,0.900082982,5,2,0.378559144,1.159507632,0.136,726,121,30,243,condition_rows_all_recording,234,234,234,20,234,20.404106838,20.298,0.415528849,20.027,20.99105,24.06,234,0.404106838,0.298,0.415528849,0.027,0.99105,4.06,,,51,80,,,,,,,,,,,,,234,51.106837607,51,5.465588432,41,57,80,234,-448.893162393,-449,5.465588432,-459,-443,-420,234,448.893162393,449,5.465588432,420,457,459,,,,,,,,,,,,,,,,,,,,,,,,,,,,,,,,,,,,,,,,,,,,,,,,,,,,
T-E2,te2_20ms_run-05,20,5,AMCL TF publication before tfb_->sendTransform(),amcl_sendTransform/delay20/delay20_run-5.bag,amcl_sendTransform/delay20/delay_results-5.csv,results_delay_sendTransofrm/amcl_sendTransofrm/delay20/delay20_run-5.bag,results_delay_sendTransofrm/amcl_sendTransofrm/delay20/delay_results-5.csv,27.627,17.876,41.777,23.901,,SUCCEEDED,Goal reached.,no,4.459979858,0.267040402,0.190222214,0.219999999,0.287411433,1.526233164,0.020833333,100.0041841,100,117,137,0.308333333,2,35.6,55,5,0.842990527,0.754565951,0.895106086,3,4,0.391777852,1.156884432,0.136,717,120,30,240,condition_rows_all_recording,241,241,241,20,241,20.384149378,20.303,0.299262445,20.038,20.947,22.324,241,0.384149378,0.303,0.299262445,0.038,0.947,2.324,,,50,156,,,,,,,,,,,,,241,51.149377593,50,8.524137886,38,56,156,241,-448.850622407,-450,8.524137886,-462,-444,-344,241,448.850622407,450,8.524137886,344,455,462,,,,,,,,,,,,,,,,,,,,,,,,,,,,,,,,,,,,,,,,,,,,,,,,,,,,
T-E2,te2_50ms_run-01,50,1,AMCL TF publication before tfb_->sendTransform(),amcl_sendTransform/delay50/delay50_run-1.bag,amcl_sendTransform/delay50/delay_results-1.csv,results_delay_sendTransofrm/amcl_sendTransofrm/delay50/delay50_run-1.bag,results_delay_sendTransofrm/amcl_sendTransofrm/delay50/delay_results-1.csv,28.791,41.545,65.447,23.902,,SUCCEEDED,Goal reached.,no,4.435251114,0.272513151,0.185989712,0.219999999,0.294608661,1.518872661,0.029166667,100,100,121.1,132,0.285714286,4,31.741935484,59,5,0.910325518,0.847342221,0.930812334,3,1,0.391737169,1.198123336,0.125,717,119,31,240,condition_rows_all_recording,341,341,341,50,341,50.324841642,50.284,0.196974703,50.027,50.644,51.664,341,0.324841642,0.284,0.196974703,0.027,0.644,1.664,,,78,113,,,,,,,,,,,,,341,78.527859238,78,6.611706494,38,86,113,341,-421.472140762,-422,6.611706494,-462,-414,-387,341,421.472140762,422,6.611706494,387,431,462,,,,,,,,,,,,,,,,,,,,,,,,,,,,,,,,,,,,,,,,,,,,,,,,,,,,
T-E2,te2_50ms_run-02,50,2,AMCL TF publication before tfb_->sendTransform(),amcl_sendTransform/delay50/delay50_run-2.bag,amcl_sendTransform/delay50/delay_results-2.csv,results_delay_sendTransofrm/amcl_sendTransofrm/delay50/delay50_run-2.bag,results_delay_sendTransofrm/amcl_sendTransofrm/delay50/delay_results-2.csv,29.941,24.829,49.329,24.5,,SUCCEEDED,Goal reached.,no,4.421315269,0.253339678,0.184396001,0.219999999,0.316661249,1.586605988,0.028455285,100,100,118.6,136,0.430894309,4,35.65625,74,5,0.811679921,0.732499808,0.902449092,7,5,0.405828045,1.096447945,0.133,735,123,32,246,condition_rows_all_recording,264,264,264,50,264,50.332556818,50.277,0.206830409,50.031,50.6728,51.406,264,0.332556818,0.277,0.206830409,0.031,0.6728,1.406,,,81,120,,,,,,,,,,,,,264,81.575757576,81,5.644232174,72,87,120,264,-418.424242424,-419,5.644232174,-428,-413,-380,264,418.424242424,419,5.644232174,380,424.85,428,,,,,,,,,,,,,,,,,,,,,,,,,,,,,,,,,,,,,,,,,,,,,,,,,,,,
T-E2,te2_50ms_run-03,50,3,AMCL TF publication before tfb_->sendTransform(),amcl_sendTransform/delay50/delay50_run-3.bag,amcl_sendTransform/delay50/delay_results-3.csv,results_delay_sendTransofrm/amcl_sendTransofrm/delay50/delay50_run-3.bag,results_delay_sendTransofrm/amcl_sendTransofrm/delay50/delay_results-3.csv,30.175,25.083,48.784,23.701,,SUCCEEDED,Goal reached.,no,4.424154563,0.249734417,0.188041259,0.219999999,0.306283137,1.481750522,0.033613445,100,100,118,132,0.428571429,2,36.103448276,63,5,0.942652712,0.87533184,0.928583591,1,0,0.394297402,1.139451265,0.132,711,119,29,238,condition_rows_all_recording,281,281,281,50,281,50.737092527,50.29,6.50730203,50.052,50.672,159.326,281,0.737092527,0.29,6.50730203,0.052,0.672,109.326,,,80,116,,,,,,,,,,,,,281,80.597864769,80,6.157909756,37,87,116,281,-419.402135231,-420,6.157909756,-463,-413,-384,281,419.402135231,420,6.157909756,384,425,463,,,,,,,,,,,,,,,,,,,,,,,,,,,,,,,,,,,,,,,,,,,,,,,,,,,,
T-E2,te2_50ms_run-04,50,4,AMCL TF publication before tfb_->sendTransform(),amcl_sendTransform/delay50/delay50_run-4.bag,amcl_sendTransform/delay50/delay_results-4.csv,results_delay_sendTransofrm/amcl_sendTransofrm/delay50/delay50_run-4.bag,results_delay_sendTransofrm/amcl_sendTransofrm/delay50/delay_results-4.csv,33.485,22.259,45.558,23.299,,SUCCEEDED,Goal reached.,no,4.449181425,0.263674587,0.192365256,0.219999999,0.291386952,1.427019911,0.021367521,99.995708155,100,117,135,0.461538462,6,31.413793103,69,5,0.938342701,0.874205059,0.931647956,1,0,0.395982216,1.199132442,0.135,699,117,29,234,condition_rows_all_recording,258,258,258,50,258,50.343205426,50.272,0.281992398,50.025,50.77315,52.501,258,0.343205426,0.272,0.281992398,0.025,0.77315,2.501,,,78,120,,,,,,,,,,,,,258,78.589147287,78,7.591324562,65,86,120,258,-421.410852713,-422,7.591324562,-435,-414,-380,258,421.410852713,422,7.591324562,380,430,435,,,,,,,,,,,,,,,,,,,,,,,,,,,,,,,,,,,,,,,,,,,,,,,,,,,,
T-E2,te2_50ms_run-05,50,5,AMCL TF publication before tfb_->sendTransform(),amcl_sendTransform/delay50/delay50_run-5.bag,amcl_sendTransform/delay50/delay_results-5.csv,results_delay_sendTransofrm/amcl_sendTransofrm/delay50/delay50_run-5.bag,results_delay_sendTransofrm/amcl_sendTransofrm/delay50/delay_results-5.csv,28.517,22.36,45.562,23.202,,SUCCEEDED,Goal reached.,no,4.411312767,0.225508586,0.191680891,0.219999999,0.297831853,1.515812057,0.030042918,100.004310345,100,117.9,152,0.413793103,4,31.178571429,62,5,0.93602149,0.861232765,0.92009935,1,1,0.402792494,1.023959756,0.153,696,116,28,233,condition_rows_all_recording,240,240,240,50,240,50.334204167,50.2725,0.249456908,50.027,50.66165,52.005,240,0.334204167,0.2725,0.249456908,0.027,0.66165,2.005,,,78,112,,,,,,,,,,,,,240,78.745833333,78,7.155036215,65,88,112,240,-421.254166667,-422,7.155036215,-435,-412,-388,240,421.254166667,422,7.155036215,388,431,435,,,,,,,,,,,,,,,,,,,,,,,,,,,,,,,,,,,,,,,,,,,,,,,,,,,,
T-E2,te2_100ms_run-01,100,1,AMCL TF publication before tfb_->sendTransform(),amcl_sendTransform/delay100/delay100_run-1.bag,amcl_sendTransform/delay100/delay_results-1.csv,results_delay_sendTransofrm/amcl_sendTransofrm/delay100/delay100_run-1.bag,results_delay_sendTransofrm/amcl_sendTransofrm/delay100/delay_results-1.csv,29.804,24.834,47.528,22.694,,SUCCEEDED,Goal reached.,no,4.369318747,0.229253635,0.193181282,0.219999999,0.290798566,1.401055952,0.021929825,99.973568282,100,118,158,0.628318584,8,25.535714286,50,5,0.944540442,0.867074096,0.917985146,1,0,0.390288384,1.018586636,0.12,681,113,28,228,condition_rows_all_recording,263,263,263,100,263,100.551965779,100.28,3.40231984,100.035,100.7558,155.343,263,0.551965779,0.28,3.40231984,0.035,0.7558,55.343,,,123,164,,,,,,,,,,,,,263,121.36121673,123,10.127184414,38,134.9,164,263,-378.63878327,-377,10.127184414,-462,-365.1,-336,263,378.63878327,377,10.127184414,336,393.9,462,,,,,,,,,,,,,,,,,,,,,,,,,,,,,,,,,,,,,,,,,,,,,,,,,,,,
T-E2,te2_100ms_run-02,100,2,AMCL TF publication before tfb_->sendTransform(),amcl_sendTransform/delay100/delay100_run-2.bag,amcl_sendTransform/delay100/delay_results-2.csv,results_delay_sendTransofrm/amcl_sendTransofrm/delay100/delay100_run-2.bag,results_delay_sendTransofrm/amcl_sendTransofrm/delay100/delay_results-2.csv,32.18,37.366,60.967,23.601,,SUCCEEDED,Goal reached.,no,4.454812112,0.272244841,0.189597331,0.219999999,0.286854831,1.460458619,0.025316456,100.004237288,100,115.25,133,0.93220339,7,20.032258065,68,5,0.955116631,0.898374572,0.940591487,1,0,0.388090414,1.408581138,0.133,709,118,31,237,condition_rows_all_recording,288,288,288,100,288,100.395642361,100.2845,0.435799182,100.042,101.17775,104.055,288,0.395642361,0.2845,0.435799182,0.042,1.17775,4.055,,,118,171,,,,,,,,,,,,,288,117.548611111,118,10.599999909,88,130.65,171,288,-382.451388889,-382,10.599999909,-412,-369.35,-329,288,382.451388889,382,10.599999909,329,399,412,,,,,,,,,,,,,,,,,,,,,,,,,,,,,,,,,,,,,,,,,,,,,,,,,,,,
T-E2,te2_100ms_run-03,100,3,AMCL TF publication before tfb_->sendTransform(),amcl_sendTransform/delay100/delay100_run-3.bag,amcl_sendTransform/delay100/delay_results-3.csv,results_delay_sendTransofrm/amcl_sendTransofrm/delay100/delay100_run-3.bag,results_delay_sendTransofrm/amcl_sendTransofrm/delay100/delay_results-3.csv,36.665,32.532,58.532,26,,SUCCEEDED,Goal reached.,no,4.599377424,0.260378718,0.184626412,0.219999999,0.291704115,1.508429607,0.022988506,100,100,117,139,0.661538462,7,19.5625,45,5,0.540332929,0.32462113,0.600779839,4,16,0.46771729,1.334900618,0.138,780,130,32,261,condition_rows_all_recording,321,321,321,100,321,100.829183801,100.262,9.390222527,100.025,100.64,268.516,321,0.829183801,0.262,9.390222527,0.025,0.64,168.516,,,113,162,,,,,,,,,,,,,321,115.143302181,113,12.192647387,83,134,162,321,-384.856697819,-387,12.192647387,-417,-366,-338,321,384.856697819,387,12.192647387,338,402,417,,,,,,,,,,,,,,,,,,,,,,,,,,,,,,,,,,,,,,,,,,,,,,,,,,,,
T-E2,te2_100ms_run-04,100,4,AMCL TF publication before tfb_->sendTransform(),amcl_sendTransform/delay100/delay100_run-4.bag,amcl_sendTransform/delay100/delay_results-4.csv,results_delay_sendTransofrm/amcl_sendTransofrm/delay100/delay100_run-4.bag,results_delay_sendTransofrm/amcl_sendTransofrm/delay100/delay_results-4.csv,30.244,26.099,49.4,23.301,,SUCCEEDED,Goal reached.,no,4.43850645,0.259626925,0.190517667,0.219999999,0.289762737,1.526165003,0.02991453,100.004291845,100,114,138,0.52991453,10,21.035714286,60,5,0.945355144,0.881766867,0.932736096,1,0,0.39065223,1.206655383,0.137,699,117,28,234,condition_rows_all_recording,271,271,271,100,271,100.360608856,100.294,0.358228628,100.031,100.785,103.076,271,0.360608856,0.294,0.358228628,0.031,0.785,3.076,,,119,160,,,,,,,,,,,,,271,121.20295203,119,10.589973881,102,136.5,160,271,-378.79704797,-381,10.589973881,-398,-363.5,-340,271,378.79704797,381,10.589973881,340,394,398,,,,,,,,,,,,,,,,,,,,,,,,,,,,,,,,,,,,,,,,,,,,,,,,,,,,
T-E2,te2_100ms_run-05,100,5,AMCL TF publication before tfb_->sendTransform(),amcl_sendTransform/delay100/delay100_run-5.bag,amcl_sendTransform/delay100/delay_results-5.csv,results_delay_sendTransofrm/amcl_sendTransofrm/delay100/delay100_run-5.bag,results_delay_sendTransofrm/amcl_sendTransofrm/delay100/delay_results-5.csv,27.709,19.004,42.303,23.299,,SUCCEEDED,Goal reached.,no,4.435226717,0.270157009,0.191218907,0.219999999,0.29581771,1.480367704,0.025641026,99.991416309,100,112.4,129,0.612068966,7,31.233333333,67,5,0.939036168,0.882233381,0.939509479,1,0,0.38472227,1.367967844,0.129,699,116,30,234,condition_rows_all_recording,245,245,245,100,245,100.416991837,100.311,0.479423082,100.025,100.9282,104.182,245,0.416991837,0.311,0.479423082,0.025,0.9282,4.182,,,126,166,,,,,,,,,,,,,245,126.07755102,126,8.580268665,102,137,166,245,-373.92244898,-374,8.580268665,-398,-363,-334,245,373.92244898,374,8.580268665,334,386.8,398,,,,,,,,,,,,,,,,,,,,,,,,,,,,,,,,,,,,,,,,,,,,,,,,,,,,
T-E2,te2_200ms_run-01,200,1,AMCL TF publication before tfb_->sendTransform(),amcl_sendTransform/delay200/delay200_run-1.bag,amcl_sendTransform/delay200/delay_results-1.csv,results_delay_sendTransofrm/amcl_sendTransofrm/delay200/delay200_run-1.bag,results_delay_sendTransofrm/amcl_sendTransofrm/delay200/delay_results-1.csv,34.172,57.429,80.531,23.102,,SUCCEEDED,Goal reached.,no,4.434058511,0.264692158,0.193118866,0.219999999,0.298943618,1.50595941,0.021551724,100.008658009,100,123.5,161,0.982608696,8,42.275862069,136,5,0.951367338,0.87847115,0.923377453,1,0,0.405691359,1.231732845,0.129,693,115,29,232,condition_rows_all_recording,568,414,414,200,414,200.671439614,200.3015,6.351878133,200.024,200.76995,329.449,414,0.671439614,0.3015,6.351878133,0.024,0.76995,129.449,,,227,336,,,,,,,,,,,,,414,228.142512077,227,18.072666865,166,253.7,336,414,-271.857487923,-273,18.072666865,-334,-246.3,-164,414,271.857487923,273,18.072666865,164,297,334,,,,,,,,,,,,,,,,,,,,,,,,,,,,,,,,,,,,,,,,,,,,,,,,,,,,
T-E2,te2_200ms_run-02,200,2,AMCL TF publication before tfb_->sendTransform(),amcl_sendTransform/delay200/delay200_run-2.bag,amcl_sendTransform/delay200/delay_results-2.csv,results_delay_sendTransofrm/amcl_sendTransofrm/delay200/delay200_run-2.bag,results_delay_sendTransofrm/amcl_sendTransofrm/delay200/delay_results-2.csv,29.427,20.412,44.414,24.002,,SUCCEEDED,Goal reached.,no,4.464189689,0.26084277,0.187012888,0.219999999,0.310679921,1.629918316,0.020746888,100.004166667,100,117.05,131,0.508333333,5,59.21875,160,5,0.943001816,0.87543218,0.92834623,1,0,0.399281809,1.25442493,0.131,720,120,32,241,condition_rows_all_recording,235,235,235,200,235,200.98373617,200.294,9.632181391,200.032,200.8001,347.957,235,0.98373617,0.294,9.632181391,0.032,0.8001,147.957,,,229,356,,,,,,,,,,,,,235,242.604255319,229,34.367682329,151,322.3,356,235,-257.395744681,-271,34.367682329,-349,-177.7,-144,235,257.395744681,271,34.367682329,144,286,349,,,,,,,,,,,,,,,,,,,,,,,,,,,,,,,,,,,,,,,,,,,,,,,,,,,,
T-E2,te2_200ms_run-03,200,3,AMCL TF publication before tfb_->sendTransform(),amcl_sendTransform/delay200/delay200_run-3.bag,amcl_sendTransform/delay200/delay_results-3.csv,results_delay_sendTransofrm/amcl_sendTransofrm/delay200/delay200_run-3.bag,results_delay_sendTransofrm/amcl_sendTransofrm/delay200/delay_results-3.csv,29.26,25.658,49.259,23.601,,SUCCEEDED,Goal reached.,no,4.444780166,0.269047678,0.188608453,0.219999999,0.29083625,1.472396458,0.037974684,100.004237288,100,118.25,142,0.322033898,3,39.75,107,5,0.949392816,0.882541372,0.929585055,1,0,0.399012642,1.121427894,0.142,708,118,28,237,condition_rows_all_recording,267,267,267,200,267,200.335086142,200.28,0.291690349,198.355,200.7269,202.863,267,0.335086142,0.28,0.291690349,-1.645,0.7269,2.863,,,225,309,,,,,,,,,,,,,267,228.247191011,225,21.979970838,78,275,309,267,-271.752808989,-275,21.979970838,-422,-225,-191,267,271.752808989,275,21.979970838,191,293,422,,,,,,,,,,,,,,,,,,,,,,,,,,,,,,,,,,,,,,,,,,,,,,,,,,,,
T-E2,te2_200ms_run-04,200,4,AMCL TF publication before tfb_->sendTransform(),amcl_sendTransform/delay200/delay200_run-4.bag,amcl_sendTransform/delay200/delay_results-4.csv,results_delay_sendTransofrm/amcl_sendTransofrm/delay200/delay200_run-4.bag,results_delay_sendTransofrm/amcl_sendTransofrm/delay200/delay_results-4.csv,27.97,28.639,52.64,24.001,,SUCCEEDED,Goal reached.,no,4.426434726,0.214486554,0.186932188,0.219999999,0.289538571,1.447784147,0.033195021,100,100,118,147,0.541666667,9,54.931034483,151,5,0.825042557,0.745934864,0.904116834,7,4,0.380543029,1.009899378,0.148,720,120,29,241,condition_rows_all_recording,287,287,287,200,287,200.389484321,200.29,0.760751643,200.025,200.6538,212.048,287,0.389484321,0.29,0.760751643,0.025,0.6538,12.048,,,226,361,,,,,,,,,,,,,287,234.839721254,226,33.647214744,59,320.7,361,287,-265.160278746,-274,33.647214744,-441,-179.3,-139,287,265.160278746,274,33.647214744,139,290,441,,,,,,,,,,,,,,,,,,,,,,,,,,,,,,,,,,,,,,,,,,,,,,,,,,,,
T-E2,te2_200ms_run-05,200,5,AMCL TF publication before tfb_->sendTransform(),amcl_sendTransform/delay200/delay200_run-5.bag,amcl_sendTransform/delay200/delay_results-5.csv,results_delay_sendTransofrm/amcl_sendTransofrm/delay200/delay200_run-5.bag,results_delay_sendTransofrm/amcl_sendTransofrm/delay200/delay_results-5.csv,29.603,43.675,67.775,24.1,,SUCCEEDED,Goal reached.,no,4.37331163,0.233257294,0.186135286,0.219999999,0.266377815,1.403115398,0.053719008,100,100,117,137,0.520661157,4,60.379310345,173,5,0.67572648,0.619180415,0.916318115,5,0,0.325193019,1.337299466,0.134,723,121,29,242,condition_rows_all_recording,357,357,357,200,357,200.446554622,200.29,1.305223118,200.025,200.9194,223.945,357,0.446554622,0.29,1.305223118,0.025,0.9194,23.945,,,231,363,,,,,,,,,,,,,357,239.274509804,231,30.255888926,87,318,363,357,-260.725490196,-269,30.255888926,-413,-182,-137,357,260.725490196,269,30.255888926,137,282.2,413,,,,,,,,,,,,,,,,,,,,,,,,,,,,,,,,,,,,,,,,,,,,,,,,,,,,
T-E4,te4_0ms_run-01,0,1,MoveBase::executeCycle() before tc_->computeVelocityCommands(cmd_vel),move_base_computeVelocityCommands/baseline/baseline_run-1.bag,move_base_computeVelocityCommands/baseline/baseline_results-1.csv,results_move_base_computeVelocityCommands/move_base_computeVelocityCommands/baseline/baseline_run-1.bag,results_move_base_computeVelocityCommands/move_base_computeVelocityCommands/baseline/baseline_results-1.csv,29.635,81.526,104.627,23.101,,SUCCEEDED,Goal reached.,no,4.431315894,0.276019305,0.191094859,0.219999999,0.28621269,1.503699976,0.025751073,99.573275862,100,114,135,0.370689655,5,24,47,5,0.964985162,0.902307625,0.935048186,1,0,0.380496172,1.314326406,0.042,693,116,30,233,valid_condition_rows_all_recording,231,231,231,0,231,0.369991342,0.351,0.215420135,0.054,0.719,1.405,231,0.369991342,0.351,0.215420135,0.054,0.719,1.405,100,135,0,6,,,,,,,,,,,,,,,,,,,,,,,,,,,,,,,,,,100,231,0.285714286,0,0.586599846,0,1,6,231,31.66674026,31.759,12.123992491,0.071,46.8745,82.939,231,29.909090909,30,11.916574301,0,46,83,231,29.909090909,30,11.916574301,0,46,83,230,99.82173913,100,10.179114525,46,115.55,135,230,10.13946223,10,1.268589799,7.407407407,11.983648881,21.739130435,0,0,1,0,0,0,0,0,0
T-E4,te4_0ms_run-02,0,2,MoveBase::executeCycle() before tc_->computeVelocityCommands(cmd_vel),move_base_computeVelocityCommands/baseline/baseline_run-2.bag,move_base_computeVelocityCommands/baseline/baseline_results-2.csv,results_move_base_computeVelocityCommands/move_base_computeVelocityCommands/baseline/baseline_run-2.bag,results_move_base_computeVelocityCommands/move_base_computeVelocityCommands/baseline/baseline_results-2.csv,31.132,25.69,49.689,23.999,,SUCCEEDED,Goal reached.,no,4.455687644,0.262123495,0.189432178,0.219999999,0.28752823,1.438160886,0.029045643,99.995833333,100,119,137,0.416666667,6,27.6,64,5,0.820163119,0.750943988,0.915603215,7,4,0.392357647,1.039111853,0.119,720,120,30,241,valid_condition_rows_all_recording,239,239,239,0,239,0.449464435,0.36,0.713120788,0.054,0.8891,9.7,239,0.449464435,0.36,0.713120788,0.054,0.8891,9.7,100,137,0,7,,,,,,,,,,,,,,,,,,,,,,,,,,,,,,,,,,100,239,0.30125523,0,0.69303141,0,1,7,239,31.228129707,31.58,11.490373265,0.069,46.6999,64.422,239,29.330543933,30,11.959821924,0,49.1,59,239,29.334728033,30,11.97041552,0,49.1,60,238,99.920168067,100,12.351648482,67,119.15,137,238,10.168779803,10,1.327162013,7.299270073,12.523734177,14.925373134,0,0,1,0,0,0,0,0,0
T-E4,te4_0ms_run-03,0,3,MoveBase::executeCycle() before tc_->computeVelocityCommands(cmd_vel),move_base_computeVelocityCommands/baseline/baseline_run-3.bag,move_base_computeVelocityCommands/baseline/baseline_results-3.csv,results_move_base_computeVelocityCommands/move_base_computeVelocityCommands/baseline/baseline_run-3.bag,results_move_base_computeVelocityCommands/move_base_computeVelocityCommands/baseline/baseline_results-3.csv,27.557,21.256,44.556,23.3,,SUCCEEDED,Goal reached.,no,4.423071107,0.261407703,0.191224791,0.219999999,0.296180755,1.515001381,0.021459227,99.797413793,100,118,130,0.427350427,4,29.166666667,64,5,0.946384673,0.884653968,0.934772079,1,0,0.393800414,1.192744017,0.147,699,117,30,233,valid_condition_rows_all_recording,232,232,232,0,232,0.42100431,0.323,0.531721825,0.055,0.97365,7.363,232,0.42100431,0.323,0.531721825,0.055,0.97365,7.363,100,130,0,3,,,,,,,,,,,,,,,,,,,,,,,,,,,,,,,,,,100,232,0.271551724,0,0.517621272,0,1,3,232,31.076142241,32.0505,11.182511445,0.076,46.04125,72.047,232,30.288793103,31,11.200968353,0,46,69,232,30.810344828,32,11.409659303,0,46.45,69,231,99.800865801,100,10.4837016,59,116.5,130,231,10.139910912,10,1.171445783,7.692307692,11.979913917,16.949152542,0,0,1,0,0,0,0,0,0
T-E4,te4_0ms_run-04,0,4,MoveBase::executeCycle() before tc_->computeVelocityCommands(cmd_vel),move_base_computeVelocityCommands/baseline/baseline_run-4.bag,move_base_computeVelocityCommands/baseline/baseline_results-4.csv,results_move_base_computeVelocityCommands/move_base_computeVelocityCommands/baseline/baseline_run-4.bag,results_move_base_computeVelocityCommands/move_base_computeVelocityCommands/baseline/baseline_results-4.csv,30.861,38.362,63.066,24.704,,SUCCEEDED,Goal reached.,no,4.455339361,0.259996057,0.182759077,0.219999999,0.312683908,1.718448953,0.024193548,100.016194332,100,120,144,0.43902439,5,20.9375,68,5,0.821312178,0.740346274,0.901418844,3,4,0.376603642,1.22422576,0.144,742,123,32,248,valid_condition_rows_all_recording,246,246,246,0,246,0.468784553,0.388,0.392573319,0.054,0.9855,3.722,246,0.468784553,0.388,0.392573319,0.054,0.9855,3.722,100,133,0,6,,,,,,,,,,,,,,,,,,,,,,,,,,,,,,,,,,100,246,0.264227642,0,0.657221123,0,1,6,246,30.102361789,31.47,12.136069308,0.083,46.7585,64.764,246,29.581300813,31,12.56393835,0,46.75,60,246,29.638211382,31,12.634064871,0,47.75,60,245,99.820408163,100,10.869587962,69,119.4,133,245,10.139791116,10,1.142580158,7.518796992,12.195121951,14.492753623,0,0,1,0,0,0,0,0,0
T-E4,te4_0ms_run-05,0,5,MoveBase::executeCycle() before tc_->computeVelocityCommands(cmd_vel),move_base_computeVelocityCommands/baseline/baseline_run-5.bag,move_base_computeVelocityCommands/baseline/baseline_results-5.csv,results_move_base_computeVelocityCommands/move_base_computeVelocityCommands/baseline/baseline_run-5.bag,results_move_base_computeVelocityCommands/move_base_computeVelocityCommands/baseline/baseline_results-5.csv,34.557,23.12,48.72,25.6,,SUCCEEDED,Goal reached.,no,4.586303586,0.265177369,0.185004473,0.219999999,0.281169846,1.418299511,0.023346304,99.99609375,100,114.25,146,0.375,5,31.379310345,56,5,0.600374048,0.388384117,0.646903573,4,12,0.379213568,1.22263813,0.147,768,128,29,257,valid_condition_rows_all_recording,255,255,255,0,255,0.355435294,0.315,0.253436124,0.054,0.675,2.491,255,0.355435294,0.315,0.253436124,0.054,0.675,2.491,100,136,0,3,,,,,,,,,,,,,,,,,,,,,,,,,,,,,,,,,,100,255,0.309803922,0,0.496148513,0,1,3,255,29.915941176,30.654,10.636915128,0.063,45.2381,71.802,255,28.960784314,30,10.638218104,0,44.3,64,255,28.960784314,30,10.638218104,0,44.3,64,254,99.81496063,100,8.378474007,70,113.35,136,254,10.090294947,10,0.86821108,7.352941176,11.54103181,14.285714286,0,0,1,0,0,0,0,0,0
T-E4,te4_20ms_run-01,20,1,MoveBase::executeCycle() before tc_->computeVelocityCommands(cmd_vel),move_base_computeVelocityCommands/delay20/delay20_run-1.bag,move_base_computeVelocityCommands/delay20/delay_results-1.csv,results_move_base_computeVelocityCommands/move_base_computeVelocityCommands/delay20/delay20_run-1.bag,results_move_base_computeVelocityCommands/move_base_computeVelocityCommands/delay20/delay_results-1.csv,31.591,60,85.2,25.2,,SUCCEEDED,Goal reached.,no,4.507268254,0.262850493,0.178509388,0.219999999,0.295179899,1.724015951,0.071146245,100,100,114,162,0.579365079,5,26.64516129,64,5,0.868388533,0.793410787,0.913658756,3,2,0.380929207,1.388113499,0.162,756,126,31,253,valid_condition_rows_all_recording,251,251,251,20,251,20.445677291,20.283,0.80684835,20.035,20.905,29.757,251,0.445677291,0.283,0.80684835,0.035,0.905,9.757,100,134,20,25,,,,,,,,,,,,,,,,,,,,,,,,,,,,,,,,,,100,251,19.972111554,20,2.000804619,10,23,25,251,27.453111554,28.78,12.904880488,0.174,43.0345,73.352,251,46.342629482,48,12.590875087,17,61.5,91,251,46.573705179,48,12.816143953,17,62.5,91,250,99.856,100,9.250814791,60,115.55,134,250,10.105178098,10,1.00518502,7.462686567,11.703146375,16.666666667,0,0,1,0,0,0,0,0,0
T-E4,te4_20ms_run-02,20,2,MoveBase::executeCycle() before tc_->computeVelocityCommands(cmd_vel),move_base_computeVelocityCommands/delay20/delay20_run-2.bag,move_base_computeVelocityCommands/delay20/delay_results-2.csv,results_move_base_computeVelocityCommands/move_base_computeVelocityCommands/delay20/delay20_run-2.bag,results_move_base_computeVelocityCommands/move_base_computeVelocityCommands/delay20/delay_results-2.csv,30.843,17.807,42.008,24.201,,SUCCEEDED,Goal reached.,no,4.431213613,0.178944558,0.185258951,0.219999999,0.298312583,1.456558851,0.028806584,100.004132231,100,120,158,0.603305785,6,18.7,55,5,0.795576446,0.686731381,0.86318717,7,3,0.401481599,1.237800717,0.158,726,121,30,243,valid_condition_rows_all_recording,241,241,241,20,241,20.489609959,20.327,0.802593264,20.024,21.376,29.052,241,0.489609959,0.327,0.802593264,0.024,1.376,9.052,100,143,20,34,,,,,,,,,,,,,,,,,,,,,,,,,,,,,,,,,,100,241,19.925311203,20,2.44323522,12,23,34,241,30.623717842,31.016,13.424775016,0.101,49.525,113.811,241,48.771784232,49,14.008100057,15,70,123,241,49.199170124,49,14.190730518,15,70,123,240,99.85,100,12.851354877,61,121,143,240,10.19910281,10,1.473884525,6.993006993,13.333333333,16.393442623,0.008298755,0.008298755,1,0,0,0,0,0,0
T-E4,te4_20ms_run-03,20,3,MoveBase::executeCycle() before tc_->computeVelocityCommands(cmd_vel),move_base_computeVelocityCommands/delay20/delay20_run-3.bag,move_base_computeVelocityCommands/delay20/delay_results-3.csv,results_move_base_computeVelocityCommands/move_base_computeVelocityCommands/delay20/delay20_run-3.bag,results_move_base_computeVelocityCommands/move_base_computeVelocityCommands/delay20/delay_results-3.csv,30.267,22.241,46.343,24.102,,SUCCEEDED,Goal reached.,no,4.464601897,0.260842532,0.182796974,0.219999999,0.295924858,1.663786501,0.053497942,99.595041322,100,115,131,0.479338843,5,34.620689655,63,5,0.958783057,0.896115822,0.934638776,1,0,0.383591045,1.212275743,0.05,723,121,29,243,valid_condition_rows_all_recording,241,241,241,20,241,20.720564315,20.412,0.947002841,20.034,22.482,26.949,241,0.720564315,0.412,0.947002841,0.034,2.482,6.949,100,132,20,28,,,,,,,,,,,,,,,,,,,,,,,,,,,,,,,,,,100,241,20.286307054,20,2.414577959,14,25,28,241,28.168551867,30.039,11.459955931,0.088,43.306,51.2,241,47.286307054,49,12.035926223,16,64,73,241,47.456431535,49,12.108845343,16,64,73,240,99.866666667,100,9.764964556,71,115,132,240,10.112038026,10,1.025867252,7.575757576,11.911933448,14.084507042,0,0,1,0,0,0,0,0,0
T-E4,te4_20ms_run-04,20,4,MoveBase::executeCycle() before tc_->computeVelocityCommands(cmd_vel),move_base_computeVelocityCommands/delay20/delay20_run-4.bag,move_base_computeVelocityCommands/delay20/delay_results-4.csv,results_move_base_computeVelocityCommands/move_base_computeVelocityCommands/delay20/delay20_run-4.bag,results_move_base_computeVelocityCommands/move_base_computeVelocityCommands/delay20/delay_results-4.csv,29.145,16.798,40.9,24.102,,SUCCEEDED,Goal reached.,no,4.414121306,0.200677842,0.185109953,0.219999999,0.311137841,1.393391579,0.033057851,100.004149378,100,117,153,0.666666667,17,28.821428571,55,5,0.830442637,0.728034727,0.876682741,5,2,0.407545298,1.288728595,0.153,723,120,28,242,valid_condition_rows_all_recording,240,240,240,20,240,20.438875,20.305,0.69380882,20.029,20.9299,28.171,240,0.438875,0.305,0.69380882,0.029,0.9299,8.171,100,137,20,30,,,,,,,,,,,,,,,,,,,,,,,,,,,,,,,,,,100,240,20.0125,20,2.431455734,6,23,30,240,28.921279167,29.614,11.684729572,0.138,43.6334,82.909,240,47.916666667,48.5,11.792901441,12,63,94,240,48.479166667,49,11.895622737,12,63,94,239,99.828451883,100,9.946910869,63,117,137,239,10.122786829,10,1.090864046,7.299270073,11.764705882,15.873015873,0,0,1,0,0,0,0,0,0
T-E4,te4_20ms_run-05,20,5,MoveBase::executeCycle() before tc_->computeVelocityCommands(cmd_vel),move_base_computeVelocityCommands/delay20/delay20_run-5.bag,move_base_computeVelocityCommands/delay20/delay_results-5.csv,results_move_base_computeVelocityCommands/move_base_computeVelocityCommands/delay20/delay20_run-5.bag,results_move_base_computeVelocityCommands/move_base_computeVelocityCommands/delay20/delay_results-5.csv,35.72,19.869,43.471,23.602,,SUCCEEDED,Goal reached.,no,4.436617484,0.245119989,0.188557033,0.219999999,0.296332205,1.527994862,0.025316456,100.004237288,100,117,153,0.415254237,4,32.333333333,60,5,0.935828879,0.870878005,0.930595352,1,0,0.396940766,1.192791104,0.154,708,118,30,237,valid_condition_rows_all_recording,235,235,235,20,235,20.455651064,20.314,0.648238756,20.029,21.0011,25.328,235,0.455651064,0.314,0.648238756,0.029,1.0011,5.328,100,126,20,26,,,,,,,,,,,,,,,,,,,,,,,,,,,,,,,,,,100,235,20.072340426,20,2.21086112,11,23,26,235,27.411642553,29.08,9.825833124,0.074,38.7009,48.623,235,46.787234043,48,10.317473706,17,60.3,72,235,46.787234043,48,10.317473706,17,60.3,72,234,99.867521368,100,8.994727393,67,114.35,126,234,10.098090013,10,0.958205645,7.936507937,11.863926293,14.925373134,0,0,1,0,0,0,0,0,0
T-E4,te4_50ms_run-01,50,1,MoveBase::executeCycle() before tc_->computeVelocityCommands(cmd_vel),move_base_computeVelocityCommands/delay50/delay50_run-1.bag,move_base_computeVelocityCommands/delay50/delay_results-1.csv,results_move_base_computeVelocityCommands/move_base_computeVelocityCommands/delay50/delay50_run-1.bag,results_move_base_computeVelocityCommands/move_base_computeVelocityCommands/delay50/delay_results-1.csv,29.711,40.28,63.482,23.202,,SUCCEEDED,Goal reached.,no,4.443950721,0.274565846,0.191498312,0.219999999,0.29542969,1.37,0.025862069,100.437229437,100,117,178,0.517241379,4,18.322580645,57,5,0.948288061,0.889500877,0.93800704,1,0,0.390675003,1.308401585,0.179,696,116,31,232,valid_condition_rows_all_recording,230,230,230,50,230,50.53713913,50.3155,1.045650324,50.031,51.24245,60.446,230,0.53713913,0.3155,1.045650324,0.031,1.24245,10.446,100,148,49,62,,,,,,,,,,,,,,,,,,,,,,,,,,,,,,,,,,100,230,48.32173913,49,3.863495772,37,54.55,62,230,30.717526087,30.809,12.852041967,0.07,47.8821,102.933,230,78.439130435,79,13.492460749,42,96,148,230,78.595652174,79,13.616615148,42,96,148,229,100.305676856,100,11.252017874,71,117,148,229,10.095252236,10,1.147480541,6.756756757,12.048192771,14.084507042,0.039130435,0.039130435,1,0,0,0,0,0,0
T-E4,te4_50ms_run-02,50,2,MoveBase::executeCycle() before tc_->computeVelocityCommands(cmd_vel),move_base_computeVelocityCommands/delay50/delay50_run-2.bag,move_base_computeVelocityCommands/delay50/delay_results-2.csv,results_move_base_computeVelocityCommands/move_base_computeVelocityCommands/delay50/delay50_run-2.bag,results_move_base_computeVelocityCommands/move_base_computeVelocityCommands/delay50/delay_results-2.csv,31.25,38.966,62.266,23.3,,SUCCEEDED,Goal reached.,no,4.431319616,0.260901541,0.190543184,0.219999999,0.290478495,1.444419773,0.025641026,100,100,119,186,0.637931034,10,25.607142857,59,5,0.948005119,0.888436981,0.93716475,1,0,0.386549386,1.212464333,0.186,699,116,28,234,valid_condition_rows_all_recording,232,232,232,50,232,50.546732759,50.314,0.873167433,50.031,51.76135,58.645,232,0.546732759,0.314,0.873167433,0.031,1.76135,8.645,99,134,50,60,,,,,,,,,,,,,,,,,,,,,,,,,,,,,,,,,,100,232,49.530172414,50,3.544270905,36,55,60,232,29.87125431,30.1285,11.758639441,0.09,44.7836,77.467,232,78.456896552,78,12.237825289,45,97.45,127,232,78.913793103,79,12.34782275,45,98,127,231,99.861471861,99,11.496609538,75,119,134,231,10.145843081,10.101010101,1.165640294,7.462686567,12.345679012,13.333333333,0.038793103,0.038793103,1,0,0,0,0,0,0
T-E4,te4_50ms_run-03,50,3,MoveBase::executeCycle() before tc_->computeVelocityCommands(cmd_vel),move_base_computeVelocityCommands/delay50/delay50_run-3.bag,move_base_computeVelocityCommands/delay50/delay_results-3.csv,results_move_base_computeVelocityCommands/move_base_computeVelocityCommands/delay50/delay50_run-3.bag,results_move_base_computeVelocityCommands/move_base_computeVelocityCommands/delay50/delay_results-3.csv,29.883,20.406,45.808,25.402,,SUCCEEDED,Goal reached.,no,4.583370446,0.252139956,0.18591428,0.219999999,0.294457444,1.607919552,0.023529412,100.003937008,100,118.35,183,0.448818898,7,23.7,60,5,0.621609423,0.394330091,0.634369551,7,13,0.417029952,1.200670123,0.183,762,127,30,255,valid_condition_rows_all_recording,253,253,253,50,253,50.715636364,50.382,1.074820787,50.051,52.925,57.03,253,0.715636364,0.382,1.074820787,0.051,2.925,7.03,100,135,50,62,,,,,,,,,,,,,,,,,,,,,,,,,,,,,,,,,,100,253,49.636363636,50,3.029318022,42,55,62,253,30.615494071,30.78,11.282045496,0.085,44.759,82.599,253,78.731225296,79,12.063279471,43,95,131,253,79.102766798,79,12.199617491,43,95.4,131,252,99.869047619,100,11.31805288,72,118.45,135,252,10.14300763,10,1.165232164,7.407407407,12.048192771,13.888888889,0.019762846,0.019762846,1,0,0,0,0,0,0
T-E4,te4_50ms_run-04,50,4,MoveBase::executeCycle() before tc_->computeVelocityCommands(cmd_vel),move_base_computeVelocityCommands/delay50/delay50_run-4.bag,move_base_computeVelocityCommands/delay50/delay_results-4.csv,results_move_base_computeVelocityCommands/move_base_computeVelocityCommands/delay50/delay50_run-4.bag,results_move_base_computeVelocityCommands/move_base_computeVelocityCommands/delay50/delay_results-4.csv,31.938,19.094,44.495,25.401,,SUCCEEDED,Goal reached.,no,4.525550931,0.26608184,0.180808092,0.219999999,0.308573271,1.675565151,0.035294118,100,100,116,191,0.566929134,9,16.28125,41,5,0.775313801,0.62105167,0.801032652,7,5,0.381202386,1.171777487,0.191,762,127,32,255,valid_condition_rows_all_recording,253,253,253,50,253,50.42956917,50.302,0.432084565,50.042,51.3066,52.979,253,0.42956917,0.302,0.432084565,0.042,1.3066,2.979,100,127,50,58,,,,,,,,,,,,,,,,,,,,,,,,,,,,,,,,,,100,253,49.956521739,50,2.89397413,42,55,58,253,28.670355731,29.672,12.144740498,0.1,45.8898,67.672,253,77.019762846,79,12.319957545,45,94,118,253,77.636363636,79,12.399524033,45,94,118,252,99.825396825,100,9.579675834,73,116,127,252,10.112978807,10,1.009086358,7.874015748,11.827731092,13.698630137,0.011857708,0.011857708,1,0,0,0,0,0,0
T-E4,te4_50ms_run-05,50,5,MoveBase::executeCycle() before tc_->computeVelocityCommands(cmd_vel),move_base_computeVelocityCommands/delay50/delay50_run-5.bag,move_base_computeVelocityCommands/delay50/delay_results-5.csv,results_move_base_computeVelocityCommands/move_base_computeVelocityCommands/delay50/delay50_run-5.bag,results_move_base_computeVelocityCommands/move_base_computeVelocityCommands/delay50/delay_results-5.csv,31.447,21.298,44.503,23.205,,SUCCEEDED,Goal reached.,no,4.437883493,0.242284849,0.191537659,0.219999999,0.288242144,1.500095591,0.025751073,100.021551724,100,116.45,177,0.431034483,4,35.225806452,57,5,0.942742218,0.879600342,0.93302318,1,0,0.38114925,1.352231622,0.177,696,116,31,233,valid_condition_rows_all_recording,231,231,231,50,231,50.402995671,50.297,0.479406649,50.036,50.901,54.544,231,0.402995671,0.297,0.479406649,0.036,0.901,4.544,100,160,50,59,,,,,,,,,,,,,,,,,,,,,,,,,,,,,,,,,,100,231,49.428571429,50,3.019193262,41,54,59,231,29.148891775,29.27,11.30363984,0.097,42.4345,104.049,231,77.705627706,78,11.837666979,44,94.5,150,231,78.077922078,78,11.900785031,44,94.5,150,230,99.87826087,100,9.926056598,73,115,160,230,10.108032354,10,0.990297237,6.25,11.904761905,13.698630137,0.025974026,0.025974026,1,0,0,0,0,0,0
T-E4,te4_100ms_run-01,100,1,MoveBase::executeCycle() before tc_->computeVelocityCommands(cmd_vel),move_base_computeVelocityCommands/delay100/delay100_run-1.bag,move_base_computeVelocityCommands/delay100/delay_results-1.csv,results_move_base_computeVelocityCommands/move_base_computeVelocityCommands/delay100/delay100_run-1.bag,results_move_base_computeVelocityCommands/move_base_computeVelocityCommands/delay100/delay_results-1.csv,28.16,23.319,46.957,23.638,,SUCCEEDED,Goal reached.,no,4.422423709,0.251499921,0.180738087,0.219999999,0.287553459,1.37,0.052631579,125.068783069,127,143,228,0.739495798,16,17.724137931,68,5,0.924029708,0.857440758,0.927936353,1,0,0.399697607,1.113633752,0.228,709,119,29,190,valid_condition_rows_all_recording,188,188,188,100,188,100.453335106,100.305,0.775580652,100.041,100.866,107.402,188,0.453335106,0.305,0.775580652,0.041,0.866,7.402,127,155,99,115,,,,,,,,,,,,,,,,,,,,,,,,,,,,,,,,,,100,188,98.872340426,99,4.500110617,87,106.65,115,188,26.137526596,28.438,10.930360896,0.092,38.8613,53.299,188,124.372340426,126,12.483130043,91,141,155,188,124.585106383,126.5,12.564196287,91,141,155,187,125.171122995,127,12.337224916,91,141.7,155,187,8.075620098,7.874015748,0.892086823,6.451612903,10.101010101,10.989010989,0.89893617,0.89893617,1,0,0,0,0,0,0
T-E4,te4_100ms_run-02,100,2,MoveBase::executeCycle() before tc_->computeVelocityCommands(cmd_vel),move_base_computeVelocityCommands/delay100/delay100_run-2.bag,move_base_computeVelocityCommands/delay100/delay_results-2.csv,results_move_base_computeVelocityCommands/move_base_computeVelocityCommands/delay100/delay100_run-2.bag,results_move_base_computeVelocityCommands/move_base_computeVelocityCommands/delay100/delay_results-2.csv,40.996,43.449,67.704,24.255,,SUCCEEDED,Goal reached.,no,4.430720877,0.259027421,0.177550603,0.219999999,0.32361445,1.650223324,0.041237113,125.67357513,128,145.8,235,0.537190083,5,30.612903226,39,5,0.878895963,0.805583483,0.916585713,3,1,0.389568642,1.15822506,0.235,728,121,31,194,valid_condition_rows_all_recording,192,192,192,100,192,100.432947917,100.2995,0.539715688,100.034,101.1417,105.455,192,0.432947917,0.2995,0.539715688,0.034,1.1417,5.455,127,162,99,109,,,,,,,,,,,,,,,,,,,,,,,,,,,,,,,,,,100,192,99.171875,99,4.492767967,79,106,109,192,26.865322917,27.783,12.587923441,0.109,46.1819,62.966,192,125.109375,127,13.107030831,79,143.45,162,192,125.432291667,127,13.256850406,79,144.45,162,191,125.764397906,127,13.358300772,79,144.5,162,191,8.050750065,7.874015748,0.955333494,6.172839506,10,12.658227848,0.9375,0.9375,1,0,0,0,0,0,0
T-E4,te4_100ms_run-03,100,3,MoveBase::executeCycle() before tc_->computeVelocityCommands(cmd_vel),move_base_computeVelocityCommands/delay100/delay100_run-3.bag,move_base_computeVelocityCommands/delay100/delay_results-3.csv,results_move_base_computeVelocityCommands/move_base_computeVelocityCommands/delay100/delay100_run-3.bag,results_move_base_computeVelocityCommands/move_base_computeVelocityCommands/delay100/delay_results-3.csv,28.521,22.713,46.441,23.728,,SUCCEEDED,Goal reached.,no,4.444365886,0.238920256,0.183637357,0.219999999,0.312051777,1.488781255,0.037037037,126.212765957,128,143,232,0.596638655,9,25.379310345,64,5,0.871415796,0.790277542,0.906889163,1,1,0.390025559,1.146138668,0.232,712,119,29,189,valid_condition_rows_all_recording,187,187,187,100,187,100.422326203,100.298,0.62595104,100.045,100.8783,106.761,187,0.422326203,0.298,0.62595104,0.045,0.8783,6.761,128,155,100,110,,,,,,,,,,,,,,,,,,,,,,,,,,,,,,,,,,100,187,100.155080214,100,3.694301536,90,106.7,110,187,26.080951872,27.554,10.075414099,0.077,39.6478,48.485,187,125.454545455,127,10.865344839,94,140,153,187,125.860962567,128,11.074621047,94,140.7,155,186,126.327956989,128,11.175019106,94,141.75,155,186,7.98444439,7.8125,0.786581265,6.451612903,9.975247525,10.638297872,0.941176471,0.941176471,1,0,0,0,0,0,0
T-E4,te4_100ms_run-04,100,4,MoveBase::executeCycle() before tc_->computeVelocityCommands(cmd_vel),move_base_computeVelocityCommands/delay100/delay100_run-4.bag,move_base_computeVelocityCommands/delay100/delay_results-4.csv,results_move_base_computeVelocityCommands/move_base_computeVelocityCommands/delay100/delay100_run-4.bag,results_move_base_computeVelocityCommands/move_base_computeVelocityCommands/delay100/delay_results-4.csv,28.499,15.703,39.1,23.397,,SUCCEEDED,Goal reached.,no,4.422273554,0.272885084,0.184733952,0.219999999,0.299590305,1.441630716,0.043010753,126.47027027,128,143.6,240,0.615384615,6,24.310344828,55,5,0.894484455,0.833489154,0.931809546,1,0,0.410459572,1.092703581,0.24,702,117,29,186,valid_condition_rows_all_recording,184,184,184,100,184,100.449293478,100.2905,0.803702192,100.039,101.0734,107.767,184,0.449293478,0.2905,0.803702192,0.039,1.0734,7.767,128,154,100,110,,,,,,,,,,,,,,,,,,,,,,,,,,,,,,,,,,100,184,99.951086957,100,3.88112976,87,106,110,184,26.654755435,28.464,10.001518619,0.093,38.21565,45.456,184,125.75,128,11.214378943,87,141,152,184,126.097826087,128,11.228437534,87,141,152,183,126.540983607,128,11.230218903,87,141,154,183,7.972323894,7.8125,0.798506682,6.493506494,9.900990099,11.494252874,0.945652174,0.945652174,1,0,0,0,0,0,0
T-E4,te4_100ms_run-05,100,5,MoveBase::executeCycle() before tc_->computeVelocityCommands(cmd_vel),move_base_computeVelocityCommands/delay100/delay100_run-5.bag,move_base_computeVelocityCommands/delay100/delay_results-5.csv,results_move_base_computeVelocityCommands/move_base_computeVelocityCommands/delay100/delay100_run-5.bag,results_move_base_computeVelocityCommands/move_base_computeVelocityCommands/delay100/delay_results-5.csv,28.686,20.184,43.471,23.287,,SUCCEEDED,Goal reached.,no,4.423633038,0.241660938,0.186462469,0.219999999,0.288493069,1.432381767,0.032432432,126.559782609,127,142.85,230,0.387931034,4,23.034482759,54,5,0.861267189,0.789812984,0.91703596,1,1,0.351665902,1.22008884,0.23,699,116,29,185,valid_condition_rows_all_recording,183,183,183,100,183,100.444704918,100.281,0.700451205,100.049,100.9569,106.353,183,0.444704918,0.281,0.700451205,0.049,0.9569,6.353,127.5,174,100,113,,,,,,,,,,,,,,,,,,,,,,,,,,,,,,,,,,100,183,99.918032787,100,4.014924419,87,106,113,183,27.068808743,27.457,10.376414327,0.115,40.3075,75.403,183,125.989071038,127,10.905684107,97,141,174,183,126.349726776,127,10.95786573,97,141.9,174,182,126.686813187,127.5,11.024620451,97,142.95,174,182,7.956534088,7.843257874,0.739147245,5.747126437,9.803921569,10.309278351,0.956284153,0.956284153,1,0,0,0,0,0,0
T-E4,te4_200ms_run-01,200,1,MoveBase::executeCycle() before tc_->computeVelocityCommands(cmd_vel),move_base_computeVelocityCommands/delay200/delay200_run-1.bag,move_base_computeVelocityCommands/delay200/delay_results-1.csv,results_move_base_computeVelocityCommands/move_base_computeVelocityCommands/delay200/delay200_run-1.bag,results_move_base_computeVelocityCommands/move_base_computeVelocityCommands/delay200/delay_results-1.csv,29.881,35.543,58.98,23.437,,SUCCEEDED,Goal reached.,no,4.450577713,0.274870723,0.185547728,0.219999999,0.284596346,1.429741074,0.047169811,223.20952381,225,240.4,333,0.709401709,16,25.8,59,5,0.907762241,0.846236761,0.932222913,1,0,0.379212112,1.300668597,0.333,703,117,30,106,valid_condition_rows_all_recording,104,104,104,200,104,200.344692308,200.2965,0.243982773,200.068,200.82175,201.621,104,0.344692308,0.2965,0.243982773,0.068,0.82175,1.621,225,280,198.5,208,,,,,,,,,,,,,,,,,,,,,,,,,,,,,,,,,,100,104,198.086538462,198.5,4.201503607,189,204,208,104,26.462528846,26.479,11.044497626,0.157,39.1448,85.625,104,223.403846154,224.5,11.819450179,191,237,280,104,223.846153846,225,11.871291332,192,237,280,103,224.310679612,225,11.778202804,192,237.9,280,103,4.470333275,4.444444444,0.23701722,3.571428571,5.050505051,5.208333333,1,1,1,0,0,0,0,0,0
T-E4,te4_200ms_run-02,200,2,MoveBase::executeCycle() before tc_->computeVelocityCommands(cmd_vel),move_base_computeVelocityCommands/delay200/delay200_run-2.bag,move_base_computeVelocityCommands/delay200/delay_results-2.csv,results_move_base_computeVelocityCommands/move_base_computeVelocityCommands/delay200/delay200_run-2.bag,results_move_base_computeVelocityCommands/move_base_computeVelocityCommands/delay200/delay_results-2.csv,30.891,54.333,78.63,24.297,,SUCCEEDED,Goal reached.,no,4.501113891,0.24038887,0.181846851,0.219999999,0.294335972,1.455016567,0.045454545,222.908256881,226,237,324,0.581967213,7,20.903225806,63,5,0.741158492,0.576679943,0.778079114,2,1,0.350203266,1.11831522,0.324,729,122,31,110,valid_condition_rows_all_recording,108,108,108,200,108,200.362138889,200.319,0.244068761,200.068,200.65065,201.938,108,0.362138889,0.319,0.244068761,0.068,0.65065,1.938,225,264,198,215,,,,,,,,,,,,,,,,,,,,,,,,,,,,,,,,,,100,108,198.231481481,198,4.917271642,185,205.65,215,108,26.249416667,26.7705,9.956179162,0.12,37.0013,65.686,108,223.425925926,224,10.638673679,195,236,262,108,223.694444444,224.5,10.614272118,195,236,262,107,224.046728972,225,10.640243274,195,236.7,264,107,4.473654407,4.444444444,0.219817951,3.787878788,4.96773558,5.128205128,1,1,1,0,0,0,0,0,0
T-E4,te4_200ms_run-03,200,3,MoveBase::executeCycle() before tc_->computeVelocityCommands(cmd_vel),move_base_computeVelocityCommands/delay200/delay200_run-3.bag,move_base_computeVelocityCommands/delay200/delay_results-3.csv,results_move_base_computeVelocityCommands/move_base_computeVelocityCommands/delay200/delay200_run-3.bag,results_move_base_computeVelocityCommands/move_base_computeVelocityCommands/delay200/delay_results-3.csv,31.109,31.655,56.169,24.514,,SUCCEEDED,Goal reached.,no,4.46522129,0.271160066,0.178849778,0.219999999,0.282510871,1.37,0.063063063,222.854545455,226,241.55,330,0.487804878,5,27.166666667,54,5,0.84684384,0.774608959,0.914701061,3,1,0.39703156,1.189196229,0.33,735,123,30,111,valid_condition_rows_all_recording,109,109,109,200,109,200.345614679,200.278,0.258751343,200.036,200.7094,201.824,109,0.345614679,0.278,0.258751343,0.036,0.7094,1.824,226,253,198,212,,,,,,,,,,,,,,,,,,,,,,,,,,,,,,,,,,100,109,198.412844037,198,4.418418959,186,204,212,109,25.913091743,27.755,11.061410075,0.106,38.619,61.613,109,223.266055046,225,12.321046584,189,240,252,109,223.559633028,225,12.494762749,189,240.6,253,108,223.972222222,226,12.582036099,189,240.65,253,108,4.479573027,4.424778761,0.265632891,3.95256917,5.067169153,5.291005291,1,1,1,0,0,0,0,0,0
T-E4,te4_200ms_run-04,200,4,MoveBase::executeCycle() before tc_->computeVelocityCommands(cmd_vel),move_base_computeVelocityCommands/delay200/delay200_run-4.bag,move_base_computeVelocityCommands/delay200/delay_results-4.csv,results_move_base_computeVelocityCommands/move_base_computeVelocityCommands/delay200/delay200_run-4.bag,results_move_base_computeVelocityCommands/move_base_computeVelocityCommands/delay200/delay_results-4.csv,28.175,25.836,49.204,23.368,,SUCCEEDED,Goal reached.,no,4.439428929,0.258419991,0.184264046,0.219999999,0.295130419,1.37,0.047169811,222.552380952,225,237,342,0.427350427,7,35.25,55,5,0.904501412,0.82946424,0.917040294,1,0,0.393564853,1.125260115,0.342,702,117,28,106,valid_condition_rows_all_recording,104,104,104,200,104,200.355,200.3055,0.247960418,200.093,200.68285,201.833,104,0.355,0.3055,0.247960418,0.093,0.68285,1.833,226,244,198,209,,,,,,,,,,,,,,,,,,,,,,,,,,,,,,,,,,100,104,198.480769231,198,4.421880216,187,205.85,209,104,25.042653846,26.913,9.202648593,0.086,35.17515,38.749,104,222.75,225.5,10.410739414,193,235.85,242,104,223.221153846,226,10.814370815,193,236.85,244,103,223.553398058,226,10.83361522,193,237,244,103,4.484127798,4.424778761,0.228132971,4.098360656,4.997512438,5.18134715,1,1,1,0,0,0,0,0,0
T-E4,te4_200ms_run-05,200,5,MoveBase::executeCycle() before tc_->computeVelocityCommands(cmd_vel),move_base_computeVelocityCommands/delay200/delay200_run-5.bag,move_base_computeVelocityCommands/delay200/delay_results-5.csv,results_move_base_computeVelocityCommands/move_base_computeVelocityCommands/delay200/delay200_run-5.bag,results_move_base_computeVelocityCommands/move_base_computeVelocityCommands/delay200/delay_results-5.csv,34.222,18.788,46.966,28.178,,SUCCEEDED,Goal reached.,no,5.149638088,0.260309368,0.184412776,0.219999999,0.295884646,1.397909408,0.03968254,225.4,226,245.8,331,0.432624113,3,19.303030303,76,5,0.681685874,0.543251132,0.796922971,2,17,0.350653654,1.10051012,0.334,845,141,33,126,valid_condition_rows_all_recording,124,124,124,200,124,200.406362903,200.3315,0.444807885,200.028,200.8519,203.408,124,0.406362903,0.3315,0.444807885,0.028,0.8519,3.408,226,281,198,216,,,,,,,,,,,,,,,,,,,,,,,,,,,,,,,,,,100,124,198.080645161,198,6.276290104,156,206,216,124,28.271201613,28.65,11.877907394,0.113,42.4156,89.987,124,225.379032258,225,12.187286953,191,243.85,281,124,225.975806452,225.5,12.453793434,191,243.85,281,123,226.349593496,226,12.477510089,191,243.9,281,123,4.431253683,4.424778761,0.245253188,3.558718861,4.987804878,5.235602094,1,1,1,0,0,0,0,0,0
T-E4,te4_500ms_run-01,500,1,MoveBase::executeCycle() before tc_->computeVelocityCommands(cmd_vel),move_base_computeVelocityCommands/delay500/delay500_run-1.bag,move_base_computeVelocityCommands/delay500/delay_results-1.csv,results_move_base_computeVelocityCommands/move_base_computeVelocityCommands/delay500/delay500_run-1.bag,results_move_base_computeVelocityCommands/move_base_computeVelocityCommands/delay500/delay_results-1.csv,32.268,20.891,48.401,27.51,,SUCCEEDED,Goal reached.,no,4.701305065,0.253333718,0.163130097,0.219999999,0.367973511,1.37,0.090909091,509.444444444,520,537.7,637,0.471014493,6,29.85,56,5,0.757802721,0.59884589,0.790239826,1,0,0.44939488,1.054240942,0.637,825,138,40,55,valid_condition_rows_all_recording,53,53,53,500,53,500.300735849,500.239,0.236187356,500.027,500.6894,501.372,53,0.300735849,0.239,0.236187356,0.027,0.6894,1.372,520,547,494,510,,,,,,,,,,,,,,,,,,,,,,,,,,,,,,,,,,100,53,493.79245283,494,6.443119438,478,504,510,53,23.741830189,25.572,12.204696331,0.105,41.0436,47.474,53,516.490566038,520,13.854494746,478,535.2,542,53,516.679245283,520,13.965305341,478,535.2,544,52,516.826923077,520,13.927995723,478,534.25,547,52,1.936289462,1.923076923,0.053223588,1.828153565,2.03853028,2.092050209,1,1,1,0,0,0,0,0,0
T-E4,te4_500ms_run-02,500,2,MoveBase::executeCycle() before tc_->computeVelocityCommands(cmd_vel),move_base_computeVelocityCommands/delay500/delay500_run-2.bag,move_base_computeVelocityCommands/delay500/delay_results-2.csv,results_move_base_computeVelocityCommands/move_base_computeVelocityCommands/delay500/delay500_run-2.bag,results_move_base_computeVelocityCommands/move_base_computeVelocityCommands/delay500/delay_results-2.csv,36.426,24.45,56.937,32.487,,SUCCEEDED,Goal reached.,no,4.962364897,0.263348043,0.146550222,0.219999999,0.407145494,1.37,0.107692308,507.609375,518,532.55,632,0.472392638,8,15.583333333,44,5,0.635869485,0.461486521,0.725756671,1,2,0.451596346,0.922448754,0.632,975,163,48,65,valid_condition_rows_all_recording,63,63,63,500,63,500.357365079,500.288,0.283111417,500.102,500.7746,502.056,63,0.357365079,0.288,0.283111417,0.102,0.7746,2.056,518,558,493,506,,,,,,,,,,,,,,,,,,,,,,,,,,,,,,,,,,100,63,492.841269841,493,5.403721386,473,502.8,506,63,20.97331746,24.627,13.311788078,0.098,36.2195,57.768,63,513.301587302,517,14.769885361,487,531.9,557,63,513.492063492,518,14.867015901,487,531.9,557,62,513.774193548,518,14.83617572,487,530.95,558,62,1.947992261,1.930501931,0.056777148,1.792114695,2.0489708,2.05338809,1,1,1,0,0,0,0,0,0
T-E4,te4_500ms_run-03,500,3,MoveBase::executeCycle() before tc_->computeVelocityCommands(cmd_vel),move_base_computeVelocityCommands/delay500/delay500_run-3.bag,move_base_computeVelocityCommands/delay500/delay_results-3.csv,results_move_base_computeVelocityCommands/move_base_computeVelocityCommands/delay500/delay500_run-3.bag,results_move_base_computeVelocityCommands/move_base_computeVelocityCommands/delay500/delay_results-3.csv,67.498,22.469,,,64.756,NO_RESULT,,no,4.666004964,0.283854544,0.04557558,0.219999999,0.630980347,1.37,0.357512953,335.317708333,490.5,526.45,633,0.422839506,6,15.192982456,44,5,0.790692907,0.673097326,0.851275281,1,0,0.43349426,0.964931965,0.633,1943,324,57,193,valid_condition_rows_all_recording,138,138,138,500,138,500.297862319,500.275,0.163388132,500.038,500.59455,500.802,138,0.297862319,0.275,0.163388132,0.038,0.59455,0.802,496,538,493,506,,,,,,,,,,,,,,,,,,,,,,,,,,,,,,,,,,100,138,489.101449275,493,38.468546229,46,502,506,138,9.165934783,0.411,13.593146205,0.084,33.80865,49.848,138,497.623188406,496,41.441050014,46,528.15,533,138,497.782608696,496,41.519626725,46,528.15,538,137,497.883211679,496,41.532599828,47,527.2,538,137,2.137654679,2.016129032,1.648190896,1.858736059,2.071252459,21.276595745,0.992753623,0.992753623,1,0,0,0,0,0,0
T-E4,te4_500ms_run-04,500,4,MoveBase::executeCycle() before tc_->computeVelocityCommands(cmd_vel),move_base_computeVelocityCommands/delay500/delay500_run-4.bag,move_base_computeVelocityCommands/delay500/delay_results-4.csv,results_move_base_computeVelocityCommands/move_base_computeVelocityCommands/delay500/delay500_run-4.bag,results_move_base_computeVelocityCommands/move_base_computeVelocityCommands/delay500/delay_results-4.csv,35.755,26.892,54.35,27.458,,SUCCEEDED,Goal reached.,no,4.595616562,0.271819323,0.161638953,0.219999999,0.35122423,1.37,0.111111111,518.075471698,519,532.4,629,0.347826087,4,33.055555556,54,5,0.792440728,0.678138287,0.855759003,1,0,0.429728255,0.982403755,0.629,824,138,36,54,valid_condition_rows_all_recording,53,53,53,500,53,500.332754717,500.303,0.188659023,500.044,500.6072,501.142,53,0.332754717,0.303,0.188659023,0.044,0.6072,1.142,519,541,494,503,,,,,,,,,,,,,,,,,,,,,,,,,,,,,,,,,,100,53,493.962264151,494,4.827653771,482,501,503,53,21.914716981,25.174,12.099504836,0.092,33.0562,43.349,53,515.358490566,518,12.669002662,488,531,540,53,515.641509434,518,12.828895179,488,531.4,540,52,516,519,13.132805802,488,532,541,52,1.9392368,1.926782274,0.050187945,1.848428835,2.033986008,2.049180328,1,1,1,0,0,0,0,0,0
T-E4,te4_500ms_run-05,500,5,MoveBase::executeCycle() before tc_->computeVelocityCommands(cmd_vel),move_base_computeVelocityCommands/delay500/delay500_run-5.bag,move_base_computeVelocityCommands/delay500/delay_results-5.csv,results_move_base_computeVelocityCommands/move_base_computeVelocityCommands/delay500/delay500_run-5.bag,results_move_base_computeVelocityCommands/move_base_computeVelocityCommands/delay500/delay_results-5.csv,32.76,39.699,65.722,26.023,,SUCCEEDED,Goal reached.,no,4.680802418,0.274398118,0.172657203,0.219999999,0.275964884,1.37,0.115384615,510.254901961,519,538,630,0.461538462,5,16.121212121,47,5,0.817437038,0.690040738,0.844151544,1,0,0.466458647,0.914646029,0.63,781,130,33,52,valid_condition_rows_all_recording,50,50,50,500,50,500.355,500.2735,0.361865518,500.057,500.7073,502.465,50,0.355,0.2735,0.361865518,0.057,0.7073,2.465,518,542,493.5,506,,,,,,,,,,,,,,,,,,,,,,,,,,,,,,,,,,100,50,494.42,493.5,6.633526473,478,505,506,50,24.67028,26.356,10.378245607,0.097,37.1568,43.631,50,517.76,518.5,12.181551793,482,534.55,542,50,518.08,518.5,12.376475381,482,537.2,542,49,518.204081633,518,12.330483215,483,537.8,542,49,1.930825477,1.930501931,0.046525316,1.84501845,2.009677419,2.070393375,1,1,1,0,0,0,0,0,0
T-E4,te4_1000ms_run-01,1000,1,MoveBase::executeCycle() before tc_->computeVelocityCommands(cmd_vel),move_base_computeVelocityCommands/delay1000/delay1000_run-1.bag,move_base_computeVelocityCommands/delay1000/delay_results-1.csv,results_move_base_computeVelocityCommands/move_base_computeVelocityCommands/delay1000/delay1000_run-1.bag,results_move_base_computeVelocityCommands/move_base_computeVelocityCommands/delay1000/delay_results-1.csv,57.63,20.123,,,54.399,NO_RESULT,,no,6.045514963,0.223871082,0.084274894,0.219999999,0.485230097,1.37,0.273972603,751.361111111,991,1021.35,1101,0.338235294,4,30.52,56,5,0.496523291,0.07853592,0.158171673,0,2,0.24506289,0.603675604,1.101,1632,272,50,73,valid_condition_rows_all_recording,57,57,56,1000,56,1000.314553571,1000.292,0.190094419,1000.057,1000.6085,1001.065,56,0.314553571,0.292,0.190094419,0.057,0.6085,1.065,1006,1030,984,999,,,,,,,,,,,,,,,,,,,,,,,,,,,,,,,,,,100,56,981.732142857,984,22.242866944,828,996.25,999,56,14.741642857,19.7435,12.177383525,0.281,29.41225,41.029,56,996.017857143,1004.5,28.090432581,828,1021.5,1030,56,996.107142857,1004.5,28.138410223,828,1021.5,1030,55,996.309090909,1006,28.515669979,828,1023,1030,55,1.004616728,0.994035785,0.032573028,0.970873786,1.031991744,1.207729469,1,1,1,0,0,1,1,0,0
T-E4,te4_1000ms_run-02,1000,2,MoveBase::executeCycle() before tc_->computeVelocityCommands(cmd_vel),move_base_computeVelocityCommands/delay1000/delay1000_run-2.bag,move_base_computeVelocityCommands/delay1000/delay_results-2.csv,results_move_base_computeVelocityCommands/move_base_computeVelocityCommands/delay1000/delay1000_run-2.bag,results_move_base_computeVelocityCommands/move_base_computeVelocityCommands/delay1000/delay_results-2.csv,40.936,25.085,59.643,34.558,,SUCCEEDED,Goal reached.,no,5.654772327,0.240525052,0.160033852,0.219999999,0.31834802,0.921463966,0.111111111,987.371428571,1015,1030,1126,0.36416185,5,24.170731707,62,5,0.608720365,0.490347442,0.805538094,0,0,0.49067629,0.921463966,1.126,1037,173,41,36,valid_condition_rows_all_recording,34,34,34,1000,34,1000.294058824,1000.222,0.169928852,1000.062,1000.6252,1000.725,34,0.294058824,0.222,0.169928852,0.062,0.6252,0.725,1015,1030,987.5,997,,,,,,,,,,,,,,,,,,,,,,,,,,,,,,,,,,100,34,987.676470588,987.5,6.231496674,976,997,997,34,26.014647059,27.483,8.262626216,0.084,35.8495,36.981,34,1012.5,1014.5,9.714874568,987,1025.35,1030,34,1012.911764706,1014.5,9.780523773,987,1026,1030,33,1013.060606061,1015,9.851838007,987,1028.2,1030,33,0.987198989,0.985221675,0.009673598,0.970873786,1.005635445,1.013171226,1,1,1,0,0,0,0,0,0
T-E4,te4_1000ms_run-03,1000,3,MoveBase::executeCycle() before tc_->computeVelocityCommands(cmd_vel),move_base_computeVelocityCommands/delay1000/delay1000_run-3.bag,move_base_computeVelocityCommands/delay1000/delay_results-3.csv,results_move_base_computeVelocityCommands/move_base_computeVelocityCommands/delay1000/delay1000_run-3.bag,results_move_base_computeVelocityCommands/move_base_computeVelocityCommands/delay1000/delay_results-3.csv,44.131,15.755,54.187,38.432,,SUCCEEDED,Goal reached.,no,5.621929785,0.190138072,0.142835026,0.219999999,0.405551462,1.37,0.125,985.153846154,1011,1032.1,1120,0.348958333,7,27.266666667,64,5,0.667130175,0.523989066,0.785437514,0,0,0.490288073,0.921456158,1.123,1153,192,60,40,valid_condition_rows_all_recording,38,38,38,1000,38,1000.355815789,1000.315,0.245677646,1000.049,1000.87715,1000.981,38,0.355815789,0.315,0.245677646,0.049,0.87715,0.981,1012,1033,986.5,1000,,,,,,,,,,,,,,,,,,,,,,,,,,,,,,,,,,100,38,985.473684211,986.5,6.966083246,965,995,1000,38,22.848973684,25.3595,11.091525078,0.123,37.2802,41.673,38,1007.710526316,1012,15.312789028,966,1026.45,1030,38,1008.157894737,1012,15.825955956,966,1030.3,1033,37,1008.081081081,1012,15.918853913,966,1031.2,1033,37,0.992227666,0.988142292,0.015881666,0.968054211,1.022913943,1.035196687,1,1,1,0,0,0,0,0,0
T-E4,te4_1000ms_run-04,1000,4,MoveBase::executeCycle() before tc_->computeVelocityCommands(cmd_vel),move_base_computeVelocityCommands/delay1000/delay1000_run-4.bag,move_base_computeVelocityCommands/delay1000/delay_results-4.csv,results_move_base_computeVelocityCommands/move_base_computeVelocityCommands/delay1000/delay1000_run-4.bag,results_move_base_computeVelocityCommands/move_base_computeVelocityCommands/delay1000/delay_results-4.csv,51.243,24.056,69.594,45.538,,SUCCEEDED,Goal reached.,no,6.473161491,0.139415219,0.140290807,0.219999999,0.367850511,1.37,0.127659574,989.869565217,1013,1025.75,1114,0.289473684,4,29.030769231,58,5,0.689456003,0.567875617,0.823657513,0,0,0.449481446,0.861146569,1.118,1366,228,65,47,valid_condition_rows_all_recording,45,45,45,1000,45,1000.329911111,1000.246,0.249232715,1000.028,1000.7944,1001.181,45,0.329911111,0.246,0.249232715,0.028,0.7944,1.181,1013.5,1030,987,999,,,,,,,,,,,,,,,,,,,,,,,,,,,,,,,,,,100,45,986.377777778,987,7.046239774,969,995.8,999,45,22.151133333,24.358,10.637514227,0.103,32.5154,39.809,45,1008.733333333,1012,14.018494278,969,1024.6,1026,45,1009.2,1013,14.245573475,969,1024.6,1030,44,1009.568181818,1013.5,14.30465484,969,1024.7,1030,44,0.990720124,0.986680063,0.0142738,0.970873786,1.019631203,1.031991744,1,1,1,0,0,0,0,0,0
T-E4,te4_1000ms_run-05,1000,5,MoveBase::executeCycle() before tc_->computeVelocityCommands(cmd_vel),move_base_computeVelocityCommands/delay1000/delay1000_run-5.bag,move_base_computeVelocityCommands/delay1000/delay_results-5.csv,results_move_base_computeVelocityCommands/move_base_computeVelocityCommands/delay1000/delay1000_run-5.bag,results_move_base_computeVelocityCommands/move_base_computeVelocityCommands/delay1000/delay_results-5.csv,46.584,43.498,74.871,31.373,,SUCCEEDED,Goal reached.,no,4.926963877,0.285836965,0.14932239,0.219999999,0.353259844,1.37,0.151515152,980.375,1011,1027.15,1106,0.337579618,4,22.936170213,53,5,0.666287071,0.549851657,0.825247376,0,0,0.43331008,0.794947326,1.107,941,157,47,33,valid_condition_rows_all_recording,31,31,31,1000,31,1000.317290323,1000.286,0.210686369,1000.061,1000.545,1001.182,31,0.317290323,0.286,0.210686369,0.061,0.545,1.182,1011,1031,988,997,,,,,,,,,,,,,,,,,,,,,,,,,,,,,,,,,,100,31,988.129032258,988,5.064529827,975,995,997,31,20.496032258,23.783,10.852801747,0.093,32.2075,38.031,31,1007.870967742,1010,11.029481509,984,1022,1031,31,1008.129032258,1010,11.155691927,984,1022,1031,30,1008.833333333,1011,11.240577152,984,1022.1,1031,30,0.991363787,0.989119683,0.011121508,0.969932105,1.012354785,1.016260163,1,1,1,0,0,0,0,0,0
