event_index,costmap_name,ros_before_sleep_sec,ros_update_start_sec,ros_update_complete_sec,ros_elapsed_during_sleep_ms,nominal_update_period_ms,previous_update_age_before_refresh_ms,update_duration_ms,update_completion_interval_ms,update_temporal_displacement_ms,requested_delay_us,measured_delay_us,delay_error_us
0,local_costmap,28.278000000,28.278000000,28.278000000,0.000000000,100.000000000,-1.000000000,0.176231000,-1.000000000,-1.000000000,0,0,0
1,local_costmap,28.378000000,28.378000000,28.378000000,0.000000000,100.000000000,99.565198000,0.001625000,99.566823000,-0.433177000,0,0,0
2,local_costmap,28.478000000,28.478000000,28.478000000,0.000000000,100.000000000,92.702522000,0.166334000,92.868856000,-7.131144000,0,0,0
3,local_costmap,28.578000000,28.578000000,28.578000000,0.000000000,100.000000000,101.468344000,4.132344000,105.600688000,5.600688000,0,0,0
4,local_costmap,28.678000000,28.678000000,28.678000000,0.000000000,100.000000000,101.927778000,2.513448000,104.441226000,4.441226000,0,0,0
5,local_costmap,28.778000000,28.778000000,28.778000000,0.000000000,100.000000000,94.087494000,2.185233000,96.272727000,-3.727273000,0,0,0
6,local_costmap,28.879000000,28.879000000,28.879000000,0.000000000,100.000000000,101.131799000,1.968925000,103.100724000,3.100724000,0,0,0
7,local_costmap,28.978000000,28.978000000,28.978000000,0.000000000,100.000000000,93.354108000,2.980238000,96.334346000,-3.665654000,0,0,0
8,local_costmap,29.078000000,29.078000000,29.080000000,0.000000000,100.000000000,100.510296000,2.003691000,102.513987000,2.513987000,0,0,0
9,local_costmap,29.178000000,29.178000000,29.181000000,0.000000000,100.000000000,99.495393000,2.361514000,101.856907000,1.856907000,0,0,0
10,local_costmap,29.278000000,29.278000000,29.280000000,0.000000000,100.000000000,108.425388000,2.288169000,110.713557000,10.713557000,0,0,0
11,local_costmap,29.382000000,29.382000000,29.384000000,0.000000000,100.000000000,99.343711000,2.030709000,101.374420000,1.374420000,0,0,0
12,local_costmap,29.478000000,29.478000000,29.478000000,0.000000000,100.000000000,119.842028000,2.089523000,121.931551000,21.931551000,0,0,0
13,local_costmap,29.578000000,29.578000000,29.578000000,0.000000000,100.000000000,93.061098000,2.034532000,95.095630000,-4.904370000,0,0,0
14,local_costmap,29.679000000,29.679000000,29.679000000,0.000000000,100.000000000,93.369945000,2.485519000,95.855464000,-4.144536000,0,0,0
15,local_costmap,29.778000000,29.778000000,29.780000000,0.000000000,100.000000000,92.606295000,2.060071000,94.666366000,-5.333634000,0,0,0
16,local_costmap,29.879000000,29.879000000,29.881000000,0.000000000,100.000000000,102.953300000,2.203005000,105.156305000,5.156305000,0,0,0
17,local_costmap,29.978000000,29.978000000,29.978000000,0.000000000,100.000000000,100.293098000,2.418737000,102.711835000,2.711835000,0,0,0
18,local_costmap,30.078000000,30.078000000,30.078000000,0.000000000,100.000000000,91.470802000,2.326155000,93.796957000,-6.203043000,0,0,0
19,local_costmap,30.178000000,30.178000000,30.178000000,0.000000000,100.000000000,103.364535000,2.474915000,105.839450000,5.839450000,0,0,0
20,local_costmap,30.278000000,30.278000000,30.278000000,0.000000000,100.000000000,90.921382000,2.591379000,93.512761000,-6.487239000,0,0,0
21,local_costmap,30.378000000,30.378000000,30.380000000,0.000000000,100.000000000,101.613521000,2.073997000,103.687518000,3.687518000,0,0,0
22,local_costmap,30.478000000,30.478000000,30.478000000,0.000000000,100.000000000,114.364457000,2.058441000,116.422898000,16.422898000,0,0,0
23,local_costmap,30.579000000,30.579000000,30.579000000,0.000000000,100.000000000,92.133882000,2.092054000,94.225936000,-5.774064000,0,0,0
24,local_costmap,30.679000000,30.679000000,30.679000000,0.000000000,100.000000000,98.119586000,2.047331000,100.166917000,0.166917000,0,0,0
25,local_costmap,30.778000000,30.778000000,30.778000000,0.000000000,100.000000000,99.170442000,2.068113000,101.238555000,1.238555000,0,0,0
26,local_costmap,30.878000000,30.878000000,30.878000000,0.000000000,100.000000000,92.560533000,2.791725000,95.352258000,-4.647742000,0,0,0
27,local_costmap,30.978000000,30.978000000,30.978000000,0.000000000,100.000000000,97.941537000,3.053214000,100.994751000,0.994751000,0,0,0
28,local_costmap,31.078000000,31.078000000,31.078000000,0.000000000,100.000000000,102.983600000,2.445284000,105.428884000,5.428884000,0,0,0
29,local_costmap,31.178000000,31.178000000,31.179000000,0.000000000,100.000000000,94.704832000,2.428511000,97.133343000,-2.866657000,0,0,0
30,local_costmap,31.278000000,31.278000000,31.278000000,0.000000000,100.000000000,92.046679000,2.545191000,94.591870000,-5.408130000,0,0,0
31,local_costmap,31.378000000,31.378000000,31.378000000,0.000000000,100.000000000,102.096678000,2.467128000,104.563806000,4.563806000,0,0,0
32,local_costmap,31.479000000,31.479000000,31.479000000,0.000000000,100.000000000,101.564298000,2.531028000,104.095326000,4.095326000,0,0,0
33,local_costmap,31.579000000,31.579000000,31.579000000,0.000000000,100.000000000,97.015825000,2.424469000,99.440294000,-0.559706000,0,0,0
34,local_costmap,31.678000000,31.678000000,31.680000000,0.000000000,100.000000000,95.816367000,2.585593000,98.401960000,-1.598040000,0,0,0
35,local_costmap,31.778000000,31.778000000,31.781000000,0.000000000,100.000000000,95.389718000,2.474868000,97.864586000,-2.135414000,0,0,0
36,local_costmap,31.879000000,31.879000000,31.881000000,0.000000000,100.000000000,103.342576000,2.464653000,105.807229000,5.807229000,0,0,0
37,local_costmap,31.978000000,31.978000000,31.978000000,0.000000000,100.000000000,95.700544000,2.067407000,97.767951000,-2.232049000,0,0,0
38,local_costmap,32.078000000,32.078000000,32.078000000,0.000000000,100.000000000,98.460537000,2.110936000,100.571473000,0.571473000,0,0,0
39,local_costmap,32.179000000,32.179000000,32.179000000,0.000000000,100.000000000,105.520094000,2.078545000,107.598639000,7.598639000,0,0,0
40,local_costmap,32.278000000,32.278000000,32.278000000,0.000000000,100.000000000,89.914579000,2.033903000,91.948482000,-8.051518000,0,0,0
41,local_costmap,32.378000000,32.378000000,32.378000000,0.000000000,100.000000000,100.258749000,2.386012000,102.644761000,2.644761000,0,0,0
42,local_costmap,32.478000000,32.478000000,32.478000000,0.000000000,100.000000000,100.379307000,2.420218000,102.799525000,2.799525000,0,0,0
43,local_costmap,32.578000000,32.578000000,32.581000000,0.000000000,100.000000000,92.790597000,1.991841000,94.782438000,-5.217562000,0,0,0
44,local_costmap,32.678000000,32.678000000,32.681000000,0.000000000,100.000000000,96.358406000,2.739975000,99.098381000,-0.901619000,0,0,0
45,local_costmap,32.778000000,32.778000000,32.781000000,0.000000000,100.000000000,101.284528000,2.355687000,103.640215000,3.640215000,0,0,0
46,local_costmap,32.878000000,32.878000000,32.881000000,0.000000000,100.000000000,99.411371000,2.257188000,101.668559000,1.668559000,0,0,0
47,local_costmap,32.978000000,32.978000000,32.980000000,0.000000000,100.000000000,102.576357000,2.369782000,104.946139000,4.946139000,0,0,0
48,local_costmap,33.078000000,33.078000000,33.081000000,0.000000000,100.000000000,102.594590000,2.396077000,104.990667000,4.990667000,0,0,0
49,local_costmap,33.178000000,33.178000000,33.178000000,0.000000000,100.000000000,109.509848000,2.026836000,111.536684000,11.536684000,0,0,0
50,local_costmap,33.278000000,33.278000000,33.281000000,0.000000000,100.000000000,101.250240000,2.482699000,103.732939000,3.732939000,0,0,0
51,local_costmap,33.378000000,33.378000000,33.378000000,0.000000000,100.000000000,89.956130000,2.099399000,92.055529000,-7.944471000,0,0,0
52,local_costmap,33.478000000,33.478000000,33.481000000,0.000000000,100.000000000,101.597266000,2.598570000,104.195836000,4.195836000,0,0,0
53,local_costmap,33.578000000,33.578000000,33.580000000,0.000000000,100.000000000,93.816502000,1.967448000,95.783950000,-4.216050000,0,0,0
54,local_costmap,33.679000000,33.679000000,33.679000000,0.000000000,100.000000000,101.205417000,2.065419000,103.270836000,3.270836000,0,0,0
55,local_costmap,33.778000000,33.778000000,33.778000000,0.000000000,100.000000000,98.464507000,2.014944000,100.479451000,0.479451000,0,0,0
56,local_costmap,33.879000000,33.879000000,33.881000000,0.000000000,100.000000000,99.319313000,2.006749000,101.326062000,1.326062000,0,0,0
57,local_costmap,33.980000000,33.980000000,33.983000000,0.000000000,100.000000000,99.403246000,2.377643000,101.780889000,1.780889000,0,0,0
58,local_costmap,34.078000000,34.078000000,34.078000000,0.000000000,100.000000000,100.081865000,2.025846000,102.107711000,2.107711000,0,0,0
59,local_costmap,34.179000000,34.179000000,34.179000000,0.000000000,100.000000000,89.095866000,2.356131000,91.451997000,-8.548003000,0,0,0
60,local_costmap,34.278000000,34.278000000,34.278000000,0.000000000,100.000000000,92.835190000,2.361295000,95.196485000,-4.803515000,0,0,0
61,local_costmap,34.379000000,34.379000000,34.381000000,0.000000000,100.000000000,104.167346000,2.223136000,106.390482000,6.390482000,0,0,0
62,local_costmap,34.478000000,34.478000000,34.481000000,0.000000000,100.000000000,96.287590000,3.106856000,99.394446000,-0.605554000,0,0,0
63,local_costmap,34.578000000,34.578000000,34.580000000,0.000000000,100.000000000,96.732278000,2.200241000,98.932519000,-1.067481000,0,0,0
64,local_costmap,34.678000000,34.678000000,34.680000000,0.000000000,100.000000000,100.220430000,2.158170000,102.378600000,2.378600000,0,0,0
65,local_costmap,34.778000000,34.778000000,34.780000000,0.000000000,100.000000000,95.928100000,2.129363000,98.057463000,-1.942537000,0,0,0
66,local_costmap,34.879000000,34.879000000,34.880000000,0.000000000,100.000000000,98.933421000,2.217328000,101.150749000,1.150749000,0,0,0
67,local_costmap,34.979000000,34.979000000,34.979000000,0.000000000,100.000000000,110.814073000,2.430902000,113.244975000,13.244975000,0,0,0
68,local_costmap,35.078000000,35.078000000,35.078000000,0.000000000,100.000000000,96.445493000,2.360818000,98.806311000,-1.193689000,0,0,0
69,local_costmap,35.179000000,35.179000000,35.179000000,0.000000000,100.000000000,96.653296000,2.408851000,99.062147000,-0.937853000,0,0,0
70,local_costmap,35.278000000,35.278000000,35.280000000,0.000000000,100.000000000,102.179957000,2.014423000,104.194380000,4.194380000,0,0,0
71,local_costmap,35.379000000,35.379000000,35.381000000,0.000000000,100.000000000,94.180198000,2.045424000,96.225622000,-3.774378000,0,0,0
72,local_costmap,35.479000000,35.479000000,35.481000000,0.000000000,100.000000000,102.109616000,2.129062000,104.238678000,4.238678000,0,0,0
73,local_costmap,35.578000000,35.578000000,35.580000000,0.000000000,100.000000000,100.595849000,2.046652000,102.642501000,2.642501000,0,0,0
74,local_costmap,35.678000000,35.678000000,35.678000000,0.000000000,100.000000000,97.189541000,2.025275000,99.214816000,-0.785184000,0,0,0
75,local_costmap,35.778000000,35.778000000,35.778000000,0.000000000,100.000000000,92.535545000,2.463583000,94.999128000,-5.000872000,0,0,0
76,local_costmap,35.879000000,35.879000000,35.879000000,0.000000000,100.000000000,98.729527000,2.350396000,101.079923000,1.079923000,0,0,0
77,local_costmap,35.978000000,35.978000000,35.978000000,0.000000000,100.000000000,98.237720000,2.313173000,100.550893000,0.550893000,0,0,0
78,local_costmap,36.079000000,36.079000000,36.082000000,0.000000000,100.000000000,101.055953000,2.365027000,103.420980000,3.420980000,0,0,0
79,local_costmap,36.178000000,36.178000000,36.180000000,0.000000000,100.000000000,98.704039000,2.207611000,100.911650000,0.911650000,0,0,0
80,local_costmap,36.279000000,36.279000000,36.279000000,0.000000000,100.000000000,97.439029000,2.296863000,99.735892000,-0.264108000,0,0,0
81,local_costmap,36.378000000,36.378000000,36.378000000,0.000000000,100.000000000,102.120115000,1.999263000,104.119378000,4.119378000,0,0,0
82,local_costmap,36.478000000,36.478000000,36.478000000,0.000000000,100.000000000,100.379653000,1.995832000,102.375485000,2.375485000,0,0,0
83,local_costmap,36.578000000,36.578000000,36.580000000,0.000000000,100.000000000,96.464304000,2.008258000,98.472562000,-1.527438000,0,0,0
84,local_costmap,36.679000000,36.679000000,36.681000000,0.000000000,100.000000000,103.304796000,1.990250000,105.295046000,5.295046000,0,0,0
85,local_costmap,36.778000000,36.778000000,36.778000000,0.000000000,100.000000000,105.778551000,2.315636000,108.094187000,8.094187000,0,0,0
86,local_costmap,36.878000000,36.878000000,36.878000000,0.000000000,100.000000000,92.633032000,2.332366000,94.965398000,-5.034602000,0,0,0
87,local_costmap,36.978000000,36.978000000,36.978000000,0.000000000,100.000000000,105.565089000,1.988146000,107.553235000,7.553235000,0,0,0
88,local_costmap,37.078000000,37.078000000,37.080000000,0.000000000,100.000000000,108.690807000,2.033140000,110.723947000,10.723947000,0,0,0
89,local_costmap,37.179000000,37.179000000,37.181000000,0.000000000,100.000000000,99.801688000,2.116994000,101.918682000,1.918682000,0,0,0
90,local_costmap,37.278000000,37.278000000,37.280000000,0.000000000,100.000000000,95.709066000,2.095710000,97.804776000,-2.195224000,0,0,0
91,local_costmap,37.378000000,37.378000000,37.380000000,0.000000000,100.000000000,98.775265000,2.023168000,100.798433000,0.798433000,0,0,0
92,local_costmap,37.478000000,37.478000000,37.478000000,0.000000000,100.000000000,94.804248000,2.340179000,97.144427000,-2.855573000,0,0,0
93,local_costmap,37.578000000,37.578000000,37.578000000,0.000000000,100.000000000,103.770702000,2.372169000,106.142871000,6.142871000,0,0,0
94,local_costmap,37.684000000,37.684000000,37.684000000,0.000000000,100.000000000,105.710879000,2.350791000,108.061670000,8.061670000,0,0,0
95,local_costmap,37.778000000,37.778000000,37.780000000,0.000000000,100.000000000,88.204081000,2.303691000,90.507772000,-9.492228000,0,0,0
96,local_costmap,37.879000000,37.879000000,37.881000000,0.000000000,100.000000000,98.495150000,2.314331000,100.809481000,0.809481000,0,0,0
97,local_costmap,37.979000000,37.979000000,37.980000000,0.000000000,100.000000000,113.684140000,2.547081000,116.231221000,16.231221000,0,0,0
98,local_costmap,38.079000000,38.079000000,38.082000000,0.000000000,100.000000000,89.512655000,2.528176000,92.040831000,-7.959169000,0,0,0
99,local_costmap,38.178000000,38.178000000,38.178000000,0.000000000,100.000000000,93.563162000,2.140572000,95.703734000,-4.296266000,0,0,0
100,local_costmap,38.278000000,38.278000000,38.278000000,0.000000000,100.000000000,112.626595000,2.305473000,114.932068000,14.932068000,0,0,0
101,local_costmap,38.379000000,38.379000000,38.379000000,0.000000000,100.000000000,101.515866000,2.123661000,103.639527000,3.639527000,0,0,0
102,local_costmap,38.478000000,38.478000000,38.478000000,0.000000000,100.000000000,97.880361000,2.719818000,100.600179000,0.600179000,0,0,0
103,local_costmap,38.578000000,38.578000000,38.578000000,0.000000000,100.000000000,99.920640000,2.368491000,102.289131000,2.289131000,0,0,0
104,local_costmap,38.678000000,38.678000000,38.678000000,0.000000000,100.000000000,95.625921000,2.309245000,97.935166000,-2.064834000,0,0,0
105,local_costmap,38.779000000,38.779000000,38.779000000,0.000000000,100.000000000,105.903498000,2.004699000,107.908197000,7.908197000,0,0,0
106,local_costmap,38.880000000,38.880000000,38.882000000,0.000000000,100.000000000,111.105659000,2.340138000,113.445797000,13.445797000,0,0,0
107,local_costmap,38.978000000,38.978000000,38.978000000,0.000000000,100.000000000,87.811439000,2.684003000,90.495442000,-9.504558000,0,0,0
108,local_costmap,39.078000000,39.078000000,39.078000000,0.000000000,100.000000000,94.028968000,2.247286000,96.276254000,-3.723746000,0,0,0
109,local_costmap,39.178000000,39.178000000,39.178000000,0.000000000,100.000000000,97.770506000,2.048524000,99.819030000,-0.180970000,0,0,0
110,local_costmap,39.278000000,39.278000000,39.278000000,0.000000000,100.000000000,112.030647000,2.343471000,114.374118000,14.374118000,0,0,0
111,local_costmap,39.379000000,39.379000000,39.379000000,0.000000000,100.000000000,96.907776000,2.496322000,99.404098000,-0.595902000,0,0,0
112,local_costmap,39.478000000,39.478000000,39.481000000,0.000000000,100.000000000,101.190160000,2.390353000,103.580513000,3.580513000,0,0,0
113,local_costmap,39.578000000,39.578000000,39.581000000,0.000000000,100.000000000,98.870027000,2.499246000,101.369273000,1.369273000,0,0,0
114,local_costmap,39.680000000,39.680000000,39.680000000,0.000000000,100.000000000,112.071921000,2.323668000,114.395589000,14.395589000,0,0,0
115,local_costmap,39.778000000,39.778000000,39.781000000,0.000000000,100.000000000,97.200696000,3.011559000,100.212255000,0.212255000,0,0,0
116,local_costmap,39.878000000,39.878000000,39.881000000,0.000000000,100.000000000,101.400049000,2.445029000,103.845078000,3.845078000,0,0,0
117,local_costmap,39.979000000,39.979000000,39.981000000,0.000000000,100.000000000,98.625871000,1.957314000,100.583185000,0.583185000,0,0,0
118,local_costmap,40.078000000,40.078000000,40.081000000,0.000000000,100.000000000,89.915756000,2.616761000,92.532517000,-7.467483000,0,0,0
119,local_costmap,40.178000000,40.178000000,40.178000000,0.000000000,100.000000000,94.103213000,1.996608000,96.099821000,-3.900179000,0,0,0
120,local_costmap,40.278000000,40.278000000,40.278000000,0.000000000,100.000000000,97.466023000,2.447854000,99.913877000,-0.086123000,0,0,0
121,local_costmap,40.378000000,40.378000000,40.379000000,0.000000000,100.000000000,112.342405000,2.316600000,114.659005000,14.659005000,0,0,0
122,local_costmap,40.478000000,40.478000000,40.478000000,0.000000000,100.000000000,92.079689000,2.045256000,94.124945000,-5.875055000,0,0,0
123,local_costmap,40.578000000,40.578000000,40.578000000,0.000000000,100.000000000,95.626428000,1.922514000,97.548942000,-2.451058000,0,0,0
124,local_costmap,40.678000000,40.678000000,40.678000000,0.000000000,100.000000000,101.381833000,2.048754000,103.430587000,3.430587000,0,0,0
125,local_costmap,40.778000000,40.778000000,40.778000000,0.000000000,100.000000000,102.072194000,1.993041000,104.065235000,4.065235000,0,0,0
126,local_costmap,40.878000000,40.878000000,40.878000000,0.000000000,100.000000000,97.110167000,1.997200000,99.107367000,-0.892633000,0,0,0
127,local_costmap,40.978000000,40.978000000,40.978000000,0.000000000,100.000000000,99.709342000,2.486267000,102.195609000,2.195609000,0,0,0
128,local_costmap,41.079000000,41.079000000,41.082000000,0.000000000,100.000000000,100.075872000,2.766060000,102.841932000,2.841932000,0,0,0
129,local_costmap,41.178000000,41.178000000,41.181000000,0.000000000,100.000000000,99.495083000,2.361411000,101.856494000,1.856494000,0,0,0
130,local_costmap,41.279000000,41.279000000,41.282000000,0.000000000,100.000000000,111.045376000,2.233190000,113.278566000,13.278566000,0,0,0
131,local_costmap,41.378000000,41.378000000,41.380000000,0.000000000,100.000000000,87.650305000,1.948361000,89.598666000,-10.401334000,0,0,0
132,local_costmap,41.480000000,41.480000000,41.480000000,0.000000000,100.000000000,116.989007000,2.359886000,119.348893000,19.348893000,0,0,0
133,local_costmap,41.578000000,41.578000000,41.578000000,0.000000000,100.000000000,89.144553000,2.023991000,91.168544000,-8.831456000,0,0,0
134,local_costmap,41.678000000,41.678000000,41.678000000,0.000000000,100.000000000,92.677473000,2.233072000,94.910545000,-5.089455000,0,0,0
135,local_costmap,41.778000000,41.778000000,41.778000000,0.000000000,100.000000000,104.124987000,2.210061000,106.335048000,6.335048000,0,0,0
136,local_costmap,41.878000000,41.878000000,41.878000000,0.000000000,100.000000000,101.222975000,2.223954000,103.446929000,3.446929000,0,0,0
137,local_costmap,41.978000000,41.978000000,41.978000000,0.000000000,100.000000000,99.303827000,2.048523000,101.352350000,1.352350000,0,0,0
138,local_costmap,42.079000000,42.079000000,42.079000000,0.000000000,100.000000000,103.853547000,2.317406000,106.170953000,6.170953000,0,0,0
139,local_costmap,42.178000000,42.178000000,42.183000000,0.000000000,100.000000000,106.221672000,3.082073000,109.303745000,9.303745000,0,0,0
140,local_costmap,42.280000000,42.280000000,42.281000000,0.000000000,100.000000000,89.001782000,2.231066000,91.232848000,-8.767152000,0,0,0
141,local_costmap,42.378000000,42.378000000,42.378000000,0.000000000,100.000000000,96.046390000,2.309201000,98.355591000,-1.644409000,0,0,0
142,local_costmap,42.478000000,42.478000000,42.480000000,0.000000000,100.000000000,93.727427000,2.025599000,95.753026000,-4.246974000,0,0,0
143,local_costmap,42.578000000,42.578000000,42.580000000,0.000000000,100.000000000,97.291304000,2.223657000,99.514961000,-0.485039000,0,0,0
144,local_costmap,42.678000000,42.678000000,42.678000000,0.000000000,100.000000000,103.983413000,2.001573000,105.984986000,5.984986000,0,0,0
145,local_costmap,42.778000000,42.778000000,42.778000000,0.000000000,100.000000000,90.792136000,1.994292000,92.786428000,-7.213572000,0,0,0
146,local_costmap,42.878000000,42.878000000,42.881000000,0.000000000,100.000000000,110.008889000,2.022003000,112.030892000,12.030892000,0,0,0
147,local_costmap,42.979000000,42.979000000,42.981000000,0.000000000,100.000000000,93.791641000,1.991372000,95.783013000,-4.216987000,0,0,0
148,local_costmap,43.079000000,43.079000000,43.081000000,0.000000000,100.000000000,109.719390000,2.024361000,111.743751000,11.743751000,0,0,0
149,local_costmap,43.178000000,43.178000000,43.181000000,0.000000000,100.000000000,101.759102000,2.023575000,103.782677000,3.782677000,0,0,0
150,local_costmap,43.279000000,43.279000000,43.281000000,0.000000000,100.000000000,99.392854000,2.058312000,101.451166000,1.451166000,0,0,0
151,local_costmap,43.378000000,43.378000000,43.380000000,0.000000000,100.000000000,97.795955000,2.014765000,99.810720000,-0.189280000,0,0,0
152,local_costmap,43.478000000,43.478000000,43.481000000,0.000000000,100.000000000,91.767184000,2.590730000,94.357914000,-5.642086000,0,0,0
153,local_costmap,43.578000000,43.578000000,43.580000000,0.000000000,100.000000000,102.742755000,1.985804000,104.728559000,4.728559000,0,0,0
154,local_costmap,43.678000000,43.678000000,43.678000000,0.000000000,100.000000000,103.820205000,2.687797000,106.508002000,6.508002000,0,0,0
155,local_costmap,43.778000000,43.778000000,43.780000000,0.000000000,100.000000000,96.436208000,2.378674000,98.814882000,-1.185118000,0,0,0
156,local_costmap,43.878000000,43.878000000,43.878000000,0.000000000,100.000000000,98.392427000,2.340408000,100.732835000,0.732835000,0,0,0
157,local_costmap,43.978000000,43.978000000,43.981000000,0.000000000,100.000000000,98.961686000,2.388978000,101.350664000,1.350664000,0,0,0
158,local_costmap,44.078000000,44.078000000,44.081000000,0.000000000,100.000000000,99.097105000,2.345109000,101.442214000,1.442214000,0,0,0
159,local_costmap,44.178000000,44.178000000,44.180000000,0.000000000,100.000000000,99.212522000,2.321281000,101.533803000,1.533803000,0,0,0
160,local_costmap,44.278000000,44.278000000,44.280000000,0.000000000,100.000000000,92.619286000,2.385590000,95.004876000,-4.995124000,0,0,0
161,local_costmap,44.378000000,44.378000000,44.380000000,0.000000000,100.000000000,102.156346000,2.753952000,104.910298000,4.910298000,0,0,0
162,local_costmap,44.478000000,44.478000000,44.481000000,0.000000000,100.000000000,106.418460000,2.645147000,109.063607000,9.063607000,0,0,0
163,local_costmap,44.578000000,44.578000000,44.579000000,0.000000000,100.000000000,94.428055000,2.443543000,96.871598000,-3.128402000,0,0,0
164,local_costmap,44.678000000,44.678000000,44.678000000,0.000000000,100.000000000,102.511459000,2.310625000,104.822084000,4.822084000,0,0,0
165,local_costmap,44.778000000,44.778000000,44.778000000,0.000000000,100.000000000,94.405166000,2.162334000,96.567500000,-3.432500000,0,0,0
166,local_costmap,44.878000000,44.878000000,44.878000000,0.000000000,100.000000000,100.526394000,2.049248000,102.575642000,2.575642000,0,0,0
167,local_costmap,44.979000000,44.979000000,44.984000000,0.000000000,100.000000000,101.212132000,4.696299000,105.908431000,5.908431000,0,0,0
168,local_costmap,45.078000000,45.078000000,45.081000000,0.000000000,100.000000000,93.301933000,2.741019000,96.042952000,-3.957048000,0,0,0
169,local_costmap,45.178000000,45.178000000,45.181000000,0.000000000,100.000000000,106.913644000,2.570486000,109.484130000,9.484130000,0,0,0
170,local_costmap,45.278000000,45.278000000,45.281000000,0.000000000,100.000000000,94.699488000,2.382871000,97.082359000,-2.917641000,0,0,0
171,local_costmap,45.378000000,45.378000000,45.380000000,0.000000000,100.000000000,96.980173000,1.992025000,98.972198000,-1.027802000,0,0,0
172,local_costmap,45.481000000,45.481000000,45.481000000,0.000000000,100.000000000,96.812488000,2.033675000,98.846163000,-1.153837000,0,0,0
173,local_costmap,45.578000000,45.578000000,45.578000000,0.000000000,100.000000000,110.625638000,1.952378000,112.578016000,12.578016000,0,0,0
174,local_costmap,45.678000000,45.678000000,45.678000000,0.000000000,100.000000000,91.786065000,2.010856000,93.796921000,-6.203079000,0,0,0
175,local_costmap,45.778000000,45.778000000,45.778000000,0.000000000,100.000000000,93.164279000,1.987379000,95.151658000,-4.848342000,0,0,0
176,local_costmap,45.878000000,45.878000000,45.880000000,0.000000000,100.000000000,100.186948000,1.969360000,102.156308000,2.156308000,0,0,0
177,local_costmap,45.978000000,45.978000000,45.980000000,0.000000000,100.000000000,102.359951000,1.960034000,104.319985000,4.319985000,0,0,0
178,local_costmap,46.078000000,46.078000000,46.080000000,0.000000000,100.000000000,95.403375000,1.992838000,97.396213000,-2.603787000,0,0,0
179,local_costmap,46.179000000,46.179000000,46.182000000,0.000000000,100.000000000,105.550893000,2.645693000,108.196586000,8.196586000,0,0,0
180,local_costmap,46.278000000,46.278000000,46.280000000,0.000000000,100.000000000,89.811738000,2.168507000,91.980245000,-8.019755000,0,0,0
181,local_costmap,46.378000000,46.378000000,46.381000000,0.000000000,100.000000000,104.607170000,2.415916000,107.023086000,7.023086000,0,0,0
182,local_costmap,46.478000000,46.478000000,46.479000000,0.000000000,100.000000000,92.370502000,2.404993000,94.775495000,-5.224505000,0,0,0
183,local_costmap,46.578000000,46.578000000,46.581000000,0.000000000,100.000000000,99.942440000,2.733882000,102.676322000,2.676322000,0,0,0
184,local_costmap,46.678000000,46.678000000,46.678000000,0.000000000,100.000000000,94.213055000,2.377296000,96.590351000,-3.409649000,0,0,0
185,local_costmap,46.778000000,46.778000000,46.781000000,0.000000000,100.000000000,102.807995000,2.655742000,105.463737000,5.463737000,0,0,0
186,local_costmap,46.879000000,46.879000000,46.879000000,0.000000000,100.000000000,95.073214000,2.388457000,97.461671000,-2.538329000,0,0,0
187,local_costmap,46.979000000,46.979000000,46.987000000,0.000000000,100.000000000,108.602903000,6.937999000,115.540902000,15.540902000,0,0,0
188,local_costmap,47.078000000,47.078000000,47.080000000,0.000000000,100.000000000,111.444411000,2.356561000,113.800972000,13.800972000,0,0,0
189,local_costmap,47.178000000,47.178000000,47.182000000,0.000000000,100.000000000,99.072740000,4.375362000,103.448102000,3.448102000,0,0,0
190,local_costmap,47.278000000,47.278000000,47.281000000,0.000000000,100.000000000,95.403071000,2.377024000,97.780095000,-2.219905000,0,0,0
191,local_costmap,47.378000000,47.378000000,47.381000000,0.000000000,100.000000000,91.774466000,2.371964000,94.146430000,-5.853570000,0,0,0
192,local_costmap,47.478000000,47.478000000,47.480000000,0.000000000,100.000000000,97.786146000,2.294995000,100.081141000,0.081141000,0,0,0
193,local_costmap,47.578000000,47.578000000,47.581000000,0.000000000,100.000000000,96.762523000,2.353803000,99.116326000,-0.883674000,0,0,0
194,local_costmap,47.678000000,47.678000000,47.680000000,0.000000000,100.000000000,100.908629000,2.071386000,102.980015000,2.980015000,0,0,0
195,local_costmap,47.778000000,47.778000000,47.780000000,0.000000000,100.000000000,97.785143000,2.030016000,99.815159000,-0.184841000,0,0,0
196,local_costmap,47.878000000,47.878000000,47.880000000,0.000000000,100.000000000,121.617443000,2.053363000,123.670806000,23.670806000,0,0,0
197,local_costmap,47.978000000,47.978000000,47.981000000,0.000000000,100.000000000,97.906660000,2.084176000,99.990836000,-0.009164000,0,0,0
198,local_costmap,48.079000000,48.079000000,48.081000000,0.000000000,100.000000000,90.554719000,2.326800000,92.881519000,-7.118481000,0,0,0
199,local_costmap,48.178000000,48.178000000,48.180000000,0.000000000,100.000000000,93.021592000,2.343119000,95.364711000,-4.635289000,0,0,0
200,local_costmap,48.278000000,48.278000000,48.280000000,0.000000000,100.000000000,100.764121000,2.014469000,102.778590000,2.778590000,0,0,0
201,local_costmap,48.378000000,48.378000000,48.381000000,0.000000000,100.000000000,105.061615000,1.967146000,107.028761000,7.028761000,0,0,0
202,local_costmap,48.479000000,48.479000000,48.481000000,0.000000000,100.000000000,92.198128000,2.007574000,94.205702000,-5.794298000,0,0,0
203,local_costmap,48.578000000,48.578000000,48.580000000,0.000000000,100.000000000,105.963662000,2.044492000,108.008154000,8.008154000,0,0,0
204,local_costmap,48.681000000,48.681000000,48.684000000,0.000000000,100.000000000,97.980060000,3.532949000,101.513009000,1.513009000,0,0,0
205,local_costmap,48.778000000,48.778000000,48.781000000,0.000000000,100.000000000,97.052897000,2.297807000,99.350704000,-0.649296000,0,0,0
206,local_costmap,48.878000000,48.878000000,48.881000000,0.000000000,100.000000000,93.881828000,2.398632000,96.280460000,-3.719540000,0,0,0
207,local_costmap,48.980000000,48.980000000,48.980000000,0.000000000,100.000000000,99.556332000,2.056608000,101.612940000,1.612940000,0,0,0
208,local_costmap,49.078000000,49.078000000,49.078000000,0.000000000,100.000000000,95.110201000,2.090115000,97.200316000,-2.799684000,0,0,0
209,local_costmap,49.181000000,49.181000000,49.181000000,0.000000000,100.000000000,102.408166000,2.364983000,104.773149000,4.773149000,0,0,0
210,local_costmap,49.278000000,49.278000000,49.278000000,0.000000000,100.000000000,99.350850000,2.390317000,101.741167000,1.741167000,0,0,0
211,local_costmap,49.379000000,49.379000000,49.379000000,0.000000000,100.000000000,98.970594000,2.349336000,101.319930000,1.319930000,0,0,0
212,local_costmap,49.479000000,49.479000000,49.479000000,0.000000000,100.000000000,105.312560000,2.435838000,107.748398000,7.748398000,0,0,0
213,local_costmap,49.578000000,49.578000000,49.578000000,0.000000000,100.000000000,93.872623000,2.351540000,96.224163000,-3.775837000,0,0,0
214,local_costmap,49.678000000,49.678000000,49.678000000,0.000000000,100.000000000,105.480950000,2.445971000,107.926921000,7.926921000,0,0,0
215,local_costmap,49.778000000,49.778000000,49.778000000,0.000000000,100.000000000,93.061394000,2.341460000,95.402854000,-4.597146000,0,0,0
216,local_costmap,49.879000000,49.879000000,49.879000000,0.000000000,100.000000000,108.951277000,2.248332000,111.199609000,11.199609000,0,0,0
217,local_costmap,49.980000000,49.980000000,49.980000000,0.000000000,100.000000000,99.071907000,2.418009000,101.489916000,1.489916000,0,0,0
218,local_costmap,50.079000000,50.079000000,50.081000000,0.000000000,100.000000000,93.802510000,2.145872000,95.948382000,-4.051618000,0,0,0
219,local_costmap,50.178000000,50.178000000,50.178000000,0.000000000,100.000000000,99.881846000,2.338323000,102.220169000,2.220169000,0,0,0
220,local_costmap,50.278000000,50.278000000,50.278000000,0.000000000,100.000000000,96.629997000,2.436820000,99.066817000,-0.933183000,0,0,0
221,local_costmap,50.378000000,50.378000000,50.378000000,0.000000000,100.000000000,98.516249000,2.345815000,100.862064000,0.862064000,0,0,0
222,local_costmap,50.478000000,50.478000000,50.478000000,0.000000000,100.000000000,102.088551000,2.303468000,104.392019000,4.392019000,0,0,0
223,local_costmap,50.578000000,50.578000000,50.578000000,0.000000000,100.000000000,95.919451000,2.253842000,98.173293000,-1.826707000,0,0,0
224,local_costmap,50.678000000,50.678000000,50.678000000,0.000000000,100.000000000,97.999587000,2.537163000,100.536750000,0.536750000,0,0,0
225,local_costmap,50.778000000,50.778000000,50.778000000,0.000000000,100.000000000,95.478879000,1.975857000,97.454736000,-2.545264000,0,0,0
226,local_costmap,50.878000000,50.878000000,50.878000000,0.000000000,100.000000000,97.094780000,2.162133000,99.256913000,-0.743087000,0,0,0
227,local_costmap,50.979000000,50.979000000,50.980000000,0.000000000,100.000000000,100.634776000,2.226543000,102.861319000,2.861319000,0,0,0
228,local_costmap,51.078000000,51.078000000,51.081000000,0.000000000,100.000000000,100.235862000,2.367152000,102.603014000,2.603014000,0,0,0
229,local_costmap,51.179000000,51.179000000,51.179000000,0.000000000,100.000000000,98.738343000,2.257299000,100.995642000,0.995642000,0,0,0
230,local_costmap,51.278000000,51.278000000,51.279000000,0.000000000,100.000000000,96.093668000,1.966205000,98.059873000,-1.940127000,0,0,0
231,local_costmap,51.378000000,51.378000000,51.378000000,0.000000000,100.000000000,105.507945000,1.987700000,107.495645000,7.495645000,0,0,0
232,local_costmap,51.478000000,51.478000000,51.478000000,0.000000000,100.000000000,105.797601000,2.064770000,107.862371000,7.862371000,0,0,0
233,local_costmap,51.579000000,51.579000000,51.581000000,0.000000000,100.000000000,94.720031000,2.337506000,97.057537000,-2.942463000,0,0,0
234,local_costmap,51.679000000,51.679000000,51.682000000,0.000000000,100.000000000,101.037778000,2.494515000,103.532293000,3.532293000,0,0,0
235,local_costmap,51.778000000,51.778000000,51.780000000,0.000000000,100.000000000,99.510777000,2.377695000,101.888472000,1.888472000,0,0,0
236,local_costmap,51.879000000,51.879000000,51.881000000,0.000000000,100.000000000,102.675659000,2.376108000,105.051767000,5.051767000,0,0,0
237,local_costmap,51.978000000,51.978000000,51.980000000,0.000000000,100.000000000,91.455255000,2.593692000,94.048947000,-5.951053000,0,0,0
238,local_costmap,52.078000000,52.078000000,52.081000000,0.000000000,100.000000000,99.237216000,2.289984000,101.527200000,1.527200000,0,0,0
239,local_costmap,52.179000000,52.179000000,52.183000000,0.000000000,100.000000000,98.440918000,2.416460000,100.857378000,0.857378000,0,0,0
240,local_costmap,52.278000000,52.278000000,52.280000000,0.000000000,100.000000000,94.652583000,2.213705000,96.866288000,-3.133712000,0,0,0
241,local_costmap,52.379000000,52.379000000,52.380000000,0.000000000,100.000000000,101.598873000,2.020321000,103.619194000,3.619194000,0,0,0
242,local_costmap,52.478000000,52.478000000,52.479000000,0.000000000,100.000000000,101.337978000,1.900196000,103.238174000,3.238174000,0,0,0
243,local_costmap,52.578000000,52.578000000,52.578000000,0.000000000,100.000000000,109.863509000,2.198156000,112.061665000,12.061665000,0,0,0
244,local_costmap,52.678000000,52.678000000,52.681000000,0.000000000,100.000000000,92.361303000,2.207928000,94.569231000,-5.430769000,0,0,0
245,local_costmap,52.778000000,52.778000000,52.780000000,0.000000000,100.000000000,96.219850000,1.961726000,98.181576000,-1.818424000,0,0,0
246,local_costmap,52.878000000,52.878000000,52.880000000,0.000000000,100.000000000,100.147791000,2.277363000,102.425154000,2.425154000,0,0,0
247,local_costmap,52.978000000,52.978000000,52.978000000,0.000000000,100.000000000,95.520672000,2.549410000,98.070082000,-1.929918000,0,0,0
248,local_costmap,53.078000000,53.078000000,53.078000000,0.000000000,100.000000000,98.038023000,2.235325000,100.273348000,0.273348000,0,0,0
249,local_costmap,53.178000000,53.178000000,53.178000000,0.000000000,100.000000000,96.298457000,2.024152000,98.322609000,-1.677391000,0,0,0
250,local_costmap,53.278000000,53.278000000,53.279000000,0.000000000,100.000000000,103.283281000,2.265255000,105.548536000,5.548536000,0,0,0
251,local_costmap,53.379000000,53.379000000,53.380000000,0.000000000,100.000000000,98.028682000,2.393179000,100.421861000,0.421861000,0,0,0
252,local_costmap,53.478000000,53.478000000,53.481000000,0.000000000,100.000000000,96.632416000,2.200439000,98.832855000,-1.167145000,0,0,0
253,local_costmap,53.579000000,53.579000000,53.581000000,0.000000000,100.000000000,98.418305000,2.333597000,100.751902000,0.751902000,0,0,0
254,local_costmap,53.678000000,53.678000000,53.678000000,0.000000000,100.000000000,102.853023000,2.255308000,105.108331000,5.108331000,0,0,0
255,local_costmap,53.779000000,53.779000000,53.780000000,0.000000000,100.000000000,94.434432000,2.390732000,96.825164000,-3.174836000,0,0,0
256,local_costmap,53.878000000,53.878000000,53.881000000,0.000000000,100.000000000,105.159113000,2.481814000,107.640927000,7.640927000,0,0,0
257,local_costmap,53.978000000,53.978000000,53.980000000,0.000000000,100.000000000,92.510220000,2.297170000,94.807390000,-5.192610000,0,0,0
258,local_costmap,54.081000000,54.081000000,54.083000000,0.000000000,100.000000000,110.196742000,2.362412000,112.559154000,12.559154000,0,0,0
259,local_costmap,54.178000000,54.178000000,54.181000000,0.000000000,100.000000000,86.601452000,2.379107000,88.980559000,-11.019441000,0,0,0
260,local_costmap,54.281000000,54.281000000,54.283000000,0.000000000,100.000000000,98.255655000,2.447620000,100.703275000,0.703275000,0,0,0
261,local_costmap,54.381000000,54.381000000,54.384000000,0.000000000,100.000000000,98.187850000,2.335503000,100.523353000,0.523353000,0,0,0
262,local_costmap,54.479000000,54.479000000,54.482000000,0.000000000,100.000000000,93.288395000,2.944285000,96.232680000,-3.767320000,0,0,0
263,local_costmap,54.582000000,54.582000000,54.582000000,0.000000000,100.000000000,105.567577000,2.105438000,107.673015000,7.673015000,0,0,0
264,local_costmap,54.678000000,54.678000000,54.680000000,0.000000000,100.000000000,94.656842000,2.060825000,96.717667000,-3.282333000,0,0,0
265,local_costmap,54.781000000,54.781000000,54.784000000,0.000000000,100.000000000,99.835861000,2.757183000,102.593044000,2.593044000,0,0,0
266,local_costmap,54.878000000,54.878000000,54.878000000,0.000000000,100.000000000,97.549586000,2.373306000,99.922892000,-0.077108000,0,0,0
267,local_costmap,54.978000000,54.978000000,54.980000000,0.000000000,100.000000000,98.540602000,2.029328000,100.569930000,0.569930000,0,0,0
268,local_costmap,55.078000000,55.078000000,55.078000000,0.000000000,100.000000000,99.199578000,2.744314000,101.943892000,1.943892000,0,0,0
269,local_costmap,55.178000000,55.178000000,55.178000000,0.000000000,100.000000000,96.766493000,2.636433000,99.402926000,-0.597074000,0,0,0
270,local_costmap,55.278000000,55.278000000,55.280000000,0.000000000,100.000000000,98.430403000,2.093543000,100.523946000,0.523946000,0,0,0
271,local_costmap,55.378000000,55.378000000,55.380000000,0.000000000,100.000000000,102.737492000,2.097722000,104.835214000,4.835214000,0,0,0
272,local_costmap,55.478000000,55.478000000,55.480000000,0.000000000,100.000000000,97.485003000,2.024650000,99.509653000,-0.490347000,0,0,0
273,local_costmap,55.579000000,55.579000000,55.581000000,0.000000000,100.000000000,105.006990000,2.064825000,107.071815000,7.071815000,0,0,0
274,local_costmap,55.678000000,55.678000000,55.681000000,0.000000000,100.000000000,93.176600000,2.393944000,95.570544000,-4.429456000,0,0,0
275,local_costmap,55.778000000,55.778000000,55.780000000,0.000000000,100.000000000,106.983646000,2.239320000,109.222966000,9.222966000,0,0,0
276,local_costmap,55.878000000,55.878000000,55.880000000,0.000000000,100.000000000,102.507385000,2.350922000,104.858307000,4.858307000,0,0,0
277,local_costmap,55.978000000,55.978000000,55.979000000,0.000000000,100.000000000,111.494136000,2.010015000,113.504151000,13.504151000,0,0,0
278,local_costmap,56.078000000,56.078000000,56.080000000,0.000000000,100.000000000,101.011317000,1.983110000,102.994427000,2.994427000,0,0,0
279,local_costmap,56.178000000,56.178000000,56.179000000,0.000000000,100.000000000,96.565985000,1.932639000,98.498624000,-1.501376000,0,0,0
280,local_costmap,56.278000000,56.278000000,56.278000000,0.000000000,100.000000000,98.293939000,1.970459000,100.264398000,0.264398000,0,0,0
281,local_costmap,56.378000000,56.378000000,56.378000000,0.000000000,100.000000000,92.316328000,2.013254000,94.329582000,-5.670418000,0,0,0
282,local_costmap,56.479000000,56.479000000,56.479000000,0.000000000,100.000000000,96.729809000,2.032739000,98.762548000,-1.237452000,0,0,0
283,local_costmap,56.578000000,56.578000000,56.578000000,0.000000000,100.000000000,97.090504000,2.124599000,99.215103000,-0.784897000,0,0,0
284,local_costmap,56.679000000,56.679000000,56.681000000,0.000000000,100.000000000,113.331436000,2.045552000,115.376988000,15.376988000,0,0,0
285,local_costmap,56.778000000,56.778000000,56.781000000,0.000000000,100.000000000,85.761863000,2.095885000,87.857748000,-12.142252000,0,0,0
286,local_costmap,56.878000000,56.878000000,56.880000000,0.000000000,100.000000000,94.057006000,2.114927000,96.171933000,-3.828067000,0,0,0
287,local_costmap,56.978000000,56.978000000,56.980000000,0.000000000,100.000000000,94.392887000,2.025740000,96.418627000,-3.581373000,0,0,0
288,local_costmap,57.078000000,57.078000000,57.078000000,0.000000000,100.000000000,100.879514000,2.103058000,102.982572000,2.982572000,0,0,0
289,local_costmap,57.178000000,57.178000000,57.180000000,0.000000000,100.000000000,100.920234000,1.964115000,102.884349000,2.884349000,0,0,0
290,local_costmap,57.278000000,57.278000000,57.278000000,0.000000000,100.000000000,100.999860000,2.186159000,103.186019000,3.186019000,0,0,0
291,local_costmap,57.378000000,57.378000000,57.381000000,0.000000000,100.000000000,105.679805000,2.726825000,108.406630000,8.406630000,0,0,0
292,local_costmap,57.483000000,57.483000000,57.485000000,0.000000000,100.000000000,102.727496000,2.158834000,104.886330000,4.886330000,0,0,0
293,local_costmap,57.578000000,57.578000000,57.580000000,0.000000000,100.000000000,94.670230000,2.135590000,96.805820000,-3.194180000,0,0,0
294,local_costmap,57.679000000,57.679000000,57.679000000,0.000000000,100.000000000,109.870259000,2.855002000,112.725261000,12.725261000,0,0,0
295,local_costmap,57.778000000,57.778000000,57.778000000,0.000000000,100.000000000,93.796769000,2.210081000,96.006850000,-3.993150000,0,0,0
296,local_costmap,57.880000000,57.880000000,57.880000000,0.000000000,100.000000000,101.758995000,2.142837000,103.901832000,3.901832000,0,0,0
297,local_costmap,57.978000000,57.978000000,57.978000000,0.000000000,100.000000000,108.104332000,2.349217000,110.453549000,10.453549000,0,0,0
298,local_costmap,58.078000000,58.078000000,58.078000000,0.000000000,100.000000000,105.880098000,2.375862000,108.255960000,8.255960000,0,0,0
299,local_costmap,58.178000000,58.178000000,58.178000000,0.000000000,100.000000000,102.401568000,2.327086000,104.728654000,4.728654000,0,0,0
300,local_costmap,58.278000000,58.278000000,58.278000000,0.000000000,100.000000000,100.472425000,2.368304000,102.840729000,2.840729000,0,0,0
301,local_costmap,58.378000000,58.378000000,58.378000000,0.000000000,100.000000000,105.786697000,2.059776000,107.846473000,7.846473000,0,0,0
302,local_costmap,58.478000000,58.478000000,58.478000000,0.000000000,100.000000000,90.299071000,2.091434000,92.390505000,-7.609495000,0,0,0
303,local_costmap,58.579000000,58.579000000,58.579000000,0.000000000,100.000000000,109.410094000,2.392335000,111.802429000,11.802429000,0,0,0
304,local_costmap,58.678000000,58.678000000,58.678000000,0.000000000,100.000000000,97.039579000,2.048057000,99.087636000,-0.912364000,0,0,0
305,local_costmap,58.778000000,58.778000000,58.781000000,0.000000000,100.000000000,105.949070000,2.330679000,108.279749000,8.279749000,0,0,0
306,local_costmap,58.878000000,58.878000000,58.878000000,0.000000000,100.000000000,95.588521000,2.119207000,97.707728000,-2.292272000,0,0,0
307,local_costmap,58.979000000,58.979000000,58.982000000,0.000000000,100.000000000,97.167034000,2.367562000,99.534596000,-0.465404000,0,0,0
308,local_costmap,59.078000000,59.078000000,59.081000000,0.000000000,100.000000000,102.206748000,2.323528000,104.530276000,4.530276000,0,0,0
309,local_costmap,59.178000000,59.178000000,59.180000000,0.000000000,100.000000000,89.732815000,2.418174000,92.150989000,-7.849011000,0,0,0
310,local_costmap,59.278000000,59.278000000,59.278000000,0.000000000,100.000000000,101.948834000,2.063761000,104.012595000,4.012595000,0,0,0
311,local_costmap,59.378000000,59.378000000,59.378000000,0.000000000,100.000000000,96.618854000,1.967416000,98.586270000,-1.413730000,0,0,0
312,local_costmap,59.479000000,59.479000000,59.479000000,0.000000000,100.000000000,117.516853000,2.621789000,120.138642000,20.138642000,0,0,0
313,local_costmap,59.578000000,59.578000000,59.578000000,0.000000000,100.000000000,108.359365000,2.388494000,110.747859000,10.747859000,0,0,0
314,local_costmap,59.678000000,59.678000000,59.681000000,0.000000000,100.000000000,111.717966000,2.328107000,114.046073000,14.046073000,0,0,0
315,local_costmap,59.779000000,59.779000000,59.779000000,0.000000000,100.000000000,95.038060000,2.371647000,97.409707000,-2.590293000,0,0,0
316,local_costmap,59.879000000,59.879000000,59.880000000,0.000000000,100.000000000,111.498256000,2.356371000,113.854627000,13.854627000,0,0,0
317,local_costmap,59.978000000,59.978000000,59.980000000,0.000000000,100.000000000,103.308886000,2.123565000,105.432451000,5.432451000,0,0,0
318,local_costmap,60.078000000,60.078000000,60.078000000,0.000000000,100.000000000,102.641057000,2.027708000,104.668765000,4.668765000,0,0,0
319,local_costmap,60.178000000,60.178000000,60.178000000,0.000000000,100.000000000,97.192196000,2.043439000,99.235635000,-0.764365000,0,0,0
320,local_costmap,60.279000000,60.279000000,60.279000000,0.000000000,100.000000000,105.415060000,2.298260000,107.713320000,7.713320000,0,0,0
321,local_costmap,60.378000000,60.378000000,60.378000000,0.000000000,100.000000000,95.671216000,2.331215000,98.002431000,-1.997569000,0,0,0
322,local_costmap,60.479000000,60.479000000,60.479000000,0.000000000,100.000000000,98.058815000,2.668756000,100.727571000,0.727571000,0,0,0
323,local_costmap,60.579000000,60.579000000,60.579000000,0.000000000,100.000000000,109.849566000,2.686758000,112.536324000,12.536324000,0,0,0
324,local_costmap,60.678000000,60.678000000,60.678000000,0.000000000,100.000000000,92.208620000,3.505651000,95.714271000,-4.285729000,0,0,0
325,local_costmap,60.779000000,60.779000000,60.782000000,0.000000000,100.000000000,101.062144000,2.579469000,103.641613000,3.641613000,0,0,0
326,local_costmap,60.878000000,60.878000000,60.881000000,0.000000000,100.000000000,93.646986000,2.373992000,96.020978000,-3.979022000,0,0,0
327,local_costmap,60.978000000,60.978000000,60.981000000,0.000000000,100.000000000,103.607205000,2.333624000,105.940829000,5.940829000,0,0,0
328,local_costmap,61.078000000,61.078000000,61.080000000,0.000000000,100.000000000,87.868751000,2.319476000,90.188227000,-9.811773000,0,0,0
329,local_costmap,61.178000000,61.178000000,61.178000000,0.000000000,100.000000000,103.172143000,2.144312000,105.316455000,5.316455000,0,0,0
330,local_costmap,61.278000000,61.278000000,61.278000000,0.000000000,100.000000000,95.224450000,2.220967000,97.445417000,-2.554583000,0,0,0
331,local_costmap,61.380000000,61.380000000,61.380000000,0.000000000,100.000000000,99.873389000,2.496360000,102.369749000,2.369749000,0,0,0
332,local_costmap,61.478000000,61.478000000,61.478000000,0.000000000,100.000000000,98.979027000,2.033709000,101.012736000,1.012736000,0,0,0
333,local_costmap,61.578000000,61.578000000,61.578000000,0.000000000,100.000000000,95.559221000,2.076546000,97.635767000,-2.364233000,0,0,0
334,local_costmap,61.678000000,61.678000000,61.678000000,0.000000000,100.000000000,106.097618000,2.249552000,108.347170000,8.347170000,0,0,0
335,local_costmap,61.778000000,61.778000000,61.778000000,0.000000000,100.000000000,95.913145000,2.003327000,97.916472000,-2.083528000,0,0,0
336,local_costmap,61.878000000,61.878000000,61.878000000,0.000000000,100.000000000,95.039597000,1.979455000,97.019052000,-2.980948000,0,0,0
337,local_costmap,61.980000000,61.980000000,61.980000000,0.000000000,100.000000000,99.043150000,1.965723000,101.008873000,1.008873000,0,0,0
338,local_costmap,62.078000000,62.078000000,62.078000000,0.000000000,100.000000000,99.029977000,2.051639000,101.081616000,1.081616000,0,0,0
339,local_costmap,62.178000000,62.178000000,62.178000000,0.000000000,100.000000000,104.761370000,2.383154000,107.144524000,7.144524000,0,0,0
340,local_costmap,62.279000000,62.279000000,62.282000000,0.000000000,100.000000000,103.160818000,2.331061000,105.491879000,5.491879000,0,0,0
341,local_costmap,62.378000000,62.378000000,62.381000000,0.000000000,100.000000000,91.007931000,2.044643000,93.052574000,-6.947426000,0,0,0
342,local_costmap,62.478000000,62.478000000,62.478000000,0.000000000,100.000000000,94.114317000,2.462040000,96.576357000,-3.423643000,0,0,0
343,local_costmap,62.579000000,62.579000000,62.579000000,0.000000000,100.000000000,102.441843000,2.175248000,104.617091000,4.617091000,0,0,0
344,local_costmap,62.678000000,62.678000000,62.678000000,0.000000000,100.000000000,94.731246000,2.593665000,97.324911000,-2.675089000,0,0,0
345,local_costmap,62.778000000,62.778000000,62.778000000,0.000000000,100.000000000,100.903029000,2.349346000,103.252375000,3.252375000,0,0,0
346,local_costmap,62.883000000,62.883000000,62.883000000,0.000000000,100.000000000,104.517512000,2.318980000,106.836492000,6.836492000,0,0,0
347,local_costmap,62.980000000,62.980000000,62.983000000,0.000000000,100.000000000,97.491314000,2.126762000,99.618076000,-0.381924000,0,0,0
348,local_costmap,63.078000000,63.078000000,63.080000000,0.000000000,100.000000000,94.888621000,1.935745000,96.824366000,-3.175634000,0,0,0
349,local_costmap,63.178000000,63.178000000,63.178000000,0.000000000,100.000000000,95.473322000,2.059978000,97.533300000,-2.466700000,0,0,0
350,local_costmap,63.279000000,63.279000000,63.281000000,0.000000000,100.000000000,96.353655000,2.030882000,98.384537000,-1.615463000,0,0,0
351,local_costmap,63.378000000,63.378000000,63.381000000,0.000000000,100.000000000,92.912422000,2.071537000,94.983959000,-5.016041000,0,0,0
352,local_costmap,63.479000000,63.479000000,63.482000000,0.000000000,100.000000000,101.923012000,2.780634000,104.703646000,4.703646000,0,0,0
353,local_costmap,63.579000000,63.579000000,63.581000000,0.000000000,100.000000000,100.719231000,2.217381000,102.936612000,2.936612000,0,0,0
354,local_costmap,63.678000000,63.678000000,63.681000000,0.000000000,100.000000000,100.595076000,2.780721000,103.375797000,3.375797000,0,0,0
355,local_costmap,63.778000000,63.778000000,63.780000000,0.000000000,100.000000000,87.910523000,2.589801000,90.500324000,-9.499676000,0,0,0
356,local_costmap,63.879000000,63.879000000,63.881000000,0.000000000,100.000000000,105.718035000,2.043034000,107.761069000,7.761069000,0,0,0
357,local_costmap,63.978000000,63.978000000,63.978000000,0.000000000,100.000000000,92.358632000,2.010992000,94.369624000,-5.630376000,0,0,0
358,local_costmap,64.078000000,64.078000000,64.078000000,0.000000000,100.000000000,101.872267000,2.004600000,103.876867000,3.876867000,0,0,0
359,local_costmap,64.179000000,64.179000000,64.179000000,0.000000000,100.000000000,106.718001000,2.322969000,109.040970000,9.040970000,0,0,0
360,local_costmap,64.278000000,64.278000000,64.278000000,0.000000000,100.000000000,103.640016000,2.195798000,105.835814000,5.835814000,0,0,0
361,local_costmap,64.378000000,64.378000000,64.378000000,0.000000000,100.000000000,94.190145000,2.297870000,96.488015000,-3.511985000,0,0,0
362,local_costmap,64.478000000,64.478000000,64.480000000,0.000000000,100.000000000,102.956494000,2.208575000,105.165069000,5.165069000,0,0,0
363,local_costmap,64.578000000,64.578000000,64.581000000,0.000000000,100.000000000,95.144320000,2.230119000,97.374439000,-2.625561000,0,0,0
364,local_costmap,64.678000000,64.678000000,64.679000000,0.000000000,100.000000000,101.010007000,2.205402000,103.215409000,3.215409000,0,0,0
365,local_costmap,64.778000000,64.778000000,64.781000000,0.000000000,100.000000000,101.460379000,2.355674000,103.816053000,3.816053000,0,0,0
366,local_costmap,64.879000000,64.879000000,64.879000000,0.000000000,100.000000000,98.739336000,2.492856000,101.232192000,1.232192000,0,0,0
367,local_costmap,64.978000000,64.978000000,64.978000000,0.000000000,100.000000000,94.846316000,2.406787000,97.253103000,-2.746897000,0,0,0
368,local_costmap,65.078000000,65.078000000,65.078000000,0.000000000,100.000000000,107.176556000,2.305179000,109.481735000,9.481735000,0,0,0
369,local_costmap,65.179000000,65.179000000,65.182000000,0.000000000,100.000000000,94.880635000,2.648580000,97.529215000,-2.470785000,0,0,0
370,local_costmap,65.278000000,65.278000000,65.278000000,0.000000000,100.000000000,93.323371000,2.382337000,95.705708000,-4.294292000,0,0,0
371,local_costmap,65.378000000,65.378000000,65.378000000,0.000000000,100.000000000,99.008824000,2.484406000,101.493230000,1.493230000,0,0,0
372,local_costmap,65.479000000,65.479000000,65.482000000,0.000000000,100.000000000,99.825489000,2.343038000,102.168527000,2.168527000,0,0,0
373,local_costmap,65.578000000,65.578000000,65.578000000,0.000000000,100.000000000,103.553425000,2.403284000,105.956709000,5.956709000,0,0,0
374,local_costmap,65.679000000,65.679000000,65.679000000,0.000000000,100.000000000,106.183156000,2.429200000,108.612356000,8.612356000,0,0,0
375,local_costmap,65.779000000,65.779000000,65.779000000,0.000000000,100.000000000,94.735348000,2.466989000,97.202337000,-2.797663000,0,0,0
376,local_costmap,65.879000000,65.879000000,65.879000000,0.000000000,100.000000000,99.094707000,2.362917000,101.457624000,1.457624000,0,0,0
377,local_costmap,65.978000000,65.978000000,65.978000000,0.000000000,100.000000000,95.980671000,2.312493000,98.293164000,-1.706836000,0,0,0
378,local_costmap,66.078000000,66.078000000,66.079000000,0.000000000,100.000000000,101.583834000,2.592633000,104.176467000,4.176467000,0,0,0
379,local_costmap,66.178000000,66.178000000,66.180000000,0.000000000,100.000000000,106.356831000,2.058368000,108.415199000,8.415199000,0,0,0
380,local_costmap,66.279000000,66.279000000,66.282000000,0.000000000,100.000000000,97.723295000,3.007529000,100.730824000,0.730824000,0,0,0
381,local_costmap,66.380000000,66.380000000,66.383000000,0.000000000,100.000000000,105.643855000,2.303181000,107.947036000,7.947036000,0,0,0
382,local_costmap,66.478000000,66.478000000,66.478000000,0.000000000,100.000000000,91.766060000,2.389926000,94.155986000,-5.844014000,0,0,0
383,local_costmap,66.578000000,66.578000000,66.578000000,0.000000000,100.000000000,107.234567000,2.630741000,109.865308000,9.865308000,0,0,0
384,local_costmap,66.684000000,66.684000000,66.684000000,0.000000000,100.000000000,99.687147000,2.477439000,102.164586000,2.164586000,0,0,0
385,local_costmap,66.778000000,66.778000000,66.778000000,0.000000000,100.000000000,87.992164000,2.113404000,90.105568000,-9.894432000,0,0,0
386,local_costmap,66.878000000,66.878000000,66.878000000,0.000000000,100.000000000,97.018908000,2.040586000,99.059494000,-0.940506000,0,0,0
387,local_costmap,66.978000000,66.978000000,66.978000000,0.000000000,100.000000000,96.799178000,2.866975000,99.666153000,-0.333847000,0,0,0
388,local_costmap,67.079000000,67.079000000,67.079000000,0.000000000,100.000000000,118.560623000,2.777356000,121.337979000,21.337979000,0,0,0
389,local_costmap,67.178000000,67.178000000,67.178000000,0.000000000,100.000000000,94.241390000,2.070429000,96.311819000,-3.688181000,0,0,0
390,local_costmap,67.278000000,67.278000000,67.280000000,0.000000000,100.000000000,96.099754000,2.161491000,98.261245000,-1.738755000,0,0,0
391,local_costmap,67.381000000,67.381000000,67.383000000,0.000000000,100.000000000,101.906128000,2.351124000,104.257252000,4.257252000,0,0,0
392,local_costmap,67.478000000,67.478000000,67.482000000,0.000000000,100.000000000,93.893537000,3.552703000,97.446240000,-2.553760000,0,0,0
393,local_costmap,67.578000000,67.578000000,67.578000000,0.000000000,100.000000000,103.762849000,2.315777000,106.078626000,6.078626000,0,0,0
394,local_costmap,67.678000000,67.678000000,67.678000000,0.000000000,100.000000000,100.784797000,2.370496000,103.155293000,3.155293000,0,0,0
395,local_costmap,67.778000000,67.778000000,67.778000000,0.000000000,100.000000000,99.388153000,2.051916000,101.440069000,1.440069000,0,0,0
396,local_costmap,67.880000000,67.880000000,67.882000000,0.000000000,100.000000000,95.925037000,2.009920000,97.934957000,-2.065043000,0,0,0
397,local_costmap,67.978000000,67.978000000,67.978000000,0.000000000,100.000000000,94.217718000,2.317796000,96.535514000,-3.464486000,0,0,0
398,local_costmap,68.078000000,68.078000000,68.078000000,0.000000000,100.000000000,96.858573000,2.018066000,98.876639000,-1.123361000,0,0,0
399,local_costmap,68.178000000,68.178000000,68.178000000,0.000000000,100.000000000,99.069271000,2.062486000,101.131757000,1.131757000,0,0,0
400,local_costmap,68.279000000,68.279000000,68.279000000,0.000000000,100.000000000,102.517603000,2.065447000,104.583050000,4.583050000,0,0,0
401,local_costmap,68.378000000,68.378000000,68.378000000,0.000000000,100.000000000,105.896074000,2.370529000,108.266603000,8.266603000,0,0,0
402,local_costmap,68.478000000,68.478000000,68.478000000,0.000000000,100.000000000,104.058337000,2.195260000,106.253597000,6.253597000,0,0,0
403,local_costmap,68.579000000,68.579000000,68.579000000,0.000000000,100.000000000,98.616549000,2.254955000,100.871504000,0.871504000,0,0,0
404,local_costmap,68.678000000,68.678000000,68.678000000,0.000000000,100.000000000,99.001515000,1.965268000,100.966783000,0.966783000,0,0,0
405,local_costmap,68.778000000,68.778000000,68.778000000,0.000000000,100.000000000,88.858411000,2.427917000,91.286328000,-8.713672000,0,0,0
406,local_costmap,68.878000000,68.878000000,68.878000000,0.000000000,100.000000000,95.253480000,2.347344000,97.600824000,-2.399176000,0,0,0
407,local_costmap,68.979000000,68.979000000,68.979000000,0.000000000,100.000000000,97.720682000,2.405463000,100.126145000,0.126145000,0,0,0
408,local_costmap,69.079000000,69.079000000,69.079000000,0.000000000,100.000000000,100.576878000,2.159094000,102.735972000,2.735972000,0,0,0
409,local_costmap,69.178000000,69.178000000,69.181000000,0.000000000,100.000000000,99.760871000,1.976562000,101.737433000,1.737433000,0,0,0
410,local_costmap,69.278000000,69.278000000,69.278000000,0.000000000,100.000000000,101.078283000,1.955374000,103.033657000,3.033657000,0,0,0
411,local_costmap,69.378000000,69.378000000,69.380000000,0.000000000,100.000000000,99.554712000,2.030723000,101.585435000,1.585435000,0,0,0
412,local_costmap,69.479000000,69.479000000,69.479000000,0.000000000,100.000000000,94.282550000,2.369534000,96.652084000,-3.347916000,0,0,0
413,local_costmap,69.583000000,69.583000000,69.583000000,0.000000000,100.000000000,103.982766000,2.205691000,106.188457000,6.188457000,0,0,0
414,local_costmap,69.678000000,69.678000000,69.678000000,0.000000000,100.000000000,92.504161000,1.952375000,94.456536000,-5.543464000,0,0,0
415,local_costmap,69.778000000,69.778000000,69.780000000,0.000000000,100.000000000,99.413969000,1.990646000,101.404615000,1.404615000,0,0,0
416,local_costmap,69.879000000,69.879000000,69.881000000,0.000000000,100.000000000,105.306795000,4.868893000,110.175688000,10.175688000,0,0,0
417,local_costmap,69.978000000,69.978000000,69.978000000,0.000000000,100.000000000,93.098146000,2.107870000,95.206016000,-4.793984000,0,0,0
418,local_costmap,70.079000000,70.079000000,70.079000000,0.000000000,100.000000000,101.125371000,2.007671000,103.133042000,3.133042000,0,0,0
419,local_costmap,70.178000000,70.178000000,70.178000000,0.000000000,100.000000000,93.879798000,1.998729000,95.878527000,-4.121473000,0,0,0
420,local_costmap,70.278000000,70.278000000,70.278000000,0.000000000,100.000000000,100.404959000,2.348064000,102.753023000,2.753023000,0,0,0
421,local_costmap,70.378000000,70.378000000,70.378000000,0.000000000,100.000000000,93.274514000,2.680443000,95.954957000,-4.045043000,0,0,0
422,local_costmap,70.480000000,70.480000000,70.480000000,0.000000000,100.000000000,98.818423000,2.534839000,101.353262000,1.353262000,0,0,0
423,local_costmap,70.578000000,70.578000000,70.581000000,0.000000000,100.000000000,94.307214000,2.339934000,96.647148000,-3.352852000,0,0,0
424,local_costmap,70.679000000,70.679000000,70.680000000,0.000000000,100.000000000,115.686996000,2.142955000,117.829951000,17.829951000,0,0,0
425,local_costmap,70.778000000,70.778000000,70.778000000,0.000000000,100.000000000,95.409903000,2.056980000,97.466883000,-2.533117000,0,0,0
426,local_costmap,70.880000000,70.880000000,70.883000000,0.000000000,100.000000000,93.350673000,2.600367000,95.951040000,-4.048960000,0,0,0
427,local_costmap,70.978000000,70.978000000,70.980000000,0.000000000,100.000000000,92.457390000,2.405393000,94.862783000,-5.137217000,0,0,0
428,local_costmap,71.079000000,71.079000000,71.081000000,0.000000000,100.000000000,101.347079000,2.029582000,103.376661000,3.376661000,0,0,0
429,local_costmap,71.179000000,71.179000000,71.179000000,0.000000000,100.000000000,98.039782000,2.166834000,100.206616000,0.206616000,0,0,0
430,local_costmap,71.281000000,71.281000000,71.281000000,0.000000000,100.000000000,100.573137000,2.412476000,102.985613000,2.985613000,0,0,0
431,local_costmap,71.378000000,71.378000000,71.378000000,0.000000000,100.000000000,98.337161000,2.029154000,100.366315000,0.366315000,0,0,0
432,local_costmap,71.478000000,71.478000000,71.480000000,0.000000000,100.000000000,97.920190000,2.077043000,99.997233000,-0.002767000,0,0,0
433,local_costmap,71.578000000,71.578000000,71.581000000,0.000000000,100.000000000,100.089427000,2.545064000,102.634491000,2.634491000,0,0,0
434,local_costmap,71.678000000,71.678000000,71.680000000,0.000000000,100.000000000,94.216255000,2.112729000,96.328984000,-3.671016000,0,0,0
435,local_costmap,71.779000000,71.779000000,71.781000000,0.000000000,100.000000000,95.157144000,2.209895000,97.367039000,-2.632961000,0,0,0
436,local_costmap,71.878000000,71.878000000,71.878000000,0.000000000,100.000000000,100.098450000,2.170368000,102.268818000,2.268818000,0,0,0
437,local_costmap,71.978000000,71.978000000,71.981000000,0.000000000,100.000000000,100.708764000,2.498870000,103.207634000,3.207634000,0,0,0
438,local_costmap,72.078000000,72.078000000,72.078000000,0.000000000,100.000000000,102.468393000,2.249159000,104.717552000,4.717552000,0,0,0
439,local_costmap,72.178000000,72.178000000,72.180000000,0.000000000,100.000000000,93.599322000,2.501862000,96.101184000,-3.898816000,0,0,0
440,local_costmap,72.278000000,72.278000000,72.280000000,0.000000000,100.000000000,97.474787000,1.975851000,99.450638000,-0.549362000,0,0,0
441,local_costmap,72.378000000,72.378000000,72.378000000,0.000000000,100.000000000,95.958589000,1.981191000,97.939780000,-2.060220000,0,0,0
442,local_costmap,72.478000000,72.478000000,72.478000000,0.000000000,100.000000000,97.480841000,2.004773000,99.485614000,-0.514386000,0,0,0
443,local_costmap,72.578000000,72.578000000,72.578000000,0.000000000,100.000000000,104.026918000,2.526651000,106.553569000,6.553569000,0,0,0
444,local_costmap,72.678000000,72.678000000,72.678000000,0.000000000,100.000000000,103.850025000,2.524750000,106.374775000,6.374775000,0,0,0
445,local_costmap,72.778000000,72.778000000,72.778000000,0.000000000,100.000000000,97.899383000,2.339198000,100.238581000,0.238581000,0,0,0
446,local_costmap,72.878000000,72.878000000,72.878000000,0.000000000,100.000000000,95.508089000,1.991453000,97.499542000,-2.500458000,0,0,0
447,local_costmap,72.978000000,72.978000000,72.980000000,0.000000000,100.000000000,97.753408000,2.325030000,100.078438000,0.078438000,0,0,0
448,local_costmap,73.078000000,73.078000000,73.081000000,0.000000000,100.000000000,97.332065000,2.205370000,99.537435000,-0.462565000,0,0,0
449,local_costmap,73.178000000,73.178000000,73.181000000,0.000000000,100.000000000,100.275484000,2.040400000,102.315884000,2.315884000,0,0,0
450,local_costmap,73.279000000,73.279000000,73.281000000,0.000000000,100.000000000,99.012413000,2.106918000,101.119331000,1.119331000,0,0,0
451,local_costmap,73.379000000,73.379000000,73.379000000,0.000000000,100.000000000,101.980601000,2.090032000,104.070633000,4.070633000,0,0,0
452,local_costmap,73.479000000,73.479000000,73.479000000,0.000000000,100.000000000,101.539446000,2.132940000,103.672386000,3.672386000,0,0,0
453,local_costmap,73.578000000,73.578000000,73.581000000,0.000000000,100.000000000,91.230548000,2.562993000,93.793541000,-6.206459000,0,0,0
454,local_costmap,73.679000000,73.679000000,73.682000000,0.000000000,100.000000000,94.325676000,2.484477000,96.810153000,-3.189847000,0,0,0
455,local_costmap,73.779000000,73.779000000,73.779000000,0.000000000,100.000000000,102.155505000,2.431591000,104.587096000,4.587096000,0,0,0
456,local_costmap,73.880000000,73.880000000,73.883000000,0.000000000,100.000000000,95.328092000,3.294559000,98.622651000,-1.377349000,0,0,0
457,local_costmap,73.979000000,73.979000000,73.980000000,0.000000000,100.000000000,110.492706000,2.045392000,112.538098000,12.538098000,0,0,0
458,local_costmap,74.078000000,74.078000000,74.080000000,0.000000000,100.000000000,94.154198000,2.315293000,96.469491000,-3.530509000,0,0,0
459,local_costmap,74.178000000,74.178000000,74.178000000,0.000000000,100.000000000,100.905794000,2.072277000,102.978071000,2.978071000,0,0,0
460,local_costmap,74.278000000,74.278000000,74.278000000,0.000000000,100.000000000,102.530026000,2.325295000,104.855321000,4.855321000,0,0,0
461,local_costmap,74.378000000,74.378000000,74.378000000,0.000000000,100.000000000,95.017295000,2.523803000,97.541098000,-2.458902000,0,0,0
462,local_costmap,74.478000000,74.478000000,74.478000000,0.000000000,100.000000000,94.577815000,2.001267000,96.579082000,-3.420918000,0,0,0
463,local_costmap,74.578000000,74.578000000,74.578000000,0.000000000,100.000000000,103.396986000,2.031031000,105.428017000,5.428017000,0,0,0
464,local_costmap,74.678000000,74.678000000,74.680000000,0.000000000,100.000000000,98.132390000,2.012176000,100.144566000,0.144566000,0,0,0
465,local_costmap,74.778000000,74.778000000,74.780000000,0.000000000,100.000000000,108.279356000,2.004047000,110.283403000,10.283403000,0,0,0
466,local_costmap,74.878000000,74.878000000,74.881000000,0.000000000,100.000000000,95.892242000,2.389771000,98.282013000,-1.717987000,0,0,0
467,local_costmap,74.978000000,74.978000000,74.978000000,0.000000000,100.000000000,92.103888000,2.116422000,94.220310000,-5.779690000,0,0,0
468,local_costmap,75.078000000,75.078000000,75.080000000,0.000000000,100.000000000,96.976658000,2.160510000,99.137168000,-0.862832000,0,0,0
469,local_costmap,75.179000000,75.179000000,75.179000000,0.000000000,100.000000000,108.283108000,2.471075000,110.754183000,10.754183000,0,0,0
470,local_costmap,75.278000000,75.278000000,75.279000000,0.000000000,100.000000000,94.512661000,2.854467000,97.367128000,-2.632872000,0,0,0
471,local_costmap,75.378000000,75.378000000,75.379000000,0.000000000,100.000000000,99.165466000,2.665037000,101.830503000,1.830503000,0,0,0
472,local_costmap,75.482000000,75.482000000,75.485000000,0.000000000,100.000000000,102.177917000,2.160203000,104.338120000,4.338120000,0,0,0
473,local_costmap,75.579000000,75.579000000,75.581000000,0.000000000,100.000000000,97.315962000,2.490824000,99.806786000,-0.193214000,0,0,0
474,local_costmap,75.678000000,75.678000000,75.678000000,0.000000000,100.000000000,95.325433000,2.113764000,97.439197000,-2.560803000,0,0,0
475,local_costmap,75.778000000,75.778000000,75.778000000,0.000000000,100.000000000,99.554047000,2.063861000,101.617908000,1.617908000,0,0,0
476,local_costmap,75.880000000,75.880000000,75.880000000,0.000000000,100.000000000,101.303111000,2.086112000,103.389223000,3.389223000,0,0,0
477,local_costmap,75.979000000,75.979000000,75.979000000,0.000000000,100.000000000,92.596018000,1.993198000,94.589216000,-5.410784000,0,0,0
478,local_costmap,76.078000000,76.078000000,76.078000000,0.000000000,100.000000000,100.521632000,2.135079000,102.656711000,2.656711000,0,0,0
479,local_costmap,76.178000000,76.178000000,76.178000000,0.000000000,100.000000000,93.724197000,2.043874000,95.768071000,-4.231929000,0,0,0
480,local_costmap,76.278000000,76.278000000,76.278000000,0.000000000,100.000000000,96.162121000,2.535051000,98.697172000,-1.302828000,0,0,0
481,local_costmap,76.378000000,76.378000000,76.379000000,0.000000000,100.000000000,97.372971000,2.087189000,99.460160000,-0.539840000,0,0,0
482,local_costmap,76.478000000,76.478000000,76.481000000,0.000000000,100.000000000,102.904207000,2.335708000,105.239915000,5.239915000,0,0,0
483,local_costmap,76.579000000,76.579000000,76.581000000,0.000000000,100.000000000,97.542819000,2.312008000,99.854827000,-0.145173000,0,0,0
484,local_costmap,76.679000000,76.679000000,76.681000000,0.000000000,100.000000000,96.736548000,2.016242000,98.752790000,-1.247210000,0,0,0
485,local_costmap,76.778000000,76.778000000,76.780000000,0.000000000,100.000000000,94.401594000,1.961369000,96.362963000,-3.637037000,0,0,0
486,local_costmap,76.879000000,76.879000000,76.883000000,0.000000000,100.000000000,111.001788000,4.096695000,115.098483000,15.098483000,0,0,0
487,local_costmap,76.978000000,76.978000000,76.981000000,0.000000000,100.000000000,87.436412000,2.137362000,89.573774000,-10.426226000,0,0,0
488,local_costmap,77.078000000,77.078000000,77.080000000,0.000000000,100.000000000,96.227524000,2.221129000,98.448653000,-1.551347000,0,0,0
489,local_costmap,77.178000000,77.178000000,77.178000000,0.000000000,100.000000000,103.058971000,2.284969000,105.343940000,5.343940000,0,0,0
490,local_costmap,77.278000000,77.278000000,77.278000000,0.000000000,100.000000000,101.776856000,2.204832000,103.981688000,3.981688000,0,0,0
491,local_costmap,77.378000000,77.378000000,77.379000000,0.000000000,100.000000000,99.195319000,1.968724000,101.164043000,1.164043000,0,0,0
492,local_costmap,77.478000000,77.478000000,77.478000000,0.000000000,100.000000000,98.554390000,1.993812000,100.548202000,0.548202000,0,0,0
493,local_costmap,77.578000000,77.578000000,77.578000000,0.000000000,100.000000000,92.422991000,2.459175000,94.882166000,-5.117834000,0,0,0
494,local_costmap,77.679000000,77.679000000,77.679000000,0.000000000,100.000000000,105.777975000,4.985665000,110.763640000,10.763640000,0,0,0
495,local_costmap,77.778000000,77.778000000,77.778000000,0.000000000,100.000000000,88.606585000,2.323612000,90.930197000,-9.069803000,0,0,0
496,local_costmap,77.879000000,77.879000000,77.881000000,0.000000000,100.000000000,101.307178000,2.068737000,103.375915000,3.375915000,0,0,0
497,local_costmap,77.978000000,77.978000000,77.978000000,0.000000000,100.000000000,103.123557000,2.319539000,105.443096000,5.443096000,0,0,0
498,local_costmap,78.079000000,78.079000000,78.081000000,0.000000000,100.000000000,99.350700000,2.436205000,101.786905000,1.786905000,0,0,0
499,local_costmap,78.179000000,78.179000000,78.181000000,0.000000000,100.000000000,95.668870000,1.979712000,97.648582000,-2.351418000,0,0,0
500,local_costmap,78.278000000,78.278000000,78.278000000,0.000000000,100.000000000,97.773110000,2.165048000,99.938158000,-0.061842000,0,0,0
501,local_costmap,78.378000000,78.378000000,78.378000000,0.000000000,100.000000000,99.985680000,2.035631000,102.021311000,2.021311000,0,0,0
502,local_costmap,78.478000000,78.478000000,78.480000000,0.000000000,100.000000000,100.662337000,2.269413000,102.931750000,2.931750000,0,0,0
503,local_costmap,78.578000000,78.578000000,78.580000000,0.000000000,100.000000000,94.504063000,2.277156000,96.781219000,-3.218781000,0,0,0
504,local_costmap,78.679000000,78.679000000,78.681000000,0.000000000,100.000000000,96.263081000,2.098342000,98.361423000,-1.638577000,0,0,0
505,local_costmap,78.778000000,78.778000000,78.778000000,0.000000000,100.000000000,98.202353000,2.283436000,100.485789000,0.485789000,0,0,0
506,local_costmap,78.880000000,78.880000000,78.881000000,0.000000000,100.000000000,103.202710000,1.982296000,105.185006000,5.185006000,0,0,0
507,local_costmap,78.979000000,78.979000000,78.979000000,0.000000000,100.000000000,95.602991000,2.012116000,97.615107000,-2.384893000,0,0,0
508,local_costmap,79.079000000,79.079000000,79.079000000,0.000000000,100.000000000,99.091685000,2.164804000,101.256489000,1.256489000,0,0,0
509,local_costmap,79.178000000,79.178000000,79.178000000,0.000000000,100.000000000,106.981800000,2.001519000,108.983319000,8.983319000,0,0,0
510,local_costmap,79.278000000,79.278000000,79.278000000,0.000000000,100.000000000,98.490172000,1.962084000,100.452256000,0.452256000,0,0,0
511,local_costmap,79.378000000,79.378000000,79.379000000,0.000000000,100.000000000,102.787796000,2.430095000,105.217891000,5.217891000,0,0,0
512,local_costmap,79.478000000,79.478000000,79.478000000,0.000000000,100.000000000,97.060572000,2.176279000,99.236851000,-0.763149000,0,0,0
513,local_costmap,79.578000000,79.578000000,79.581000000,0.000000000,100.000000000,109.657050000,2.208352000,111.865402000,11.865402000,0,0,0
514,local_costmap,79.678000000,79.678000000,79.680000000,0.000000000,100.000000000,91.837234000,1.945363000,93.782597000,-6.217403000,0,0,0
515,local_costmap,79.778000000,79.778000000,79.780000000,0.000000000,100.000000000,97.847530000,2.420203000,100.267733000,0.267733000,0,0,0
516,local_costmap,79.878000000,79.878000000,79.881000000,0.000000000,100.000000000,99.279721000,2.312940000,101.592661000,1.592661000,0,0,0
517,local_costmap,79.979000000,79.979000000,79.979000000,0.000000000,100.000000000,102.792202000,2.044142000,104.836344000,4.836344000,0,0,0
518,local_costmap,80.079000000,80.079000000,80.079000000,0.000000000,100.000000000,101.018909000,2.081406000,103.100315000,3.100315000,0,0,0
519,local_costmap,80.178000000,80.178000000,80.181000000,0.000000000,100.000000000,107.005053000,1.978628000,108.983681000,8.983681000,0,0,0
520,local_costmap,80.279000000,80.279000000,80.282000000,0.000000000,100.000000000,91.413921000,1.970958000,93.384879000,-6.615121000,0,0,0
521,local_costmap,80.378000000,80.378000000,80.378000000,0.000000000,100.000000000,100.539057000,2.276129000,102.815186000,2.815186000,0,0,0
522,local_costmap,80.478000000,80.478000000,80.478000000,0.000000000,100.000000000,97.018826000,1.952843000,98.971669000,-1.028331000,0,0,0
523,local_costmap,80.578000000,80.578000000,80.578000000,0.000000000,100.000000000,100.262699000,2.325375000,102.588074000,2.588074000,0,0,0
524,local_costmap,80.678000000,80.678000000,80.678000000,0.000000000,100.000000000,101.766617000,2.547015000,104.313632000,4.313632000,0,0,0
525,local_costmap,80.778000000,80.778000000,80.778000000,0.000000000,100.000000000,103.023339000,2.334800000,105.358139000,5.358139000,0,0,0
526,local_costmap,80.878000000,80.878000000,80.880000000,0.000000000,100.000000000,103.075899000,1.969684000,105.045583000,5.045583000,0,0,0
527,local_costmap,80.978000000,80.978000000,80.978000000,0.000000000,100.000000000,104.513149000,2.750370000,107.263519000,7.263519000,0,0,0
528,local_costmap,81.078000000,81.078000000,81.078000000,0.000000000,100.000000000,90.944796000,2.298758000,93.243554000,-6.756446000,0,0,0
529,local_costmap,81.179000000,81.179000000,81.179000000,0.000000000,100.000000000,106.016437000,2.380678000,108.397115000,8.397115000,0,0,0
530,local_costmap,81.279000000,81.279000000,81.279000000,0.000000000,100.000000000,93.771311000,2.986428000,96.757739000,-3.242261000,0,0,0
531,local_costmap,81.378000000,81.378000000,81.378000000,0.000000000,100.000000000,95.194973000,2.392804000,97.587777000,-2.412223000,0,0,0
532,local_costmap,81.479000000,81.479000000,81.479000000,0.000000000,100.000000000,102.138450000,2.090366000,104.228816000,4.228816000,0,0,0
533,local_costmap,81.578000000,81.578000000,81.578000000,0.000000000,100.000000000,92.373538000,2.058866000,94.432404000,-5.567596000,0,0,0
534,local_costmap,81.678000000,81.678000000,81.681000000,0.000000000,100.000000000,95.026147000,2.493720000,97.519867000,-2.480133000,0,0,0
535,local_costmap,81.778000000,81.778000000,81.781000000,0.000000000,100.000000000,96.452934000,2.365788000,98.818722000,-1.181278000,0,0,0
536,local_costmap,81.878000000,81.878000000,81.881000000,0.000000000,100.000000000,102.065159000,2.811797000,104.876956000,4.876956000,0,0,0
537,local_costmap,81.983000000,81.983000000,81.985000000,0.000000000,100.000000000,100.729151000,2.043043000,102.772194000,2.772194000,0,0,0
538,local_costmap,82.078000000,82.078000000,82.080000000,0.000000000,100.000000000,93.686670000,2.061528000,95.748198000,-4.251802000,0,0,0
539,local_costmap,82.178000000,82.178000000,82.178000000,0.000000000,100.000000000,101.926172000,2.103944000,104.030116000,4.030116000,0,0,0
540,local_costmap,82.278000000,82.278000000,82.279000000,0.000000000,100.000000000,95.017191000,2.056017000,97.073208000,-2.926792000,0,0,0
541,local_costmap,82.379000000,82.379000000,82.379000000,0.000000000,100.000000000,98.698378000,2.037643000,100.736021000,0.736021000,0,0,0
542,local_costmap,82.479000000,82.479000000,82.479000000,0.000000000,100.000000000,98.834416000,2.760954000,101.595370000,1.595370000,0,0,0
543,local_costmap,82.579000000,82.579000000,82.579000000,0.000000000,100.000000000,94.953029000,2.294971000,97.248000000,-2.752000000,0,0,0
544,local_costmap,82.678000000,82.678000000,82.678000000,0.000000000,100.000000000,102.381603000,2.333426000,104.715029000,4.715029000,0,0,0
545,local_costmap,82.779000000,82.779000000,82.779000000,0.000000000,100.000000000,98.467190000,2.043252000,100.510442000,0.510442000,0,0,0
546,local_costmap,82.879000000,82.879000000,82.879000000,0.000000000,100.000000000,104.946832000,2.022997000,106.969829000,6.969829000,0,0,0
547,local_costmap,82.978000000,82.978000000,82.978000000,0.000000000,100.000000000,105.031742000,2.003024000,107.034766000,7.034766000,0,0,0
548,local_costmap,83.078000000,83.078000000,83.078000000,0.000000000,100.000000000,97.244761000,2.580566000,99.825327000,-0.174673000,0,0,0
549,local_costmap,83.178000000,83.178000000,83.178000000,0.000000000,100.000000000,92.092736000,2.334069000,94.426805000,-5.573195000,0,0,0
550,local_costmap,83.278000000,83.278000000,83.280000000,0.000000000,100.000000000,101.361171000,2.165822000,103.526993000,3.526993000,0,0,0
551,local_costmap,83.379000000,83.379000000,83.379000000,0.000000000,100.000000000,98.830455000,1.962911000,100.793366000,0.793366000,0,0,0
552,local_costmap,83.478000000,83.478000000,83.478000000,0.000000000,100.000000000,100.908332000,2.424722000,103.333054000,3.333054000,0,0,0
553,local_costmap,83.578000000,83.578000000,83.578000000,0.000000000,100.000000000,100.731169000,2.285359000,103.016528000,3.016528000,0,0,0
554,local_costmap,83.679000000,83.679000000,83.682000000,0.000000000,100.000000000,98.533351000,2.464849000,100.998200000,0.998200000,0,0,0
555,local_costmap,83.778000000,83.778000000,83.778000000,0.000000000,100.000000000,102.011665000,2.032111000,104.043776000,4.043776000,0,0,0
556,local_costmap,83.878000000,83.878000000,83.878000000,0.000000000,100.000000000,98.561132000,2.008030000,100.569162000,0.569162000,0,0,0
557,local_costmap,83.978000000,83.978000000,83.980000000,0.000000000,100.000000000,95.302784000,2.245030000,97.547814000,-2.452186000,0,0,0
558,local_costmap,84.078000000,84.078000000,84.080000000,0.000000000,100.000000000,103.935436000,2.055565000,105.991001000,5.991001000,0,0,0
559,local_costmap,84.178000000,84.178000000,84.180000000,0.000000000,100.000000000,95.084688000,1.974263000,97.058951000,-2.941049000,0,0,0
560,local_costmap,84.278000000,84.278000000,84.278000000,0.000000000,100.000000000,104.259111000,2.676404000,106.935515000,6.935515000,0,0,0
561,local_costmap,84.378000000,84.378000000,84.381000000,0.000000000,100.000000000,98.656292000,2.285515000,100.941807000,0.941807000,0,0,0
562,local_costmap,84.478000000,84.478000000,84.478000000,0.000000000,100.000000000,97.660985000,2.204011000,99.864996000,-0.135004000,0,0,0
563,local_costmap,84.580000000,84.580000000,84.580000000,0.000000000,100.000000000,111.489585000,1.953418000,113.443003000,13.443003000,0,0,0
564,local_costmap,84.678000000,84.678000000,84.678000000,0.000000000,100.000000000,97.579378000,2.174557000,99.753935000,-0.246065000,0,0,0
565,local_costmap,84.778000000,84.778000000,84.780000000,0.000000000,100.000000000,95.426246000,1.938424000,97.364670000,-2.635330000,0,0,0
566,local_costmap,84.878000000,84.878000000,84.881000000,0.000000000,100.000000000,115.845190000,2.363809000,118.208999000,18.208999000,0,0,0
567,local_costmap,84.978000000,84.978000000,84.981000000,0.000000000,100.000000000,91.803998000,2.341606000,94.145604000,-5.854396000,0,0,0
568,local_costmap,85.079000000,85.079000000,85.079000000,0.000000000,100.000000000,103.623562000,2.361956000,105.985518000,5.985518000,0,0,0
569,local_costmap,85.178000000,85.178000000,85.178000000,0.000000000,100.000000000,84.853696000,2.320769000,87.174465000,-12.825535000,0,0,0
570,local_costmap,85.278000000,85.278000000,85.280000000,0.000000000,100.000000000,99.112121000,2.008328000,101.120449000,1.120449000,0,0,0
571,local_costmap,85.379000000,85.379000000,85.379000000,0.000000000,100.000000000,103.227418000,2.346906000,105.574324000,5.574324000,0,0,0
572,local_costmap,85.478000000,85.478000000,85.478000000,0.000000000,100.000000000,104.896185000,1.974348000,106.870533000,6.870533000,0,0,0
573,local_costmap,85.578000000,85.578000000,85.578000000,0.000000000,100.000000000,94.492989000,1.958977000,96.451966000,-3.548034000,0,0,0
574,local_costmap,85.679000000,85.679000000,85.680000000,0.000000000,100.000000000,104.087190000,2.297329000,106.384519000,6.384519000,0,0,0
575,local_costmap,85.778000000,85.778000000,85.778000000,0.000000000,100.000000000,93.974621000,2.314212000,96.288833000,-3.711167000,0,0,0
576,local_costmap,85.878000000,85.878000000,85.878000000,0.000000000,100.000000000,101.096444000,2.127530000,103.223974000,3.223974000,0,0,0
577,local_costmap,85.978000000,85.978000000,85.978000000,0.000000000,100.000000000,92.969364000,2.017385000,94.986749000,-5.013251000,0,0,0
578,local_costmap,86.078000000,86.078000000,86.078000000,0.000000000,100.000000000,98.339806000,2.035412000,100.375218000,0.375218000,0,0,0
579,local_costmap,86.178000000,86.178000000,86.178000000,0.000000000,100.000000000,104.054083000,2.012820000,106.066903000,6.066903000,0,0,0
580,local_costmap,86.278000000,86.278000000,86.278000000,0.000000000,100.000000000,99.140854000,2.018975000,101.159829000,1.159829000,0,0,0
581,local_costmap,86.378000000,86.378000000,86.378000000,0.000000000,100.000000000,104.748180000,2.010764000,106.758944000,6.758944000,0,0,0
582,local_costmap,86.478000000,86.478000000,86.478000000,0.000000000,100.000000000,98.188463000,2.508834000,100.697297000,0.697297000,0,0,0
583,local_costmap,86.578000000,86.578000000,86.579000000,0.000000000,100.000000000,99.987559000,3.314763000,103.302322000,3.302322000,0,0,0
584,local_costmap,86.678000000,86.678000000,86.679000000,0.000000000,100.000000000,97.092291000,2.214304000,99.306595000,-0.693405000,0,0,0
585,local_costmap,86.778000000,86.778000000,86.778000000,0.000000000,100.000000000,116.842157000,2.276178000,119.118335000,19.118335000,0,0,0
586,local_costmap,86.878000000,86.878000000,86.878000000,0.000000000,100.000000000,83.981027000,2.275518000,86.256545000,-13.743455000,0,0,0
587,local_costmap,86.978000000,86.978000000,86.978000000,0.000000000,100.000000000,94.845932000,1.973231000,96.819163000,-3.180837000,0,0,0
588,local_costmap,87.078000000,87.078000000,87.078000000,0.000000000,100.000000000,96.729610000,1.979841000,98.709451000,-1.290549000,0,0,0
589,local_costmap,87.182000000,87.182000000,87.182000000,0.000000000,100.000000000,104.948752000,2.202123000,107.150875000,7.150875000,0,0,0
590,local_costmap,87.278000000,87.278000000,87.278000000,0.000000000,100.000000000,94.283546000,2.355837000,96.639383000,-3.360617000,0,0,0
591,local_costmap,87.378000000,87.378000000,87.378000000,0.000000000,100.000000000,100.499286000,2.185507000,102.684793000,2.684793000,0,0,0
592,local_costmap,87.478000000,87.478000000,87.478000000,0.000000000,100.000000000,91.168630000,2.531757000,93.700387000,-6.299613000,0,0,0
593,local_costmap,87.578000000,87.578000000,87.578000000,0.000000000,100.000000000,111.367080000,2.251636000,113.618716000,13.618716000,0,0,0
594,local_costmap,87.678000000,87.678000000,87.678000000,0.000000000,100.000000000,97.490236000,2.384598000,99.874834000,-0.125166000,0,0,0
595,local_costmap,87.778000000,87.778000000,87.779000000,0.000000000,100.000000000,99.005551000,2.243585000,101.249136000,1.249136000,0,0,0
596,local_costmap,87.878000000,87.878000000,87.881000000,0.000000000,100.000000000,95.847442000,3.470641000,99.318083000,-0.681917000,0,0,0
597,local_costmap,87.979000000,87.979000000,87.979000000,0.000000000,100.000000000,103.208211000,2.174841000,105.383052000,5.383052000,0,0,0
598,local_costmap,88.078000000,88.078000000,88.078000000,0.000000000,100.000000000,93.812354000,1.988968000,95.801322000,-4.198678000,0,0,0
599,local_costmap,88.179000000,88.179000000,88.181000000,0.000000000,100.000000000,108.302395000,1.982869000,110.285264000,10.285264000,0,0,0
600,local_costmap,88.278000000,88.278000000,88.280000000,0.000000000,100.000000000,95.524418000,2.316321000,97.840739000,-2.159261000,0,0,0
601,local_costmap,88.381000000,88.381000000,88.384000000,0.000000000,100.000000000,109.280539000,2.431888000,111.712427000,11.712427000,0,0,0
602,local_costmap,88.479000000,88.479000000,88.481000000,0.000000000,100.000000000,85.885659000,2.341800000,88.227459000,-11.772541000,0,0,0
603,local_costmap,88.579000000,88.579000000,88.582000000,0.000000000,100.000000000,116.666175000,2.279425000,118.945600000,18.945600000,0,0,0
604,local_costmap,88.678000000,88.678000000,88.681000000,0.000000000,100.000000000,86.295340000,2.530584000,88.825924000,-11.174076000,0,0,0
605,local_costmap,88.780000000,88.780000000,88.783000000,0.000000000,100.000000000,98.169950000,2.482511000,100.652461000,0.652461000,0,0,0
606,local_costmap,88.878000000,88.878000000,88.880000000,0.000000000,100.000000000,92.905476000,1.978833000,94.884309000,-5.115691000,0,0,0
607,local_costmap,88.978000000,88.978000000,88.980000000,0.000000000,100.000000000,103.616587000,2.002102000,105.618689000,5.618689000,0,0,0
608,local_costmap,89.078000000,89.078000000,89.081000000,0.000000000,100.000000000,97.964724000,1.941144000,99.905868000,-0.094132000,0,0,0
609,local_costmap,89.178000000,89.178000000,89.181000000,0.000000000,100.000000000,98.283901000,1.942946000,100.226847000,0.226847000,0,0,0
610,local_costmap,89.278000000,89.278000000,89.280000000,0.000000000,100.000000000,98.344868000,2.193042000,100.537910000,0.537910000,0,0,0
611,local_costmap,89.378000000,89.378000000,89.380000000,0.000000000,100.000000000,97.478290000,2.577902000,100.056192000,0.056192000,0,0,0
612,local_costmap,89.478000000,89.478000000,89.481000000,0.000000000,100.000000000,102.969017000,2.452875000,105.421892000,5.421892000,0,0,0
613,local_costmap,89.578000000,89.578000000,89.578000000,0.000000000,100.000000000,111.519449000,2.349892000,113.869341000,13.869341000,0,0,0
614,local_costmap,89.678000000,89.678000000,89.680000000,0.000000000,100.000000000,92.228679000,6.015268000,98.243947000,-1.756053000,0,0,0
615,local_costmap,89.778000000,89.778000000,89.779000000,0.000000000,100.000000000,101.467035000,3.172156000,104.639191000,4.639191000,0,0,0
616,local_costmap,89.878000000,89.878000000,89.878000000,0.000000000,100.000000000,94.731001000,2.372722000,97.103723000,-2.896277000,0,0,0
617,local_costmap,89.978000000,89.978000000,89.978000000,0.000000000,100.000000000,99.919710000,2.608585000,102.528295000,2.528295000,0,0,0
618,local_costmap,90.078000000,90.078000000,90.081000000,0.000000000,100.000000000,99.653961000,2.078188000,101.732149000,1.732149000,0,0,0
619,local_costmap,90.178000000,90.178000000,90.178000000,0.000000000,100.000000000,101.025090000,2.931154000,103.956244000,3.956244000,0,0,0
620,local_costmap,90.279000000,90.279000000,90.279000000,0.000000000,100.000000000,102.372357000,2.306515000,104.678872000,4.678872000,0,0,0
621,local_costmap,90.379000000,90.379000000,90.379000000,0.000000000,100.000000000,97.203662000,2.241048000,99.444710000,-0.555290000,0,0,0
622,local_costmap,90.478000000,90.478000000,90.480000000,0.000000000,100.000000000,91.687759000,2.409955000,94.097714000,-5.902286000,0,0,0
623,local_costmap,90.578000000,90.578000000,90.581000000,0.000000000,100.000000000,96.952554000,2.382425000,99.334979000,-0.665021000,0,0,0
624,local_costmap,90.678000000,90.678000000,90.681000000,0.000000000,100.000000000,100.493977000,2.019742000,102.513719000,2.513719000,0,0,0
625,local_costmap,90.779000000,90.779000000,90.781000000,0.000000000,100.000000000,94.713979000,2.055220000,96.769199000,-3.230801000,0,0,0
626,local_costmap,90.879000000,90.879000000,90.881000000,0.000000000,100.000000000,98.599516000,2.248131000,100.847647000,0.847647000,0,0,0
627,local_costmap,90.978000000,90.978000000,90.978000000,0.000000000,100.000000000,97.075924000,2.288714000,99.364638000,-0.635362000,0,0,0
628,local_costmap,91.078000000,91.078000000,91.079000000,0.000000000,100.000000000,101.738123000,2.355967000,104.094090000,4.094090000,0,0,0
629,local_costmap,91.179000000,91.179000000,91.181000000,0.000000000,100.000000000,97.355343000,2.006408000,99.361751000,-0.638249000,0,0,0
630,local_costmap,91.280000000,91.280000000,91.280000000,0.000000000,100.000000000,105.673016000,2.326704000,107.999720000,7.999720000,0,0,0
631,local_costmap,91.378000000,91.378000000,91.378000000,0.000000000,100.000000000,93.767193000,1.997980000,95.765173000,-4.234827000,0,0,0
632,local_costmap,91.478000000,91.478000000,91.478000000,0.000000000,100.000000000,98.757908000,2.047122000,100.805030000,0.805030000,0,0,0
633,local_costmap,91.579000000,91.579000000,91.579000000,0.000000000,100.000000000,105.244442000,2.012188000,107.256630000,7.256630000,0,0,0
634,local_costmap,91.678000000,91.678000000,91.680000000,0.000000000,100.000000000,102.958300000,2.088681000,105.046981000,5.046981000,0,0,0
635,local_costmap,91.779000000,91.779000000,91.779000000,0.000000000,100.000000000,99.578231000,2.167786000,101.746017000,1.746017000,0,0,0
636,local_costmap,91.879000000,91.879000000,91.879000000,0.000000000,100.000000000,98.214966000,2.272938000,100.487904000,0.487904000,0,0,0
637,local_costmap,91.978000000,91.978000000,91.978000000,0.000000000,100.000000000,96.096032000,2.434178000,98.530210000,-1.469790000,0,0,0
638,local_costmap,92.079000000,92.079000000,92.079000000,0.000000000,100.000000000,100.942498000,2.426100000,103.368598000,3.368598000,0,0,0
639,local_costmap,92.178000000,92.178000000,92.178000000,0.000000000,100.000000000,98.545642000,2.180827000,100.726469000,0.726469000,0,0,0
640,local_costmap,92.278000000,92.278000000,92.281000000,0.000000000,100.000000000,98.496685000,2.023459000,100.520144000,0.520144000,0,0,0
641,local_costmap,92.379000000,92.379000000,92.379000000,0.000000000,100.000000000,103.792971000,1.996935000,105.789906000,5.789906000,0,0,0
642,local_costmap,92.478000000,92.478000000,92.480000000,0.000000000,100.000000000,87.648570000,2.037243000,89.685813000,-10.314187000,0,0,0
643,local_costmap,92.578000000,92.578000000,92.578000000,0.000000000,100.000000000,102.169037000,2.027668000,104.196705000,4.196705000,0,0,0
644,local_costmap,92.678000000,92.678000000,92.678000000,0.000000000,100.000000000,98.205720000,2.328907000,100.534627000,0.534627000,0,0,0
645,local_costmap,92.779000000,92.779000000,92.782000000,0.000000000,100.000000000,104.016919000,2.050670000,106.067589000,6.067589000,0,0,0
646,local_costmap,92.878000000,92.878000000,92.880000000,0.000000000,100.000000000,92.533884000,2.537404000,95.071288000,-4.928712000,0,0,0
647,local_costmap,92.978000000,92.978000000,92.980000000,0.000000000,100.000000000,111.137817000,2.051850000,113.189667000,13.189667000,0,0,0
648,local_costmap,93.078000000,93.078000000,93.081000000,0.000000000,100.000000000,90.484589000,2.137346000,92.621935000,-7.378065000,0,0,0
649,local_costmap,93.178000000,93.178000000,93.180000000,0.000000000,100.000000000,102.203464000,2.113886000,104.317350000,4.317350000,0,0,0
650,local_costmap,93.278000000,93.278000000,93.280000000,0.000000000,100.000000000,100.000151000,2.128758000,102.128909000,2.128909000,0,0,0
651,local_costmap,93.378000000,93.378000000,93.380000000,0.000000000,100.000000000,104.219999000,2.052720000,106.272719000,6.272719000,0,0,0
652,local_costmap,93.478000000,93.478000000,93.480000000,0.000000000,100.000000000,91.883022000,2.096811000,93.979833000,-6.020167000,0,0,0
653,local_costmap,93.579000000,93.579000000,93.581000000,0.000000000,100.000000000,120.300721000,2.151898000,122.452619000,22.452619000,0,0,0
654,local_costmap,93.678000000,93.678000000,93.680000000,0.000000000,100.000000000,92.211858000,2.155633000,94.367491000,-5.632509000,0,0,0
655,local_costmap,93.781000000,93.781000000,93.783000000,0.000000000,100.000000000,102.381919000,2.008686000,104.390605000,4.390605000,0,0,0
656,local_costmap,93.878000000,93.878000000,93.881000000,0.000000000,100.000000000,96.731147000,2.013949000,98.745096000,-1.254904000,0,0,0
657,local_costmap,93.978000000,93.978000000,93.980000000,0.000000000,100.000000000,98.560950000,1.999785000,100.560735000,0.560735000,0,0,0
658,local_costmap,94.078000000,94.078000000,94.080000000,0.000000000,100.000000000,97.059558000,2.243931000,99.303489000,-0.696511000,0,0,0
659,local_costmap,94.178000000,94.178000000,94.178000000,0.000000000,100.000000000,94.172025000,2.000723000,96.172748000,-3.827252000,0,0,0
660,local_costmap,94.278000000,94.278000000,94.278000000,0.000000000,100.000000000,114.824417000,2.276062000,117.100479000,17.100479000,0,0,0
661,local_costmap,94.379000000,94.379000000,94.379000000,0.000000000,100.000000000,94.288175000,2.436351000,96.724526000,-3.275474000,0,0,0
662,local_costmap,94.478000000,94.478000000,94.479000000,0.000000000,100.000000000,115.651007000,1.998052000,117.649059000,17.649059000,0,0,0
663,local_costmap,94.579000000,94.579000000,94.579000000,0.000000000,100.000000000,90.634264000,1.925475000,92.559739000,-7.440261000,0,0,0
664,local_costmap,94.678000000,94.678000000,94.681000000,0.000000000,100.000000000,104.338982000,1.988581000,106.327563000,6.327563000,0,0,0
665,local_costmap,94.778000000,94.778000000,94.781000000,0.000000000,100.000000000,91.724397000,2.014505000,93.738902000,-6.261098000,0,0,0
666,local_costmap,94.879000000,94.879000000,94.881000000,0.000000000,100.000000000,96.382967000,2.374929000,98.757896000,-1.242104000,0,0,0
667,local_costmap,94.978000000,94.978000000,94.980000000,0.000000000,100.000000000,95.597331000,1.978685000,97.576016000,-2.423984000,0,0,0
668,local_costmap,95.078000000,95.078000000,95.081000000,0.000000000,100.000000000,102.772286000,2.496236000,105.268522000,5.268522000,0,0,0
669,local_costmap,95.178000000,95.178000000,95.181000000,0.000000000,100.000000000,96.000523000,2.598529000,98.599052000,-1.400948000,0,0,0
670,local_costmap,95.278000000,95.278000000,95.278000000,0.000000000,100.000000000,108.644167000,4.622464000,113.266631000,13.266631000,0,0,0
671,local_costmap,95.379000000,95.379000000,95.379000000,0.000000000,100.000000000,94.081281000,2.430228000,96.511509000,-3.488491000,0,0,0
672,local_costmap,95.478000000,95.478000000,95.478000000,0.000000000,100.000000000,88.968443000,2.859346000,91.827789000,-8.172211000,0,0,0
673,local_costmap,95.578000000,95.578000000,95.578000000,0.000000000,100.000000000,95.970973000,2.329591000,98.300564000,-1.699436000,0,0,0
674,local_costmap,95.678000000,95.678000000,95.678000000,0.000000000,100.000000000,99.055693000,2.770653000,101.826346000,1.826346000,0,0,0
675,local_costmap,95.778000000,95.778000000,95.778000000,0.000000000,100.000000000,99.428885000,2.384102000,101.812987000,1.812987000,0,0,0
676,local_costmap,95.880000000,95.880000000,95.883000000,0.000000000,100.000000000,96.816138000,3.987121000,100.803259000,0.803259000,0,0,0
677,local_costmap,95.983000000,95.983000000,95.985000000,0.000000000,100.000000000,105.926469000,2.111089000,108.037558000,8.037558000,0,0,0
678,local_costmap,96.079000000,96.079000000,96.081000000,0.000000000,100.000000000,91.207540000,2.176051000,93.383591000,-6.616409000,0,0,0
679,local_costmap,96.178000000,96.178000000,96.178000000,0.000000000,100.000000000,98.679935000,2.065011000,100.744946000,0.744946000,0,0,0
680,local_costmap,96.278000000,96.278000000,96.278000000,0.000000000,100.000000000,97.149281000,2.034778000,99.184059000,-0.815941000,0,0,0
681,local_costmap,96.378000000,96.378000000,96.378000000,0.000000000,100.000000000,105.014036000,2.323837000,107.337873000,7.337873000,0,0,0
682,local_costmap,96.479000000,96.479000000,96.479000000,0.000000000,100.000000000,102.616909000,2.064548000,104.681457000,4.681457000,0,0,0
683,local_costmap,96.579000000,96.579000000,96.579000000,0.000000000,100.000000000,93.738766000,2.069876000,95.808642000,-4.191358000,0,0,0
684,local_costmap,96.679000000,96.679000000,96.679000000,0.000000000,100.000000000,101.112556000,2.359878000,103.472434000,3.472434000,0,0,0
685,local_costmap,96.778000000,96.778000000,96.778000000,0.000000000,100.000000000,92.025688000,2.820983000,94.846671000,-5.153329000,0,0,0
686,local_costmap,96.879000000,96.879000000,96.879000000,0.000000000,100.000000000,99.169622000,2.034523000,101.204145000,1.204145000,0,0,0
687,local_costmap,96.978000000,96.978000000,96.978000000,0.000000000,100.000000000,94.278293000,2.020976000,96.299269000,-3.700731000,0,0,0
688,local_costmap,97.078000000,97.078000000,97.078000000,0.000000000,100.000000000,102.991317000,2.331462000,105.322779000,5.322779000,0,0,0
689,local_costmap,97.178000000,97.178000000,97.178000000,0.000000000,100.000000000,91.513224000,2.047366000,93.560590000,-6.439410000,0,0,0
690,local_costmap,97.278000000,97.278000000,97.278000000,0.000000000,100.000000000,102.225438000,2.281207000,104.506645000,4.506645000,0,0,0
691,local_costmap,97.378000000,97.378000000,97.378000000,0.000000000,100.000000000,92.581324000,2.330923000,94.912247000,-5.087753000,0,0,0
692,local_costmap,97.478000000,97.478000000,97.478000000,0.000000000,100.000000000,97.314010000,2.014236000,99.328246000,-0.671754000,0,0,0
693,local_costmap,97.578000000,97.578000000,97.578000000,0.000000000,100.000000000,105.930915000,2.004707000,107.935622000,7.935622000,0,0,0
694,local_costmap,97.680000000,97.680000000,97.682000000,0.000000000,100.000000000,111.754269000,1.962179000,113.716448000,13.716448000,0,0,0
695,local_costmap,97.778000000,97.778000000,97.780000000,0.000000000,100.000000000,91.852655000,1.987193000,93.839848000,-6.160152000,0,0,0
696,local_costmap,97.878000000,97.878000000,97.880000000,0.000000000,100.000000000,104.191398000,1.944450000,106.135848000,6.135848000,0,0,0
697,local_costmap,97.978000000,97.978000000,97.978000000,0.000000000,100.000000000,103.643875000,2.280515000,105.924390000,5.924390000,0,0,0
698,local_costmap,98.078000000,98.078000000,98.078000000,0.000000000,100.000000000,108.365023000,2.251447000,110.616470000,10.616470000,0,0,0
699,local_costmap,98.178000000,98.178000000,98.181000000,0.000000000,100.000000000,90.499318000,2.392816000,92.892134000,-7.107866000,0,0,0
700,local_costmap,98.278000000,98.278000000,98.281000000,0.000000000,100.000000000,104.734961000,2.657817000,107.392778000,7.392778000,0,0,0
701,local_costmap,98.378000000,98.378000000,98.378000000,0.000000000,100.000000000,90.333104000,2.307771000,92.640875000,-7.359125000,0,0,0
702,local_costmap,98.478000000,98.478000000,98.478000000,0.000000000,100.000000000,103.700401000,2.333198000,106.033599000,6.033599000,0,0,0
703,local_costmap,98.578000000,98.578000000,98.580000000,0.000000000,100.000000000,100.215247000,2.013683000,102.228930000,2.228930000,0,0,0
704,local_costmap,98.678000000,98.678000000,98.680000000,0.000000000,100.000000000,101.130590000,2.056167000,103.186757000,3.186757000,0,0,0
705,local_costmap,98.778000000,98.778000000,98.778000000,0.000000000,100.000000000,97.929170000,1.978726000,99.907896000,-0.092104000,0,0,0
706,local_costmap,98.878000000,98.878000000,98.878000000,0.000000000,100.000000000,102.883657000,2.225201000,105.108858000,5.108858000,0,0,0
707,local_costmap,98.979000000,98.979000000,98.979000000,0.000000000,100.000000000,109.499402000,2.031780000,111.531182000,11.531182000,0,0,0
708,local_costmap,99.079000000,99.079000000,99.079000000,0.000000000,100.000000000,92.496607000,2.001069000,94.497676000,-5.502324000,0,0,0
709,local_costmap,99.178000000,99.178000000,99.178000000,0.000000000,100.000000000,97.448879000,2.247721000,99.696600000,-0.303400000,0,0,0
710,local_costmap,99.278000000,99.278000000,99.278000000,0.000000000,100.000000000,103.011887000,2.319681000,105.331568000,5.331568000,0,0,0
711,local_costmap,99.378000000,99.378000000,99.379000000,0.000000000,100.000000000,99.214624000,3.381275000,102.595899000,2.595899000,0,0,0
712,local_costmap,99.479000000,99.479000000,99.479000000,0.000000000,100.000000000,87.603370000,2.279825000,89.883195000,-10.116805000,0,0,0
713,local_costmap,99.578000000,99.578000000,99.581000000,0.000000000,100.000000000,110.545142000,2.455006000,113.000148000,13.000148000,0,0,0
714,local_costmap,99.679000000,99.679000000,99.682000000,0.000000000,100.000000000,107.913963000,2.422962000,110.336925000,10.336925000,0,0,0
715,local_costmap,99.781000000,99.781000000,99.784000000,0.000000000,100.000000000,102.227711000,2.153071000,104.380782000,4.380782000,0,0,0
716,local_costmap,99.879000000,99.879000000,99.879000000,0.000000000,100.000000000,93.907422000,2.468071000,96.375493000,-3.624507000,0,0,0
717,local_costmap,99.978000000,99.978000000,99.981000000,0.000000000,100.000000000,95.620737000,2.413725000,98.034462000,-1.965538000,0,0,0
718,local_costmap,100.078000000,100.078000000,100.081000000,0.000000000,100.000000000,95.071895000,2.307563000,97.379458000,-2.620542000,0,0,0
719,local_costmap,100.178000000,100.178000000,100.181000000,0.000000000,100.000000000,100.442080000,2.215227000,102.657307000,2.657307000,0,0,0
720,local_costmap,100.279000000,100.279000000,100.282000000,0.000000000,100.000000000,100.100222000,2.307260000,102.407482000,2.407482000,0,0,0
721,local_costmap,100.378000000,100.378000000,100.378000000,0.000000000,100.000000000,100.514006000,2.245853000,102.759859000,2.759859000,0,0,0
722,local_costmap,100.479000000,100.479000000,100.479000000,0.000000000,100.000000000,110.944057000,2.295442000,113.239499000,13.239499000,0,0,0
723,local_costmap,100.579000000,100.579000000,100.579000000,0.000000000,100.000000000,89.509044000,2.234702000,91.743746000,-8.256254000,0,0,0
724,local_costmap,100.678000000,100.678000000,100.678000000,0.000000000,100.000000000,108.355547000,2.042567000,110.398114000,10.398114000,0,0,0
725,local_costmap,100.779000000,100.779000000,100.779000000,0.000000000,100.000000000,94.846948000,2.069168000,96.916116000,-3.083884000,0,0,0
726,local_costmap,100.878000000,100.878000000,100.878000000,0.000000000,100.000000000,97.039212000,2.087816000,99.127028000,-0.872972000,0,0,0
727,local_costmap,100.978000000,100.978000000,100.981000000,0.000000000,100.000000000,97.279229000,2.800861000,100.080090000,0.080090000,0,0,0
728,local_costmap,101.078000000,101.078000000,101.080000000,0.000000000,100.000000000,93.514207000,2.341712000,95.855919000,-4.144081000,0,0,0
729,local_costmap,101.178000000,101.178000000,101.181000000,0.000000000,100.000000000,103.561652000,2.231364000,105.793016000,5.793016000,0,0,0
730,local_costmap,101.278000000,101.278000000,101.279000000,0.000000000,100.000000000,92.913080000,2.176780000,95.089860000,-4.910140000,0,0,0
731,local_costmap,101.378000000,101.378000000,101.378000000,0.000000000,100.000000000,98.170271000,1.994606000,100.164877000,0.164877000,0,0,0
732,local_costmap,101.479000000,101.479000000,101.479000000,0.000000000,100.000000000,102.991733000,2.257013000,105.248746000,5.248746000,0,0,0
733,local_costmap,101.578000000,101.578000000,101.578000000,0.000000000,100.000000000,100.203523000,2.255603000,102.459126000,2.459126000,0,0,0
734,local_costmap,101.678000000,101.678000000,101.678000000,0.000000000,100.000000000,96.852146000,2.005078000,98.857224000,-1.142776000,0,0,0
735,local_costmap,101.779000000,101.779000000,101.779000000,0.000000000,100.000000000,96.581861000,2.493955000,99.075816000,-0.924184000,0,0,0
736,local_costmap,101.878000000,101.878000000,101.878000000,0.000000000,100.000000000,95.856199000,2.900526000,98.756725000,-1.243275000,0,0,0
737,local_costmap,101.978000000,101.978000000,101.980000000,0.000000000,100.000000000,97.739277000,2.313001000,100.052278000,0.052278000,0,0,0
738,local_costmap,102.078000000,102.078000000,102.080000000,0.000000000,100.000000000,104.465954000,1.937415000,106.403369000,6.403369000,0,0,0
739,local_costmap,102.179000000,102.179000000,102.181000000,0.000000000,100.000000000,94.912819000,1.996818000,96.909637000,-3.090363000,0,0,0
740,local_costmap,102.278000000,102.278000000,102.280000000,0.000000000,100.000000000,110.952755000,2.000930000,112.953685000,12.953685000,0,0,0
741,local_costmap,102.378000000,102.378000000,102.380000000,0.000000000,100.000000000,95.644945000,1.970108000,97.615053000,-2.384947000,0,0,0
742,local_costmap,102.478000000,102.478000000,102.481000000,0.000000000,100.000000000,100.195679000,2.350528000,102.546207000,2.546207000,0,0,0
743,local_costmap,102.578000000,102.578000000,102.580000000,0.000000000,100.000000000,96.707056000,1.966780000,98.673836000,-1.326164000,0,0,0
744,local_costmap,102.678000000,102.678000000,102.681000000,0.000000000,100.000000000,102.968884000,2.356235000,105.325119000,5.325119000,0,0,0
745,local_costmap,102.778000000,102.778000000,102.780000000,0.000000000,100.000000000,101.100760000,2.145763000,103.246523000,3.246523000,0,0,0
746,local_costmap,102.879000000,102.879000000,102.881000000,0.000000000,100.000000000,95.899499000,2.175044000,98.074543000,-1.925457000,0,0,0
747,local_costmap,102.978000000,102.978000000,102.981000000,0.000000000,100.000000000,99.505796000,2.329517000,101.835313000,1.835313000,0,0,0
748,local_costmap,103.078000000,103.078000000,103.078000000,0.000000000,100.000000000,94.608855000,2.311136000,96.919991000,-3.080009000,0,0,0
749,local_costmap,103.178000000,103.178000000,103.180000000,0.000000000,100.000000000,99.153012000,2.388240000,101.541252000,1.541252000,0,0,0
750,local_costmap,103.278000000,103.278000000,103.281000000,0.000000000,100.000000000,99.417205000,2.356192000,101.773397000,1.773397000,0,0,0
751,local_costmap,103.378000000,103.378000000,103.378000000,0.000000000,100.000000000,105.191239000,2.240776000,107.432015000,7.432015000,0,0,0
752,local_costmap,103.479000000,103.479000000,103.479000000,0.000000000,100.000000000,97.582427000,2.216663000,99.799090000,-0.200910000,0,0,0
753,local_costmap,103.578000000,103.578000000,103.578000000,0.000000000,100.000000000,102.069101000,2.366586000,104.435687000,4.435687000,0,0,0
754,local_costmap,103.679000000,103.679000000,103.679000000,0.000000000,100.000000000,95.999399000,2.425621000,98.425020000,-1.574980000,0,0,0
755,local_costmap,103.778000000,103.778000000,103.778000000,0.000000000,100.000000000,96.417875000,2.422069000,98.839944000,-1.160056000,0,0,0
756,local_costmap,103.878000000,103.878000000,103.878000000,0.000000000,100.000000000,94.461595000,2.348515000,96.810110000,-3.189890000,0,0,0
757,local_costmap,103.978000000,103.978000000,103.978000000,0.000000000,100.000000000,96.670840000,2.350276000,99.021116000,-0.978884000,0,0,0
758,local_costmap,104.081000000,104.081000000,104.083000000,0.000000000,100.000000000,105.500818000,2.320510000,107.821328000,7.821328000,0,0,0
759,local_costmap,104.178000000,104.178000000,104.180000000,0.000000000,100.000000000,87.251865000,2.414164000,89.666029000,-10.333971000,0,0,0
760,local_costmap,104.278000000,104.278000000,104.280000000,0.000000000,100.000000000,99.929007000,1.967904000,101.896911000,1.896911000,0,0,0
761,local_costmap,104.379000000,104.379000000,104.381000000,0.000000000,100.000000000,97.427067000,2.221617000,99.648684000,-0.351316000,0,0,0
762,local_costmap,104.478000000,104.478000000,104.478000000,0.000000000,100.000000000,96.259501000,2.004883000,98.264384000,-1.735616000,0,0,0
763,local_costmap,104.578000000,104.578000000,104.578000000,0.000000000,100.000000000,99.498003000,2.009120000,101.507123000,1.507123000,0,0,0
764,local_costmap,104.679000000,104.679000000,104.679000000,0.000000000,100.000000000,103.038988000,2.326204000,105.365192000,5.365192000,0,0,0
765,local_costmap,104.778000000,104.778000000,104.778000000,0.000000000,100.000000000,97.394171000,2.562223000,99.956394000,-0.043606000,0,0,0
766,local_costmap,104.878000000,104.878000000,104.878000000,0.000000000,100.000000000,104.854047000,2.619035000,107.473082000,7.473082000,0,0,0
767,local_costmap,104.978000000,104.978000000,104.978000000,0.000000000,100.000000000,95.505588000,2.337553000,97.843141000,-2.156859000,0,0,0
768,local_costmap,105.078000000,105.078000000,105.078000000,0.000000000,100.000000000,101.632941000,2.317335000,103.950276000,3.950276000,0,0,0
769,local_costmap,105.178000000,105.178000000,105.178000000,0.000000000,100.000000000,103.374173000,2.372420000,105.746593000,5.746593000,0,0,0
770,local_costmap,105.278000000,105.278000000,105.280000000,0.000000000,100.000000000,97.419884000,2.225603000,99.645487000,-0.354513000,0,0,0
771,local_costmap,105.379000000,105.379000000,105.381000000,0.000000000,100.000000000,95.746869000,2.233518000,97.980387000,-2.019613000,0,0,0
772,local_costmap,105.478000000,105.478000000,105.480000000,0.000000000,100.000000000,108.720120000,2.069399000,110.789519000,10.789519000,0,0,0
773,local_costmap,105.578000000,105.578000000,105.580000000,0.000000000,100.000000000,96.131263000,2.355026000,98.486289000,-1.513711000,0,0,0
774,local_costmap,105.678000000,105.678000000,105.680000000,0.000000000,100.000000000,104.781381000,2.155012000,106.936393000,6.936393000,0,0,0
775,local_costmap,105.778000000,105.778000000,105.780000000,0.000000000,100.000000000,95.279926000,2.348319000,97.628245000,-2.371755000,0,0,0
776,local_costmap,105.878000000,105.878000000,105.881000000,0.000000000,100.000000000,100.816215000,2.419526000,103.235741000,3.235741000,0,0,0
777,local_costmap,105.978000000,105.978000000,105.981000000,0.000000000,100.000000000,97.963340000,2.297620000,100.260960000,0.260960000,0,0,0
778,local_costmap,106.078000000,106.078000000,106.080000000,0.000000000,100.000000000,97.521261000,2.098378000,99.619639000,-0.380361000,0,0,0
779,local_costmap,106.178000000,106.178000000,106.180000000,0.000000000,100.000000000,94.065726000,2.143293000,96.209019000,-3.790981000,0,0,0
780,local_costmap,106.278000000,106.278000000,106.278000000,0.000000000,100.000000000,100.254243000,2.355979000,102.610222000,2.610222000,0,0,0
781,local_costmap,106.378000000,106.378000000,106.378000000,0.000000000,100.000000000,101.268731000,2.358066000,103.626797000,3.626797000,0,0,0
782,local_costmap,106.478000000,106.478000000,106.478000000,0.000000000,100.000000000,102.775941000,2.101165000,104.877106000,4.877106000,0,0,0
783,local_costmap,106.578000000,106.578000000,106.580000000,0.000000000,100.000000000,98.649025000,2.314947000,100.963972000,0.963972000,0,0,0
784,local_costmap,106.678000000,106.678000000,106.678000000,0.000000000,100.000000000,96.709120000,2.319485000,99.028605000,-0.971395000,0,0,0
785,local_costmap,106.779000000,106.779000000,106.779000000,0.000000000,100.000000000,97.409522000,2.459706000,99.869228000,-0.130772000,0,0,0
786,local_costmap,106.878000000,106.878000000,106.878000000,0.000000000,100.000000000,98.368301000,2.328889000,100.697190000,0.697190000,0,0,0
787,local_costmap,106.978000000,106.978000000,106.980000000,0.000000000,100.000000000,97.065184000,1.963607000,99.028791000,-0.971209000,0,0,0
788,local_costmap,107.082000000,107.082000000,107.082000000,0.000000000,100.000000000,108.832792000,2.400876000,111.233668000,11.233668000,0,0,0
789,local_costmap,107.179000000,107.179000000,107.179000000,0.000000000,100.000000000,93.573123000,2.283549000,95.856672000,-4.143328000,0,0,0
790,local_costmap,107.278000000,107.278000000,107.278000000,0.000000000,100.000000000,95.943010000,2.316034000,98.259044000,-1.740956000,0,0,0
791,local_costmap,107.378000000,107.378000000,107.378000000,0.000000000,100.000000000,110.363256000,1.934425000,112.297681000,12.297681000,0,0,0
792,local_costmap,107.478000000,107.478000000,107.478000000,0.000000000,100.000000000,95.491827000,2.367798000,97.859625000,-2.140375000,0,0,0
793,local_costmap,107.578000000,107.578000000,107.580000000,0.000000000,100.000000000,112.400985000,2.857768000,115.258753000,15.258753000,0,0,0
794,local_costmap,107.678000000,107.678000000,107.681000000,0.000000000,100.000000000,93.581179000,2.265448000,95.846627000,-4.153373000,0,0,0
795,local_costmap,107.779000000,107.779000000,107.779000000,0.000000000,100.000000000,96.833323000,2.893595000,99.726918000,-0.273082000,0,0,0
796,local_costmap,107.882000000,107.882000000,107.889000000,0.000000000,100.000000000,109.461674000,6.339491000,115.801165000,15.801165000,0,0,0
797,local_costmap,107.979000000,107.979000000,107.981000000,0.000000000,100.000000000,83.843822000,2.594008000,86.437830000,-13.562170000,0,0,0
798,local_costmap,108.078000000,108.078000000,108.081000000,0.000000000,100.000000000,95.427056000,2.787902000,98.214958000,-1.785042000,0,0,0
799,local_costmap,108.178000000,108.178000000,108.181000000,0.000000000,100.000000000,97.220622000,2.698137000,99.918759000,-0.081241000,0,0,0
800,local_costmap,108.278000000,108.278000000,108.280000000,0.000000000,100.000000000,102.649820000,2.827213000,105.477033000,5.477033000,0,0,0
801,local_costmap,108.378000000,108.378000000,108.382000000,0.000000000,100.000000000,93.804059000,2.792142000,96.596201000,-3.403799000,0,0,0
802,local_costmap,108.478000000,108.478000000,108.482000000,0.000000000,100.000000000,93.610701000,2.926637000,96.537338000,-3.462662000,0,0,0
803,local_costmap,108.578000000,108.578000000,108.581000000,0.000000000,100.000000000,103.490875000,2.773252000,106.264127000,6.264127000,0,0,0
804,local_costmap,108.678000000,108.678000000,108.678000000,0.000000000,100.000000000,97.193520000,2.334400000,99.527920000,-0.472080000,0,0,0
805,local_costmap,108.778000000,108.778000000,108.778000000,0.000000000,100.000000000,98.509476000,2.772037000,101.281513000,1.281513000,0,0,0
806,local_costmap,108.880000000,108.880000000,108.881000000,0.000000000,100.000000000,100.437536000,3.933148000,104.370684000,4.370684000,0,0,0
807,local_costmap,108.978000000,108.978000000,108.979000000,0.000000000,100.000000000,93.899113000,3.255469000,97.154582000,-2.845418000,0,0,0
808,local_costmap,109.078000000,109.079000000,109.080000000,1.000000000,100.000000000,99.318475000,3.243698000,102.562173000,2.562173000,0,0,0
809,local_costmap,109.178000000,109.178000000,109.178000000,0.000000000,100.000000000,92.848955000,2.397340000,95.246295000,-4.753705000,0,0,0
810,local_costmap,109.279000000,109.279000000,109.279000000,0.000000000,100.000000000,99.622945000,2.322338000,101.945283000,1.945283000,0,0,0
811,local_costmap,109.378000000,109.378000000,109.378000000,0.000000000,100.000000000,96.104267000,2.896398000,99.000665000,-0.999335000,0,0,0
812,local_costmap,109.478000000,109.478000000,109.481000000,0.000000000,100.000000000,94.621893000,3.612538000,98.234431000,-1.765569000,0,0,0
813,local_costmap,109.578000000,109.578000000,109.580000000,0.000000000,100.000000000,99.076843000,2.751119000,101.827962000,1.827962000,0,0,0
814,local_costmap,109.678000000,109.678000000,109.678000000,0.000000000,100.000000000,99.763311000,2.964993000,102.728304000,2.728304000,0,0,0
815,local_costmap,109.778000000,109.778000000,109.779000000,0.000000000,100.000000000,100.168708000,2.992594000,103.161302000,3.161302000,0,0,0
816,local_costmap,109.878000000,109.878000000,109.880000000,0.000000000,100.000000000,95.969048000,2.718366000,98.687414000,-1.312586000,0,0,0
817,local_costmap,109.978000000,109.978000000,109.978000000,0.000000000,100.000000000,115.315238000,3.370121000,118.685359000,18.685359000,0,0,0
818,local_costmap,110.078000000,110.078000000,110.083000000,0.000000000,100.000000000,99.242632000,4.480910000,103.723542000,3.723542000,0,0,0
819,local_costmap,110.178000000,110.178000000,110.178000000,0.000000000,100.000000000,97.723738000,3.062982000,100.786720000,0.786720000,0,0,0
820,local_costmap,110.278000000,110.278000000,110.278000000,0.000000000,100.000000000,95.308898000,2.852367000,98.161265000,-1.838735000,0,0,0
821,local_costmap,110.379000000,110.379000000,110.379000000,0.000000000,100.000000000,94.293169000,3.765833000,98.059002000,-1.940998000,0,0,0
822,local_costmap,110.478000000,110.478000000,110.478000000,0.000000000,100.000000000,98.251285000,3.368647000,101.619932000,1.619932000,0,0,0
823,local_costmap,110.578000000,110.578000000,110.578000000,0.000000000,100.000000000,109.586528000,2.503085000,112.089613000,12.089613000,0,0,0
824,local_costmap,110.679000000,110.679000000,110.679000000,0.000000000,100.000000000,101.197073000,2.396124000,103.593197000,3.593197000,0,0,0
825,local_costmap,110.778000000,110.778000000,110.778000000,0.000000000,100.000000000,103.760064000,2.340557000,106.100621000,6.100621000,0,0,0
826,local_costmap,110.878000000,110.878000000,110.881000000,0.000000000,100.000000000,91.935273000,2.912357000,94.847630000,-5.152370000,0,0,0
827,local_costmap,110.982000000,110.982000000,110.986000000,0.000000000,100.000000000,100.607679000,3.243531000,103.851210000,3.851210000,0,0,0
828,local_costmap,111.078000000,111.078000000,111.082000000,0.000000000,100.000000000,98.180388000,3.687278000,101.867666000,1.867666000,0,0,0
829,local_costmap,111.179000000,111.179000000,111.183000000,0.000000000,100.000000000,110.146779000,2.998109000,113.144888000,13.144888000,0,0,0
830,local_costmap,111.278000000,111.278000000,111.282000000,0.000000000,100.000000000,94.280924000,2.885453000,97.166377000,-2.833623000,0,0,0
831,local_costmap,111.378000000,111.378000000,111.382000000,0.000000000,100.000000000,106.567470000,2.733317000,109.300787000,9.300787000,0,0,0
832,local_costmap,111.478000000,111.478000000,111.481000000,0.000000000,100.000000000,108.632204000,2.229069000,110.861273000,10.861273000,0,0,0
833,local_costmap,111.578000000,111.578000000,111.581000000,0.000000000,100.000000000,95.308895000,2.969392000,98.278287000,-1.721713000,0,0,0
834,local_costmap,111.678000000,111.678000000,111.682000000,0.000000000,100.000000000,96.744214000,2.898892000,99.643106000,-0.356894000,0,0,0
835,local_costmap,111.779000000,111.779000000,111.782000000,0.000000000,100.000000000,92.581210000,2.841464000,95.422674000,-4.577326000,0,0,0
836,local_costmap,111.878000000,111.878000000,111.879000000,0.000000000,100.000000000,123.820778000,3.006002000,126.826780000,26.826780000,0,0,0
837,local_costmap,111.978000000,111.978000000,111.981000000,0.000000000,100.000000000,106.255684000,2.779457000,109.035141000,9.035141000,0,0,0
838,local_costmap,112.078000000,112.078000000,112.080000000,0.000000000,100.000000000,106.071706000,2.959932000,109.031638000,9.031638000,0,0,0
839,local_costmap,112.178000000,112.178000000,112.178000000,0.000000000,100.000000000,97.934356000,2.779347000,100.713703000,0.713703000,0,0,0
840,local_costmap,112.278000000,112.278000000,112.278000000,0.000000000,100.000000000,95.571660000,2.802024000,98.373684000,-1.626316000,0,0,0
841,local_costmap,112.381000000,112.381000000,112.381000000,0.000000000,100.000000000,100.724513000,2.745417000,103.469930000,3.469930000,0,0,0
842,local_costmap,112.478000000,112.478000000,112.478000000,0.000000000,100.000000000,93.272249000,2.657332000,95.929581000,-4.070419000,0,0,0
843,local_costmap,112.578000000,112.578000000,112.580000000,0.000000000,100.000000000,98.961743000,2.795459000,101.757202000,1.757202000,0,0,0
844,local_costmap,112.678000000,112.678000000,112.678000000,0.000000000,100.000000000,99.261850000,2.745180000,102.007030000,2.007030000,0,0,0
845,local_costmap,112.778000000,112.778000000,112.781000000,0.000000000,100.000000000,99.138546000,2.676947000,101.815493000,1.815493000,0,0,0
846,local_costmap,112.878000000,112.878000000,112.878000000,0.000000000,100.000000000,110.113086000,3.174301000,113.287387000,13.287387000,0,0,0
847,local_costmap,112.978000000,112.978000000,112.981000000,0.000000000,100.000000000,104.142361000,2.842391000,106.984752000,6.984752000,0,0,0
848,local_costmap,113.078000000,113.078000000,113.081000000,0.000000000,100.000000000,95.496481000,2.849586000,98.346067000,-1.653933000,0,0,0
849,local_costmap,113.178000000,113.178000000,113.181000000,0.000000000,100.000000000,101.341751000,2.198301000,103.540052000,3.540052000,0,0,0
850,local_costmap,113.278000000,113.278000000,113.278000000,0.000000000,100.000000000,97.139429000,2.962147000,100.101576000,0.101576000,0,0,0
851,local_costmap,113.378000000,113.378000000,113.378000000,0.000000000,100.000000000,105.821005000,2.890905000,108.711910000,8.711910000,0,0,0
852,local_costmap,113.478000000,113.478000000,113.481000000,0.000000000,100.000000000,113.076041000,2.860828000,115.936869000,15.936869000,0,0,0
853,local_costmap,113.579000000,113.579000000,113.581000000,0.000000000,100.000000000,104.759423000,2.228837000,106.988260000,6.988260000,0,0,0
854,local_costmap,113.678000000,113.678000000,113.680000000,0.000000000,100.000000000,100.868997000,2.084123000,102.953120000,2.953120000,0,0,0
855,local_costmap,113.779000000,113.779000000,113.782000000,0.000000000,100.000000000,106.008653000,2.080771000,108.089424000,8.089424000,0,0,0
856,local_costmap,113.878000000,113.878000000,113.881000000,0.000000000,100.000000000,98.960620000,2.953320000,101.913940000,1.913940000,0,0,0
857,local_costmap,113.978000000,113.978000000,113.978000000,0.000000000,100.000000000,98.070031000,2.066280000,100.136311000,0.136311000,0,0,0
858,local_costmap,114.078000000,114.078000000,114.078000000,0.000000000,100.000000000,93.065699000,2.110210000,95.175909000,-4.824091000,0,0,0
859,local_costmap,114.178000000,114.178000000,114.181000000,0.000000000,100.000000000,96.837697000,2.337219000,99.174916000,-0.825084000,0,0,0
860,local_costmap,114.278000000,114.278000000,114.278000000,0.000000000,100.000000000,94.027428000,2.141974000,96.169402000,-3.830598000,0,0,0
861,local_costmap,114.378000000,114.378000000,114.380000000,0.000000000,100.000000000,103.683873000,2.042640000,105.726513000,5.726513000,0,0,0
862,local_costmap,114.478000000,114.478000000,114.480000000,0.000000000,100.000000000,97.730288000,2.113655000,99.843943000,-0.156057000,0,0,0
863,local_costmap,114.578000000,114.578000000,114.580000000,0.000000000,100.000000000,103.472060000,2.019626000,105.491686000,5.491686000,0,0,0
864,local_costmap,114.678000000,114.678000000,114.678000000,0.000000000,100.000000000,93.260117000,2.369634000,95.629751000,-4.370249000,0,0,0
865,local_costmap,114.778000000,114.778000000,114.778000000,0.000000000,100.000000000,105.984680000,2.059144000,108.043824000,8.043824000,0,0,0
866,local_costmap,114.878000000,114.878000000,114.879000000,0.000000000,100.000000000,97.953738000,2.338022000,100.291760000,0.291760000,0,0,0
867,local_costmap,114.978000000,114.978000000,114.981000000,0.000000000,100.000000000,103.198418000,3.014053000,106.212471000,6.212471000,0,0,0
868,local_costmap,115.080000000,115.080000000,115.081000000,0.000000000,100.000000000,93.337809000,2.008155000,95.345964000,-4.654036000,0,0,0
869,local_costmap,115.178000000,115.178000000,115.180000000,0.000000000,100.000000000,100.036942000,2.052209000,102.089151000,2.089151000,0,0,0
870,local_costmap,115.278000000,115.278000000,115.278000000,0.000000000,100.000000000,96.904497000,2.359339000,99.263836000,-0.736164000,0,0,0
871,local_costmap,115.378000000,115.378000000,115.378000000,0.000000000,100.000000000,104.403590000,2.643806000,107.047396000,7.047396000,0,0,0
872,local_costmap,115.478000000,115.478000000,115.482000000,0.000000000,100.000000000,103.046339000,2.643061000,105.689400000,5.689400000,0,0,0
873,local_costmap,115.578000000,115.578000000,115.581000000,0.000000000,100.000000000,96.207845000,2.388298000,98.596143000,-1.403857000,0,0,0
874,local_costmap,115.678000000,115.678000000,115.681000000,0.000000000,100.000000000,95.736505000,2.579528000,98.316033000,-1.683967000,0,0,0
875,local_costmap,115.779000000,115.779000000,115.779000000,0.000000000,100.000000000,102.219122000,2.027152000,104.246274000,4.246274000,0,0,0
876,local_costmap,115.878000000,115.878000000,115.878000000,0.000000000,100.000000000,111.608719000,2.517421000,114.126140000,14.126140000,0,0,0
877,local_costmap,115.978000000,115.978000000,115.980000000,0.000000000,100.000000000,93.228967000,2.351973000,95.580940000,-4.419060000,0,0,0
878,local_costmap,116.078000000,116.078000000,116.078000000,0.000000000,100.000000000,103.489863000,2.070864000,105.560727000,5.560727000,0,0,0
879,local_costmap,116.178000000,116.178000000,116.178000000,0.000000000,100.000000000,92.953702000,2.044874000,94.998576000,-5.001424000,0,0,0
880,local_costmap,116.278000000,116.278000000,116.278000000,0.000000000,100.000000000,109.557778000,2.397574000,111.955352000,11.955352000,0,0,0
881,local_costmap,116.378000000,116.378000000,116.378000000,0.000000000,100.000000000,94.664742000,2.272519000,96.937261000,-3.062739000,0,0,0
882,local_costmap,116.480000000,116.480000000,116.482000000,0.000000000,100.000000000,109.164850000,1.978919000,111.143769000,11.143769000,0,0,0
883,local_costmap,116.578000000,116.578000000,116.580000000,0.000000000,100.000000000,90.331640000,1.985904000,92.317544000,-7.682456000,0,0,0
884,local_costmap,116.678000000,116.678000000,116.678000000,0.000000000,100.000000000,91.560463000,2.416157000,93.976620000,-6.023380000,0,0,0
885,local_costmap,116.779000000,116.779000000,116.781000000,0.000000000,100.000000000,97.397793000,1.993458000,99.391251000,-0.608749000,0,0,0
886,local_costmap,116.878000000,116.878000000,116.881000000,0.000000000,100.000000000,102.591110000,2.128438000,104.719548000,4.719548000,0,0,0
887,local_costmap,116.978000000,116.978000000,116.981000000,0.000000000,100.000000000,93.000838000,2.325836000,95.326674000,-4.673326000,0,0,0
888,local_costmap,117.078000000,117.078000000,117.078000000,0.000000000,100.000000000,105.114164000,2.315261000,107.429425000,7.429425000,0,0,0
889,local_costmap,117.178000000,117.178000000,117.178000000,0.000000000,100.000000000,110.314781000,2.311646000,112.626427000,12.626427000,0,0,0
890,local_costmap,117.278000000,117.278000000,117.278000000,0.000000000,100.000000000,97.401765000,2.541809000,99.943574000,-0.056426000,0,0,0
891,local_costmap,117.380000000,117.380000000,117.383000000,0.000000000,100.000000000,104.371848000,2.372904000,106.744752000,6.744752000,0,0,0
892,local_costmap,117.478000000,117.478000000,117.478000000,0.000000000,100.000000000,87.832868000,2.517637000,90.350505000,-9.649495000,0,0,0
893,local_costmap,117.578000000,117.578000000,117.578000000,0.000000000,100.000000000,96.461564000,2.065316000,98.526880000,-1.473120000,0,0,0
894,local_costmap,117.679000000,117.679000000,117.681000000,0.000000000,100.000000000,99.142882000,4.807832000,103.950714000,3.950714000,0,0,0
895,local_costmap,117.778000000,117.778000000,117.780000000,0.000000000,100.000000000,96.756940000,2.148785000,98.905725000,-1.094275000,0,0,0
896,local_costmap,117.878000000,117.878000000,117.880000000,0.000000000,100.000000000,95.592879000,2.106487000,97.699366000,-2.300634000,0,0,0
897,local_costmap,117.978000000,117.978000000,117.981000000,0.000000000,100.000000000,98.899502000,2.530979000,101.430481000,1.430481000,0,0,0
898,local_costmap,118.078000000,118.078000000,118.081000000,0.000000000,100.000000000,101.786324000,2.695876000,104.482200000,4.482200000,0,0,0
899,local_costmap,118.178000000,118.178000000,118.181000000,0.000000000,100.000000000,103.587938000,2.888899000,106.476837000,6.476837000,0,0,0
900,local_costmap,118.279000000,118.279000000,118.282000000,0.000000000,100.000000000,102.304823000,2.716459000,105.021282000,5.021282000,0,0,0
901,local_costmap,118.378000000,118.378000000,118.380000000,0.000000000,100.000000000,100.133200000,2.514098000,102.647298000,2.647298000,0,0,0
902,local_costmap,118.478000000,118.478000000,118.478000000,0.000000000,100.000000000,100.456349000,2.545166000,103.001515000,3.001515000,0,0,0
903,local_costmap,118.578000000,118.578000000,118.578000000,0.000000000,100.000000000,91.176472000,2.245408000,93.421880000,-6.578120000,0,0,0
904,local_costmap,118.678000000,118.678000000,118.678000000,0.000000000,100.000000000,95.897399000,2.383813000,98.281212000,-1.718788000,0,0,0
905,local_costmap,118.778000000,118.778000000,118.778000000,0.000000000,100.000000000,94.176411000,2.003319000,96.179730000,-3.820270000,0,0,0
906,local_costmap,118.878000000,118.878000000,118.878000000,0.000000000,100.000000000,106.354310000,2.020965000,108.375275000,8.375275000,0,0,0
907,local_costmap,118.979000000,118.979000000,118.979000000,0.000000000,100.000000000,94.411341000,2.268261000,96.679602000,-3.320398000,0,0,0
908,local_costmap,119.079000000,119.079000000,119.080000000,0.000000000,100.000000000,99.750472000,2.502756000,102.253228000,2.253228000,0,0,0
909,local_costmap,119.178000000,119.178000000,119.180000000,0.000000000,100.000000000,100.038814000,2.021034000,102.059848000,2.059848000,0,0,0
910,local_costmap,119.278000000,119.278000000,119.281000000,0.000000000,100.000000000,95.912230000,2.064152000,97.976382000,-2.023618000,0,0,0
911,local_costmap,119.378000000,119.378000000,119.378000000,0.000000000,100.000000000,99.770644000,2.159450000,101.930094000,1.930094000,0,0,0
912,local_costmap,119.478000000,119.478000000,119.478000000,0.000000000,100.000000000,97.569251000,2.441165000,100.010416000,0.010416000,0,0,0
913,local_costmap,119.578000000,119.578000000,119.580000000,0.000000000,100.000000000,116.631949000,2.281898000,118.913847000,18.913847000,0,0,0
914,local_costmap,119.678000000,119.678000000,119.679000000,0.000000000,100.000000000,92.572534000,1.960474000,94.533008000,-5.466992000,0,0,0
915,local_costmap,119.778000000,119.778000000,119.779000000,0.000000000,100.000000000,97.312785000,2.001836000,99.314621000,-0.685379000,0,0,0
916,local_costmap,119.878000000,119.878000000,119.878000000,0.000000000,100.000000000,99.211360000,1.957994000,101.169354000,1.169354000,0,0,0
917,local_costmap,119.978000000,119.978000000,119.979000000,0.000000000,100.000000000,111.732668000,2.014036000,113.746704000,13.746704000,0,0,0
918,local_costmap,120.079000000,120.079000000,120.079000000,0.000000000,100.000000000,99.498980000,2.351190000,101.850170000,1.850170000,0,0,0
919,local_costmap,120.179000000,120.179000000,120.182000000,0.000000000,100.000000000,95.427597000,2.587716000,98.015313000,-1.984687000,0,0,0
920,local_costmap,120.278000000,120.278000000,120.281000000,0.000000000,100.000000000,104.595353000,2.293609000,106.888962000,6.888962000,0,0,0
921,local_costmap,120.379000000,120.379000000,120.381000000,0.000000000,100.000000000,95.930847000,2.167974000,98.098821000,-1.901179000,0,0,0
922,local_costmap,120.478000000,120.478000000,120.480000000,0.000000000,100.000000000,99.853757000,1.967700000,101.821457000,1.821457000,0,0,0
923,local_costmap,120.579000000,120.579000000,120.580000000,0.000000000,100.000000000,92.814763000,2.304632000,95.119395000,-4.880605000,0,0,0
924,local_costmap,120.678000000,120.678000000,120.678000000,0.000000000,100.000000000,108.714892000,2.231222000,110.946114000,10.946114000,0,0,0
925,local_costmap,120.779000000,120.779000000,120.779000000,0.000000000,100.000000000,105.288648000,1.972710000,107.261358000,7.261358000,0,0,0
926,local_costmap,120.878000000,120.878000000,120.880000000,0.000000000,100.000000000,102.791408000,1.942604000,104.734012000,4.734012000,0,0,0
927,local_costmap,120.979000000,120.979000000,120.981000000,0.000000000,100.000000000,96.950539000,1.971226000,98.921765000,-1.078235000,0,0,0
928,local_costmap,121.078000000,121.078000000,121.078000000,0.000000000,100.000000000,107.668298000,2.541960000,110.210258000,10.210258000,0,0,0
929,local_costmap,121.178000000,121.178000000,121.179000000,0.000000000,100.000000000,96.497873000,2.224098000,98.721971000,-1.278029000,0,0,0
930,local_costmap,121.278000000,121.278000000,121.280000000,0.000000000,100.000000000,93.876121000,2.194855000,96.070976000,-3.929024000,0,0,0
931,local_costmap,121.378000000,121.378000000,121.378000000,0.000000000,100.000000000,117.602935000,1.905680000,119.508615000,19.508615000,0,0,0
932,local_costmap,121.479000000,121.479000000,121.479000000,0.000000000,100.000000000,93.460329000,2.326521000,95.786850000,-4.213150000,0,0,0
933,local_costmap,121.579000000,121.579000000,121.581000000,0.000000000,100.000000000,99.402076000,2.357361000,101.759437000,1.759437000,0,0,0
934,local_costmap,121.678000000,121.678000000,121.678000000,0.000000000,100.000000000,95.452185000,2.247281000,97.699466000,-2.300534000,0,0,0
935,local_costmap,121.779000000,121.779000000,121.779000000,0.000000000,100.000000000,106.981599000,2.260689000,109.242288000,9.242288000,0,0,0
936,local_costmap,121.878000000,121.878000000,121.881000000,0.000000000,100.000000000,91.995913000,2.466047000,94.461960000,-5.538040000,0,0,0
937,local_costmap,121.978000000,121.978000000,121.980000000,0.000000000,100.000000000,101.081906000,2.013257000,103.095163000,3.095163000,0,0,0
938,local_costmap,122.079000000,122.079000000,122.081000000,0.000000000,100.000000000,96.399930000,1.989135000,98.389065000,-1.610935000,0,0,0
939,local_costmap,122.179000000,122.179000000,122.182000000,0.000000000,100.000000000,103.939043000,2.339696000,106.278739000,6.278739000,0,0,0
940,local_costmap,122.278000000,122.278000000,122.279000000,0.000000000,100.000000000,93.872769000,2.652042000,96.524811000,-3.475189000,0,0,0
941,local_costmap,122.378000000,122.378000000,122.378000000,0.000000000,100.000000000,106.382181000,2.568940000,108.951121000,8.951121000,0,0,0
942,local_costmap,122.479000000,122.479000000,122.481000000,0.000000000,100.000000000,88.753910000,2.554274000,91.308184000,-8.691816000,0,0,0
943,local_costmap,122.578000000,122.578000000,122.578000000,0.000000000,100.000000000,99.641644000,2.050998000,101.692642000,1.692642000,0,0,0
944,local_costmap,122.678000000,122.678000000,122.678000000,0.000000000,100.000000000,100.138610000,1.960495000,102.099105000,2.099105000,0,0,0
945,local_costmap,122.778000000,122.778000000,122.781000000,0.000000000,100.000000000,109.143467000,2.349224000,111.492691000,11.492691000,0,0,0
946,local_costmap,122.878000000,122.878000000,122.881000000,0.000000000,100.000000000,98.559177000,2.447587000,101.006764000,1.006764000,0,0,0
947,local_costmap,122.984000000,122.984000000,122.986000000,0.000000000,100.000000000,104.910560000,1.916864000,106.827424000,6.827424000,0,0,0
948,local_costmap,123.079000000,123.079000000,123.081000000,0.000000000,100.000000000,87.578410000,1.908819000,89.487229000,-10.512771000,0,0,0
949,local_costmap,123.178000000,123.178000000,123.181000000,0.000000000,100.000000000,101.494061000,2.014873000,103.508934000,3.508934000,0,0,0
950,local_costmap,123.278000000,123.278000000,123.278000000,0.000000000,100.000000000,94.703722000,2.141841000,96.845563000,-3.154437000,0,0,0
951,local_costmap,123.378000000,123.378000000,123.378000000,0.000000000,100.000000000,95.593595000,1.942469000,97.536064000,-2.463936000,0,0,0
952,local_costmap,123.478000000,123.478000000,123.480000000,0.000000000,100.000000000,104.180238000,1.924058000,106.104296000,6.104296000,0,0,0
953,local_costmap,123.578000000,123.578000000,123.580000000,0.000000000,100.000000000,90.961420000,2.195778000,93.157198000,-6.842802000,0,0,0
954,local_costmap,123.678000000,123.678000000,123.679000000,0.000000000,100.000000000,104.658894000,2.180806000,106.839700000,6.839700000,0,0,0
955,local_costmap,123.778000000,123.778000000,123.779000000,0.000000000,100.000000000,95.956907000,2.193305000,98.150212000,-1.849788000,0,0,0
956,local_costmap,123.878000000,123.878000000,123.878000000,0.000000000,100.000000000,99.322832000,1.986970000,101.309802000,1.309802000,0,0,0
957,local_costmap,123.978000000,123.978000000,123.978000000,0.000000000,100.000000000,95.884470000,2.006068000,97.890538000,-2.109462000,0,0,0
958,local_costmap,124.078000000,124.078000000,124.080000000,0.000000000,100.000000000,97.472313000,2.007325000,99.479638000,-0.520362000,0,0,0
959,local_costmap,124.178000000,124.178000000,124.178000000,0.000000000,100.000000000,94.392948000,2.197144000,96.590092000,-3.409908000,0,0,0
960,local_costmap,124.278000000,124.278000000,124.278000000,0.000000000,100.000000000,100.310641000,2.322957000,102.633598000,2.633598000,0,0,0
961,local_costmap,124.378000000,124.378000000,124.378000000,0.000000000,100.000000000,99.538245000,2.004945000,101.543190000,1.543190000,0,0,0
962,local_costmap,124.478000000,124.478000000,124.478000000,0.000000000,100.000000000,98.049405000,2.252902000,100.302307000,0.302307000,0,0,0
963,local_costmap,124.578000000,124.578000000,124.579000000,0.000000000,100.000000000,96.190312000,2.373645000,98.563957000,-1.436043000,0,0,0
964,local_costmap,124.678000000,124.678000000,124.678000000,0.000000000,100.000000000,103.972260000,2.357035000,106.329295000,6.329295000,0,0,0
965,local_costmap,124.778000000,124.778000000,124.778000000,0.000000000,100.000000000,95.416839000,2.322623000,97.739462000,-2.260538000,0,0,0
966,local_costmap,124.881000000,124.881000000,124.881000000,0.000000000,100.000000000,102.693467000,2.181742000,104.875209000,4.875209000,0,0,0
967,local_costmap,124.978000000,124.978000000,124.978000000,0.000000000,100.000000000,94.185078000,2.293474000,96.478552000,-3.521448000,0,0,0
968,local_costmap,125.078000000,125.078000000,125.080000000,0.000000000,100.000000000,94.425454000,2.439091000,96.864545000,-3.135455000,0,0,0
969,local_costmap,125.178000000,125.178000000,125.181000000,0.000000000,100.000000000,98.642682000,2.334488000,100.977170000,0.977170000,0,0,0
970,local_costmap,125.280000000,125.280000000,125.282000000,0.000000000,100.000000000,103.317878000,2.390607000,105.708485000,5.708485000,0,0,0
971,local_costmap,125.378000000,125.378000000,125.380000000,0.000000000,100.000000000,93.522462000,2.424812000,95.947274000,-4.052726000,0,0,0
972,local_costmap,125.479000000,125.479000000,125.479000000,0.000000000,100.000000000,105.336534000,2.357417000,107.693951000,7.693951000,0,0,0
973,local_costmap,125.578000000,125.578000000,125.578000000,0.000000000,100.000000000,99.642634000,2.324452000,101.967086000,1.967086000,0,0,0
974,local_costmap,125.678000000,125.678000000,125.681000000,0.000000000,100.000000000,105.309322000,2.579783000,107.889105000,7.889105000,0,0,0
975,local_costmap,125.778000000,125.778000000,125.779000000,0.000000000,100.000000000,98.241714000,2.335530000,100.577244000,0.577244000,0,0,0
976,local_costmap,125.880000000,125.880000000,125.883000000,0.000000000,100.000000000,101.402678000,2.415916000,103.818594000,3.818594000,0,0,0
977,local_costmap,125.978000000,125.978000000,125.978000000,0.000000000,100.000000000,92.402968000,1.986211000,94.389179000,-5.610821000,0,0,0
978,local_costmap,126.078000000,126.078000000,126.078000000,0.000000000,100.000000000,106.809813000,2.027784000,108.837597000,8.837597000,0,0,0
979,local_costmap,126.179000000,126.179000000,126.179000000,0.000000000,100.000000000,99.340595000,2.072398000,101.412993000,1.412993000,0,0,0
980,local_costmap,126.278000000,126.278000000,126.281000000,0.000000000,100.000000000,91.550042000,2.022339000,93.572381000,-6.427619000,0,0,0
981,local_costmap,126.381000000,126.381000000,126.384000000,0.000000000,100.000000000,107.893096000,2.074057000,109.967153000,9.967153000,0,0,0
982,local_costmap,126.478000000,126.478000000,126.481000000,0.000000000,100.000000000,92.002647000,3.037004000,95.039651000,-4.960349000,0,0,0
983,local_costmap,126.579000000,126.579000000,126.581000000,0.000000000,100.000000000,91.845662000,2.530341000,94.376003000,-5.623997000,0,0,0
984,local_costmap,126.678000000,126.678000000,126.680000000,0.000000000,100.000000000,97.314349000,2.023645000,99.337994000,-0.662006000,0,0,0
985,local_costmap,126.778000000,126.778000000,126.781000000,0.000000000,100.000000000,95.736269000,2.627560000,98.363829000,-1.636171000,0,0,0
986,local_costmap,126.880000000,126.880000000,126.883000000,0.000000000,100.000000000,106.374032000,2.512980000,108.887012000,8.887012000,0,0,0
987,local_costmap,126.979000000,126.979000000,126.981000000,0.000000000,100.000000000,92.046301000,2.507177000,94.553478000,-5.446522000,0,0,0
988,local_costmap,127.079000000,127.079000000,127.081000000,0.000000000,100.000000000,97.529999000,2.039620000,99.569619000,-0.430381000,0,0,0
989,local_costmap,127.178000000,127.178000000,127.180000000,0.000000000,100.000000000,96.293613000,2.081314000,98.374927000,-1.625073000,0,0,0
990,local_costmap,127.279000000,127.279000000,127.279000000,0.000000000,100.000000000,97.518896000,2.070658000,99.589554000,-0.410446000,0,0,0
991,local_costmap,127.379000000,127.379000000,127.381000000,0.000000000,100.000000000,106.103676000,2.241743000,108.345419000,8.345419000,0,0,0
992,local_costmap,127.478000000,127.478000000,127.480000000,0.000000000,100.000000000,92.455587000,2.357493000,94.813080000,-5.186920000,0,0,0
993,local_costmap,127.578000000,127.578000000,127.581000000,0.000000000,100.000000000,100.543722000,2.334031000,102.877753000,2.877753000,0,0,0
994,local_costmap,127.678000000,127.678000000,127.681000000,0.000000000,100.000000000,100.640423000,2.507563000,103.147986000,3.147986000,0,0,0
995,local_costmap,127.778000000,127.778000000,127.781000000,0.000000000,100.000000000,95.666505000,2.068482000,97.734987000,-2.265013000,0,0,0
996,local_costmap,127.878000000,127.878000000,127.880000000,0.000000000,100.000000000,92.254129000,2.070161000,94.324290000,-5.675710000,0,0,0
997,local_costmap,127.978000000,127.978000000,127.980000000,0.000000000,100.000000000,103.197744000,2.152163000,105.349907000,5.349907000,0,0,0
998,local_costmap,128.078000000,128.078000000,128.078000000,0.000000000,100.000000000,96.844269000,2.055145000,98.899414000,-1.100586000,0,0,0
999,local_costmap,128.178000000,128.178000000,128.178000000,0.000000000,100.000000000,98.954723000,2.255078000,101.209801000,1.209801000,0,0,0
1000,local_costmap,128.278000000,128.278000000,128.281000000,0.000000000,100.000000000,106.928296000,2.087250000,109.015546000,9.015546000,0,0,0
1001,local_costmap,128.378000000,128.378000000,128.381000000,0.000000000,100.000000000,92.623767000,2.363475000,94.987242000,-5.012758000,0,0,0
1002,local_costmap,128.479000000,128.479000000,128.479000000,0.000000000,100.000000000,102.025063000,1.981271000,104.006334000,4.006334000,0,0,0
1003,local_costmap,128.578000000,128.578000000,128.578000000,0.000000000,100.000000000,90.606019000,2.015062000,92.621081000,-7.378919000,0,0,0
1004,local_costmap,128.678000000,128.678000000,128.680000000,0.000000000,100.000000000,103.184724000,2.357826000,105.542550000,5.542550000,0,0,0
1005,local_costmap,128.779000000,128.779000000,128.782000000,0.000000000,100.000000000,100.002275000,2.239989000,102.242264000,2.242264000,0,0,0
1006,local_costmap,128.879000000,128.879000000,128.882000000,0.000000000,100.000000000,104.855480000,2.476593000,107.332073000,7.332073000,0,0,0
1007,local_costmap,128.978000000,128.978000000,128.978000000,0.000000000,100.000000000,98.164513000,2.810239000,100.974752000,0.974752000,0,0,0
1008,local_costmap,129.078000000,129.078000000,129.078000000,0.000000000,100.000000000,100.841793000,2.024254000,102.866047000,2.866047000,0,0,0
1009,local_costmap,129.178000000,129.178000000,129.181000000,0.000000000,100.000000000,98.984767000,2.130518000,101.115285000,1.115285000,0,0,0
1010,local_costmap,129.279000000,129.279000000,129.281000000,0.000000000,100.000000000,96.352393000,1.935883000,98.288276000,-1.711724000,0,3,3
1011,local_costmap,129.378000000,129.378000000,129.380000000,0.000000000,100.000000000,100.132495000,2.145320000,102.277815000,2.277815000,0,0,0
1012,local_costmap,129.478000000,129.478000000,129.481000000,0.000000000,100.000000000,98.459305000,2.417036000,100.876341000,0.876341000,0,0,0
1013,local_costmap,129.579000000,129.579000000,129.579000000,0.000000000,100.000000000,91.873865000,2.441693000,94.315558000,-5.684442000,0,0,0
1014,local_costmap,129.678000000,129.678000000,129.681000000,0.000000000,100.000000000,115.216470000,2.380756000,117.597226000,17.597226000,0,0,0
1015,local_costmap,129.778000000,129.778000000,129.781000000,0.000000000,100.000000000,94.538962000,2.339868000,96.878830000,-3.121170000,0,0,0
1016,local_costmap,129.878000000,129.878000000,129.880000000,0.000000000,100.000000000,103.165771000,2.092424000,105.258195000,5.258195000,0,0,0
1017,local_costmap,129.978000000,129.978000000,129.978000000,0.000000000,100.000000000,99.354689000,3.096041000,102.450730000,2.450730000,0,0,0
1018,local_costmap,130.078000000,130.078000000,130.081000000,0.000000000,100.000000000,104.073601000,2.259774000,106.333375000,6.333375000,0,0,0
1019,local_costmap,130.179000000,130.179000000,130.179000000,0.000000000,100.000000000,117.999345000,1.991039000,119.990384000,19.990384000,0,0,0
1020,local_costmap,130.278000000,130.278000000,130.281000000,0.000000000,100.000000000,102.343097000,2.003400000,104.346497000,4.346497000,0,0,0
1021,local_costmap,130.378000000,130.378000000,130.381000000,0.000000000,100.000000000,96.022940000,2.368734000,98.391674000,-1.608326000,0,0,0
1022,local_costmap,130.478000000,130.478000000,130.478000000,0.000000000,100.000000000,94.520911000,2.050808000,96.571719000,-3.428281000,0,0,0
1023,local_costmap,130.578000000,130.578000000,130.578000000,0.000000000,100.000000000,96.214801000,2.083807000,98.298608000,-1.701392000,0,0,0
1024,local_costmap,130.678000000,130.678000000,130.678000000,0.000000000,100.000000000,100.145092000,2.034904000,102.179996000,2.179996000,0,0,0
1025,local_costmap,130.778000000,130.778000000,130.778000000,0.000000000,100.000000000,109.904918000,2.059079000,111.963997000,11.963997000,0,0,0
1026,local_costmap,130.879000000,130.879000000,130.879000000,0.000000000,100.000000000,91.270320000,1.936503000,93.206823000,-6.793177000,0,0,0
1027,local_costmap,130.978000000,130.978000000,130.978000000,0.000000000,100.000000000,105.487955000,2.034027000,107.521982000,7.521982000,0,0,0
1028,local_costmap,131.078000000,131.078000000,131.080000000,0.000000000,100.000000000,94.647448000,2.529322000,97.176770000,-2.823230000,0,0,0
1029,local_costmap,131.178000000,131.178000000,131.180000000,0.000000000,100.000000000,104.932133000,2.002676000,106.934809000,6.934809000,0,0,0
1030,local_costmap,131.278000000,131.278000000,131.278000000,0.000000000,100.000000000,94.334570000,2.409587000,96.744157000,-3.255843000,0,0,0
1031,local_costmap,131.379000000,131.379000000,131.379000000,0.000000000,100.000000000,97.456342000,2.268307000,99.724649000,-0.275351000,0,0,0
1032,local_costmap,131.478000000,131.478000000,131.478000000,0.000000000,100.000000000,99.900236000,2.743286000,102.643522000,2.643522000,0,0,0
1033,local_costmap,131.578000000,131.578000000,131.578000000,0.000000000,100.000000000,98.574036000,2.285563000,100.859599000,0.859599000,0,0,0
1034,local_costmap,131.678000000,131.678000000,131.678000000,0.000000000,100.000000000,95.352241000,2.298349000,97.650590000,-2.349410000,0,0,0
1035,local_costmap,131.778000000,131.778000000,131.778000000,0.000000000,100.000000000,108.264702000,2.338512000,110.603214000,10.603214000,0,0,0
1036,local_costmap,131.878000000,131.878000000,131.878000000,0.000000000,100.000000000,93.731695000,2.368241000,96.099936000,-3.900064000,0,0,0
1037,local_costmap,131.978000000,131.978000000,131.978000000,0.000000000,100.000000000,104.408318000,2.182377000,106.590695000,6.590695000,0,0,0
1038,local_costmap,132.080000000,132.080000000,132.080000000,0.000000000,100.000000000,97.304043000,2.354568000,99.658611000,-0.341389000,0,0,0
1039,local_costmap,132.178000000,132.178000000,132.181000000,0.000000000,100.000000000,94.583485000,2.291892000,96.875377000,-3.124623000,0,0,0
1040,local_costmap,132.279000000,132.279000000,132.281000000,0.000000000,100.000000000,105.806010000,2.241195000,108.047205000,8.047205000,0,0,0
1041,local_costmap,132.378000000,132.378000000,132.378000000,0.000000000,100.000000000,105.772016000,2.260410000,108.032426000,8.032426000,0,0,0
1042,local_costmap,132.478000000,132.478000000,132.480000000,0.000000000,100.000000000,92.116710000,1.973579000,94.090289000,-5.909711000,0,0,0
1043,local_costmap,132.578000000,132.578000000,132.581000000,0.000000000,100.000000000,106.252467000,2.004586000,108.257053000,8.257053000,0,0,0
1044,local_costmap,132.678000000,132.678000000,132.681000000,0.000000000,100.000000000,91.653280000,2.099423000,93.752703000,-6.247297000,0,0,0
1045,local_costmap,132.778000000,132.778000000,132.781000000,0.000000000,100.000000000,105.296429000,2.173998000,107.470427000,7.470427000,0,0,0
1046,local_costmap,132.878000000,132.878000000,132.878000000,0.000000000,100.000000000,93.332185000,2.035782000,95.367967000,-4.632033000,0,0,0
1047,local_costmap,132.978000000,132.978000000,132.981000000,0.000000000,100.000000000,97.894620000,2.016975000,99.911595000,-0.088405000,0,0,0
1048,local_costmap,133.078000000,133.078000000,133.080000000,0.000000000,100.000000000,95.870589000,1.953693000,97.824282000,-2.175718000,0,0,0
1049,local_costmap,133.178000000,133.178000000,133.180000000,0.000000000,100.000000000,101.038673000,2.079613000,103.118286000,3.118286000,0,0,0
1050,local_costmap,133.279000000,133.279000000,133.281000000,0.000000000,100.000000000,94.212388000,1.995011000,96.207399000,-3.792601000,0,0,0
1051,local_costmap,133.378000000,133.378000000,133.378000000,0.000000000,100.000000000,113.009561000,2.009244000,115.018805000,15.018805000,0,0,0
1052,local_costmap,133.478000000,133.478000000,133.478000000,0.000000000,100.000000000,102.262327000,2.005731000,104.268058000,4.268058000,0,0,0
1053,local_costmap,133.578000000,133.578000000,133.578000000,0.000000000,100.000000000,113.062062000,2.515511000,115.577573000,15.577573000,0,0,0
1054,local_costmap,133.679000000,133.679000000,133.679000000,0.000000000,100.000000000,96.958733000,1.982613000,98.941346000,-1.058654000,0,0,0
1055,local_costmap,133.778000000,133.778000000,133.778000000,0.000000000,100.000000000,110.706171000,2.316771000,113.022942000,13.022942000,0,0,0
1056,local_costmap,133.879000000,133.879000000,133.879000000,0.000000000,100.000000000,89.676536000,2.164502000,91.841038000,-8.158962000,0,0,0
1057,local_costmap,133.978000000,133.978000000,133.978000000,0.000000000,100.000000000,102.632437000,2.172645000,104.805082000,4.805082000,0,0,0
1058,local_costmap,134.078000000,134.078000000,134.078000000,0.000000000,100.000000000,104.593985000,2.162339000,106.756324000,6.756324000,0,0,0
1059,local_costmap,134.178000000,134.178000000,134.178000000,0.000000000,100.000000000,91.366595000,2.189685000,93.556280000,-6.443720000,0,0,0
1060,local_costmap,134.278000000,134.278000000,134.280000000,0.000000000,100.000000000,95.146216000,2.252277000,97.398493000,-2.601507000,0,0,0
1061,local_costmap,134.378000000,134.378000000,134.381000000,0.000000000,100.000000000,105.090470000,2.350802000,107.441272000,7.441272000,0,0,0
1062,local_costmap,134.478000000,134.478000000,134.481000000,0.000000000,100.000000000,96.713933000,2.299025000,99.012958000,-0.987042000,0,0,0
1063,local_costmap,134.578000000,134.578000000,134.581000000,0.000000000,100.000000000,99.053196000,2.347054000,101.400250000,1.400250000,0,0,0
1064,local_costmap,134.678000000,134.678000000,134.680000000,0.000000000,100.000000000,96.439130000,2.250976000,98.690106000,-1.309894000,0,0,0
1065,local_costmap,134.780000000,134.780000000,134.782000000,0.000000000,100.000000000,104.118755000,2.015059000,106.133814000,6.133814000,0,0,0
1066,local_costmap,134.880000000,134.880000000,134.882000000,0.000000000,100.000000000,99.621146000,2.404076000,102.025222000,2.025222000,0,0,0
1067,local_costmap,134.978000000,134.978000000,134.980000000,0.000000000,100.000000000,88.793541000,2.301449000,91.094990000,-8.905010000,0,0,0
1068,local_costmap,135.079000000,135.079000000,135.082000000,0.000000000,100.000000000,103.348502000,2.539554000,105.888056000,5.888056000,0,0,0
1069,local_costmap,135.179000000,135.179000000,135.179000000,0.000000000,100.000000000,89.879965000,1.992419000,91.872384000,-8.127616000,0,0,0
1070,local_costmap,135.278000000,135.278000000,135.278000000,0.000000000,100.000000000,105.008105000,2.350266000,107.358371000,7.358371000,0,0,0
1071,local_costmap,135.378000000,135.378000000,135.378000000,0.000000000,100.000000000,94.834665000,2.351018000,97.185683000,-2.814317000,0,0,0
1072,local_costmap,135.478000000,135.478000000,135.481000000,0.000000000,100.000000000,98.778183000,2.314396000,101.092579000,1.092579000,0,0,0
1073,local_costmap,135.579000000,135.579000000,135.581000000,0.000000000,100.000000000,98.899014000,2.089082000,100.988096000,0.988096000,0,0,0
1074,local_costmap,135.678000000,135.678000000,135.680000000,0.000000000,100.000000000,99.883553000,2.316433000,102.199986000,2.199986000,0,0,0
1075,local_costmap,135.778000000,135.778000000,135.780000000,0.000000000,100.000000000,92.504405000,2.450570000,94.954975000,-5.045025000,0,0,0
1076,local_costmap,135.878000000,135.878000000,135.878000000,0.000000000,100.000000000,103.105673000,1.966599000,105.072272000,5.072272000,0,0,0
1077,local_costmap,135.979000000,135.979000000,135.979000000,0.000000000,100.000000000,92.235207000,1.988898000,94.224105000,-5.775895000,0,0,0
1078,local_costmap,136.078000000,136.078000000,136.078000000,0.000000000,100.000000000,98.616664000,1.971604000,100.588268000,0.588268000,0,0,0
1079,local_costmap,136.178000000,136.178000000,136.180000000,0.000000000,100.000000000,98.078715000,2.021423000,100.100138000,0.100138000,0,0,0
1080,local_costmap,136.278000000,136.278000000,136.278000000,0.000000000,100.000000000,101.161498000,2.153814000,103.315312000,3.315312000,0,0,0
1081,local_costmap,136.378000000,136.378000000,136.378000000,0.000000000,100.000000000,95.795928000,1.952604000,97.748532000,-2.251468000,0,0,0
1082,local_costmap,136.479000000,136.479000000,136.479000000,0.000000000,100.000000000,103.202797000,2.306266000,105.509063000,5.509063000,0,0,0
1083,local_costmap,136.579000000,136.579000000,136.579000000,0.000000000,100.000000000,95.093063000,2.283285000,97.376348000,-2.623652000,0,0,0
1084,local_costmap,136.678000000,136.678000000,136.678000000,0.000000000,100.000000000,104.741626000,2.392395000,107.134021000,7.134021000,0,0,0
1085,local_costmap,136.778000000,136.778000000,136.778000000,0.000000000,100.000000000,97.225906000,1.963707000,99.189613000,-0.810387000,0,0,0
1086,local_costmap,136.878000000,136.878000000,136.879000000,0.000000000,100.000000000,96.748279000,2.445646000,99.193925000,-0.806075000,0,0,0
1087,local_costmap,136.979000000,136.979000000,136.982000000,0.000000000,100.000000000,103.612256000,2.327155000,105.939411000,5.939411000,0,0,0
1088,local_costmap,137.078000000,137.078000000,137.078000000,0.000000000,100.000000000,95.029941000,2.523119000,97.553060000,-2.446940000,0,0,0
1089,local_costmap,137.180000000,137.180000000,137.182000000,0.000000000,100.000000000,97.554905000,2.194209000,99.749114000,-0.250886000,0,0,0
1090,local_costmap,137.279000000,137.279000000,137.282000000,0.000000000,100.000000000,95.054722000,2.590777000,97.645499000,-2.354501000,0,0,0
1091,local_costmap,137.378000000,137.378000000,137.380000000,0.000000000,100.000000000,99.728485000,1.928626000,101.657111000,1.657111000,0,0,0
1092,local_costmap,137.478000000,137.478000000,137.480000000,0.000000000,100.000000000,91.954009000,2.001873000,93.955882000,-6.044118000,0,0,0
1093,local_costmap,137.578000000,137.578000000,137.578000000,0.000000000,100.000000000,102.211208000,2.384066000,104.595274000,4.595274000,0,0,0
1094,local_costmap,137.678000000,137.678000000,137.678000000,0.000000000,100.000000000,94.135010000,2.007768000,96.142778000,-3.857222000,0,0,0
1095,local_costmap,137.778000000,137.778000000,137.778000000,0.000000000,100.000000000,103.504877000,2.362235000,105.867112000,5.867112000,0,0,0
1096,local_costmap,137.880000000,137.880000000,137.880000000,0.000000000,100.000000000,99.771898000,2.292167000,102.064065000,2.064065000,0,0,0
1097,local_costmap,137.981000000,137.981000000,137.981000000,0.000000000,100.000000000,102.512526000,2.261177000,104.773703000,4.773703000,0,0,0
1098,local_costmap,138.079000000,138.079000000,138.079000000,0.000000000,100.000000000,96.360338000,2.314592000,98.674930000,-1.325070000,0,0,0
1099,local_costmap,138.178000000,138.178000000,138.178000000,0.000000000,100.000000000,96.577703000,2.218003000,98.795706000,-1.204294000,0,0,0
1100,local_costmap,138.278000000,138.278000000,138.278000000,0.000000000,100.000000000,103.940032000,2.242639000,106.182671000,6.182671000,0,0,0
1101,local_costmap,138.379000000,138.379000000,138.379000000,0.000000000,100.000000000,99.754330000,2.176843000,101.931173000,1.931173000,0,0,0
1102,local_costmap,138.478000000,138.478000000,138.478000000,0.000000000,100.000000000,96.979774000,2.156576000,99.136350000,-0.863650000,0,0,0
1103,local_costmap,138.579000000,138.579000000,138.579000000,0.000000000,100.000000000,103.545695000,2.078790000,105.624485000,5.624485000,0,0,0
1104,local_costmap,138.679000000,138.679000000,138.679000000,0.000000000,100.000000000,99.745339000,2.321583000,102.066922000,2.066922000,0,0,0
1105,local_costmap,138.779000000,138.779000000,138.779000000,0.000000000,100.000000000,104.772410000,2.165244000,106.937654000,6.937654000,0,0,0
1106,local_costmap,138.878000000,138.879000000,138.879000000,1.000000000,100.000000000,96.845087000,2.239957000,99.085044000,-0.914956000,0,0,0
1107,local_costmap,138.978000000,138.978000000,138.979000000,0.000000000,100.000000000,100.416401000,1.985931000,102.402332000,2.402332000,0,0,0
1108,local_costmap,139.078000000,139.078000000,139.078000000,0.000000000,100.000000000,97.529040000,2.000333000,99.529373000,-0.470627000,0,0,0
1109,local_costmap,139.179000000,139.179000000,139.179000000,0.000000000,100.000000000,98.690542000,2.024539000,100.715081000,0.715081000,0,0,0
1110,local_costmap,139.279000000,139.279000000,139.279000000,0.000000000,100.000000000,94.636203000,2.014981000,96.651184000,-3.348816000,0,0,0
1111,local_costmap,139.379000000,139.379000000,139.382000000,0.000000000,100.000000000,103.480818000,2.725387000,106.206205000,6.206205000,0,0,0
1112,local_costmap,139.478000000,139.478000000,139.478000000,0.000000000,100.000000000,91.062731000,1.971865000,93.034596000,-6.965404000,0,0,0
1113,local_costmap,139.578000000,139.578000000,139.580000000,0.000000000,100.000000000,98.462641000,2.007256000,100.469897000,0.469897000,0,0,0
1114,local_costmap,139.678000000,139.678000000,139.680000000,0.000000000,100.000000000,98.668220000,1.976492000,100.644712000,0.644712000,0,0,0
1115,local_costmap,139.778000000,139.778000000,139.780000000,0.000000000,100.000000000,111.775412000,1.999601000,113.775013000,13.775013000,0,0,0
1116,local_costmap,139.879000000,139.879000000,139.879000000,0.000000000,100.000000000,94.746189000,1.942343000,96.688532000,-3.311468000,0,0,0
1117,local_costmap,139.978000000,139.978000000,139.978000000,0.000000000,100.000000000,97.827917000,1.905348000,99.733265000,-0.266735000,0,0,0
1118,local_costmap,140.078000000,140.078000000,140.078000000,0.000000000,100.000000000,96.126649000,1.961735000,98.088384000,-1.911616000,0,0,0
1119,local_costmap,140.178000000,140.178000000,140.178000000,0.000000000,100.000000000,98.523969000,2.532965000,101.056934000,1.056934000,0,0,0
1120,local_costmap,140.278000000,140.278000000,140.281000000,0.000000000,100.000000000,100.280520000,2.363999000,102.644519000,2.644519000,0,0,0
1121,local_costmap,140.378000000,140.378000000,140.378000000,0.000000000,100.000000000,103.192646000,2.095958000,105.288604000,5.288604000,0,0,0
1122,local_costmap,140.478000000,140.478000000,140.478000000,0.000000000,100.000000000,96.791293000,2.065679000,98.856972000,-1.143028000,0,0,0
1123,local_costmap,140.579000000,140.579000000,140.582000000,0.000000000,100.000000000,100.630694000,2.081942000,102.712636000,2.712636000,0,0,0
1124,local_costmap,140.678000000,140.678000000,140.681000000,0.000000000,100.000000000,93.811259000,2.138923000,95.950182000,-4.049818000,0,0,0
1125,local_costmap,140.778000000,140.778000000,140.781000000,0.000000000,100.000000000,96.894920000,2.292038000,99.186958000,-0.813042000,0,0,0
1126,local_costmap,140.878000000,140.878000000,140.878000000,0.000000000,100.000000000,105.307523000,2.408853000,107.716376000,7.716376000,0,0,0
1127,local_costmap,140.979000000,140.979000000,140.979000000,0.000000000,100.000000000,103.442413000,1.991842000,105.434255000,5.434255000,0,0,0
1128,local_costmap,141.080000000,141.080000000,141.083000000,0.000000000,100.000000000,101.847580000,2.269462000,104.117042000,4.117042000,0,0,0
1129,local_costmap,141.178000000,141.178000000,141.180000000,0.000000000,100.000000000,96.284278000,1.961657000,98.245935000,-1.754065000,0,0,0
1130,local_costmap,141.278000000,141.278000000,141.281000000,0.000000000,100.000000000,99.035701000,2.091146000,101.126847000,1.126847000,0,0,0
1131,local_costmap,141.378000000,141.378000000,141.380000000,0.000000000,100.000000000,94.319873000,2.081504000,96.401377000,-3.598623000,0,0,0
1132,local_costmap,141.478000000,141.478000000,141.480000000,0.000000000,100.000000000,116.841513000,1.971535000,118.813048000,18.813048000,0,0,0
1133,local_costmap,141.578000000,141.578000000,141.580000000,0.000000000,100.000000000,101.646415000,2.029906000,103.676321000,3.676321000,0,0,0
1134,local_costmap,141.679000000,141.679000000,141.682000000,0.000000000,100.000000000,115.200551000,2.028226000,117.228777000,17.228777000,0,0,0
1135,local_costmap,141.778000000,141.778000000,141.778000000,0.000000000,100.000000000,87.624822000,1.974668000,89.599490000,-10.400510000,0,0,0
1136,local_costmap,141.878000000,141.878000000,141.880000000,0.000000000,100.000000000,96.743615000,2.006004000,98.749619000,-1.250381000,0,0,0
1137,local_costmap,141.978000000,141.978000000,141.981000000,0.000000000,100.000000000,98.321541000,3.966043000,102.287584000,2.287584000,0,0,0
1138,local_costmap,142.078000000,142.078000000,142.078000000,0.000000000,100.000000000,94.028282000,2.951429000,96.979711000,-3.020289000,0,0,0
1139,local_costmap,142.179000000,142.179000000,142.181000000,0.000000000,100.000000000,95.469386000,2.340072000,97.809458000,-2.190542000,0,0,0
1140,local_costmap,142.278000000,142.278000000,142.278000000,0.000000000,100.000000000,93.834662000,2.343520000,96.178182000,-3.821818000,0,0,0
1141,local_costmap,142.378000000,142.378000000,142.378000000,0.000000000,100.000000000,104.273195000,2.283684000,106.556879000,6.556879000,0,0,0
1142,local_costmap,142.478000000,142.478000000,142.479000000,0.000000000,100.000000000,93.528234000,2.405931000,95.934165000,-4.065835000,0,0,0
1143,local_costmap,142.578000000,142.578000000,142.581000000,0.000000000,100.000000000,97.934350000,2.367365000,100.301715000,0.301715000,0,0,0
1144,local_costmap,142.678000000,142.678000000,142.681000000,0.000000000,100.000000000,97.387238000,2.403360000,99.790598000,-0.209402000,0,0,0
1145,local_costmap,142.779000000,142.779000000,142.781000000,0.000000000,100.000000000,112.343763000,1.978864000,114.322627000,14.322627000,0,0,0
1146,local_costmap,142.878000000,142.878000000,142.881000000,0.000000000,100.000000000,93.308952000,1.974807000,95.283759000,-4.716241000,0,0,0
1147,local_costmap,142.978000000,142.978000000,142.978000000,0.000000000,100.000000000,103.711049000,2.048064000,105.759113000,5.759113000,0,0,0
1148,local_costmap,143.079000000,143.079000000,143.079000000,0.000000000,100.000000000,94.751813000,2.020317000,96.772130000,-3.227870000,0,0,0
1149,local_costmap,143.179000000,143.179000000,143.179000000,0.000000000,100.000000000,105.437978000,2.318488000,107.756466000,7.756466000,0,0,0
1150,local_costmap,143.278000000,143.278000000,143.280000000,0.000000000,100.000000000,91.196448000,2.363960000,93.560408000,-6.439592000,0,0,0
1151,local_costmap,143.379000000,143.379000000,143.382000000,0.000000000,100.000000000,102.592222000,2.303259000,104.895481000,4.895481000,0,0,0
1152,local_costmap,143.479000000,143.479000000,143.481000000,0.000000000,100.000000000,95.901835000,2.037986000,97.939821000,-2.060179000,0,0,0
1153,local_costmap,143.578000000,143.578000000,143.578000000,0.000000000,100.000000000,101.296481000,2.208396000,103.504877000,3.504877000,0,0,0
1154,local_costmap,143.678000000,143.678000000,143.681000000,0.000000000,100.000000000,96.798606000,2.376384000,99.174990000,-0.825010000,0,0,0
1155,local_costmap,143.778000000,143.778000000,143.778000000,0.000000000,100.000000000,102.068587000,2.509987000,104.578574000,4.578574000,0,0,0
1156,local_costmap,143.878000000,143.878000000,143.878000000,0.000000000,100.000000000,98.063374000,2.241421000,100.304795000,0.304795000,0,0,0
1157,local_costmap,143.979000000,143.979000000,143.979000000,0.000000000,100.000000000,96.401937000,2.309127000,98.711064000,-1.288936000,0,0,0
1158,local_costmap,144.078000000,144.078000000,144.078000000,0.000000000,100.000000000,109.514813000,2.330057000,111.844870000,11.844870000,0,0,0
1159,local_costmap,144.178000000,144.178000000,144.178000000,0.000000000,100.000000000,100.719308000,2.263744000,102.983052000,2.983052000,0,0,0
1160,local_costmap,144.278000000,144.278000000,144.281000000,0.000000000,100.000000000,92.408690000,2.305879000,94.714569000,-5.285431000,0,0,0
1161,local_costmap,144.378000000,144.378000000,144.381000000,0.000000000,100.000000000,107.487755000,2.719236000,110.206991000,10.206991000,0,0,0
1162,local_costmap,144.478000000,144.478000000,144.481000000,0.000000000,100.000000000,95.932338000,2.752222000,98.684560000,-1.315440000,0,0,0
1163,local_costmap,144.578000000,144.578000000,144.581000000,0.000000000,100.000000000,96.036387000,2.389797000,98.426184000,-1.573816000,0,0,0
1164,local_costmap,144.678000000,144.678000000,144.680000000,0.000000000,100.000000000,96.957948000,2.414107000,99.372055000,-0.627945000,0,0,0
1165,local_costmap,144.778000000,144.778000000,144.780000000,0.000000000,100.000000000,98.195439000,2.078202000,100.273641000,0.273641000,0,0,0
1166,local_costmap,144.879000000,144.879000000,144.881000000,0.000000000,100.000000000,98.550271000,2.270387000,100.820658000,0.820658000,0,0,0
1167,local_costmap,144.978000000,144.978000000,144.981000000,0.000000000,100.000000000,97.745591000,2.322282000,100.067873000,0.067873000,0,0,0
1168,local_costmap,145.078000000,145.078000000,145.081000000,0.000000000,100.000000000,100.612187000,2.328388000,102.940575000,2.940575000,0,0,0
1169,local_costmap,145.179000000,145.179000000,145.181000000,0.000000000,100.000000000,103.686320000,2.179639000,105.865959000,5.865959000,0,0,0
1170,local_costmap,145.278000000,145.278000000,145.278000000,0.000000000,100.000000000,93.472964000,2.050671000,95.523635000,-4.476365000,0,0,0
1171,local_costmap,145.378000000,145.378000000,145.378000000,0.000000000,100.000000000,97.761670000,2.063161000,99.824831000,-0.175169000,0,0,0
1172,local_costmap,145.478000000,145.478000000,145.480000000,0.000000000,100.000000000,105.800611000,1.974309000,107.774920000,7.774920000,0,0,0
1173,local_costmap,145.579000000,145.579000000,145.581000000,0.000000000,100.000000000,99.536135000,2.043361000,101.579496000,1.579496000,0,0,0
1174,local_costmap,145.678000000,145.678000000,145.678000000,0.000000000,100.000000000,94.894207000,2.020038000,96.914245000,-3.085755000,0,0,0
1175,local_costmap,145.778000000,145.778000000,145.779000000,0.000000000,100.000000000,97.457911000,3.350862000,100.808773000,0.808773000,0,0,0
1176,local_costmap,145.878000000,145.878000000,145.878000000,0.000000000,100.000000000,100.493747000,1.996233000,102.489980000,2.489980000,0,0,0
1177,local_costmap,145.978000000,145.978000000,145.978000000,0.000000000,100.000000000,93.189908000,1.967904000,95.157812000,-4.842188000,0,0,0
1178,local_costmap,146.078000000,146.078000000,146.079000000,0.000000000,100.000000000,100.063948000,2.085851000,102.149799000,2.149799000,0,0,0
1179,local_costmap,146.178000000,146.178000000,146.179000000,0.000000000,100.000000000,98.205011000,2.687111000,100.892122000,0.892122000,0,0,0
1180,local_costmap,146.279000000,146.279000000,146.279000000,0.000000000,100.000000000,107.387440000,2.057950000,109.445390000,9.445390000,0,0,0
1181,local_costmap,146.379000000,146.379000000,146.379000000,0.000000000,100.000000000,100.515808000,2.047670000,102.563478000,2.563478000,0,0,0
1182,local_costmap,146.478000000,146.478000000,146.478000000,0.000000000,100.000000000,106.665348000,2.381997000,109.047345000,9.047345000,0,0,0
1183,local_costmap,146.579000000,146.579000000,146.579000000,0.000000000,100.000000000,96.512345000,2.215220000,98.727565000,-1.272435000,0,0,0
1184,local_costmap,146.678000000,146.678000000,146.681000000,0.000000000,100.000000000,103.351366000,2.472812000,105.824178000,5.824178000,0,0,0
1185,local_costmap,146.778000000,146.778000000,146.783000000,0.000000000,100.000000000,102.369079000,3.744016000,106.113095000,6.113095000,0,0,0
1186,local_costmap,146.879000000,146.879000000,146.882000000,0.000000000,100.000000000,102.667886000,2.336390000,105.004276000,5.004276000,0,0,0
1187,local_costmap,146.978000000,146.978000000,146.981000000,0.000000000,100.000000000,89.816070000,2.396069000,92.212139000,-7.787861000,0,0,0
1188,local_costmap,147.078000000,147.078000000,147.078000000,0.000000000,100.000000000,97.626079000,2.429319000,100.055398000,0.055398000,0,0,0
1189,local_costmap,147.178000000,147.178000000,147.178000000,0.000000000,100.000000000,92.552303000,2.370534000,94.922837000,-5.077163000,0,0,0
1190,local_costmap,147.283000000,147.283000000,147.283000000,0.000000000,100.000000000,101.544716000,2.375028000,103.919744000,3.919744000,0,0,0
1191,local_costmap,147.379000000,147.379000000,147.379000000,0.000000000,100.000000000,95.969051000,2.343933000,98.312984000,-1.687016000,0,0,0
1192,local_costmap,147.478000000,147.478000000,147.481000000,0.000000000,100.000000000,95.501240000,2.367596000,97.868836000,-2.131164000,0,0,0
1193,local_costmap,147.578000000,147.578000000,147.578000000,0.000000000,100.000000000,107.058699000,2.012092000,109.070791000,9.070791000,0,0,0
1194,local_costmap,147.678000000,147.678000000,147.678000000,0.000000000,100.000000000,101.114445000,2.612491000,103.726936000,3.726936000,0,0,0
1195,local_costmap,147.780000000,147.780000000,147.780000000,0.000000000,100.000000000,99.287268000,2.344686000,101.631954000,1.631954000,0,0,0
1196,local_costmap,147.879000000,147.879000000,147.882000000,0.000000000,100.000000000,91.642125000,2.407571000,94.049696000,-5.950304000,0,0,0
1197,local_costmap,147.978000000,147.978000000,147.978000000,0.000000000,100.000000000,104.180159000,2.060653000,106.240812000,6.240812000,0,0,0
1198,local_costmap,148.078000000,148.078000000,148.078000000,0.000000000,100.000000000,97.255234000,2.046511000,99.301745000,-0.698255000,0,0,0
1199,local_costmap,148.178000000,148.178000000,148.178000000,0.000000000,100.000000000,99.093992000,2.321753000,101.415745000,1.415745000,0,0,0
1200,local_costmap,148.278000000,148.278000000,148.278000000,0.000000000,100.000000000,90.934188000,2.290427000,93.224615000,-6.775385000,0,0,0
1201,local_costmap,148.378000000,148.378000000,148.380000000,0.000000000,100.000000000,107.733481000,2.087261000,109.820742000,9.820742000,0,0,0
1202,local_costmap,148.479000000,148.479000000,148.481000000,0.000000000,100.000000000,104.127697000,2.057145000,106.184842000,6.184842000,0,0,0
1203,local_costmap,148.578000000,148.578000000,148.580000000,0.000000000,100.000000000,109.860071000,1.984644000,111.844715000,11.844715000,0,0,0
1204,local_costmap,148.678000000,148.678000000,148.680000000,0.000000000,100.000000000,96.906183000,2.009277000,98.915460000,-1.084540000,0,0,0
1205,local_costmap,148.782000000,148.782000000,148.783000000,0.000000000,100.000000000,102.434629000,2.831675000,105.266304000,5.266304000,0,0,0
1206,local_costmap,148.881000000,148.881000000,148.881000000,0.000000000,100.000000000,95.554906000,2.205616000,97.760522000,-2.239478000,0,0,0
1207,local_costmap,148.978000000,148.978000000,148.978000000,0.000000000,100.000000000,94.408333000,2.433293000,96.841626000,-3.158374000,0,0,0
1208,local_costmap,149.079000000,149.079000000,149.079000000,0.000000000,100.000000000,99.443344000,2.017501000,101.460845000,1.460845000,0,0,0
1209,local_costmap,149.178000000,149.178000000,149.178000000,0.000000000,100.000000000,95.440056000,2.372462000,97.812518000,-2.187482000,0,0,0
1210,local_costmap,149.278000000,149.278000000,149.278000000,0.000000000,100.000000000,99.711160000,2.188278000,101.899438000,1.899438000,0,0,0
1211,local_costmap,149.378000000,149.378000000,149.378000000,0.000000000,100.000000000,96.183778000,1.977141000,98.160919000,-1.839081000,0,0,0
1212,local_costmap,149.478000000,149.478000000,149.478000000,0.000000000,100.000000000,106.000278000,2.361165000,108.361443000,8.361443000,0,0,0
1213,local_costmap,149.579000000,149.579000000,149.579000000,0.000000000,100.000000000,95.163387000,2.045158000,97.208545000,-2.791455000,0,0,0
1214,local_costmap,149.678000000,149.678000000,149.678000000,0.000000000,100.000000000,95.134291000,2.297646000,97.431937000,-2.568063000,0,0,0
1215,local_costmap,149.778000000,149.778000000,149.780000000,0.000000000,100.000000000,102.887166000,2.296628000,105.183794000,5.183794000,0,0,0
1216,local_costmap,149.878000000,149.878000000,149.880000000,0.000000000,100.000000000,113.623538000,2.114632000,115.738170000,15.738170000,0,0,0
1217,local_costmap,149.978000000,149.978000000,149.980000000,0.000000000,100.000000000,88.229913000,1.980155000,90.210068000,-9.789932000,0,0,0
1218,local_costmap,150.078000000,150.078000000,150.080000000,0.000000000,100.000000000,102.739399000,2.006419000,104.745818000,4.745818000,0,0,0
1219,local_costmap,150.178000000,150.178000000,150.181000000,0.000000000,100.000000000,96.652319000,2.557509000,99.209828000,-0.790172000,0,0,0
1220,local_costmap,150.279000000,150.279000000,150.282000000,0.000000000,100.000000000,97.347495000,2.531243000,99.878738000,-0.121262000,0,0,0
1221,local_costmap,150.378000000,150.378000000,150.381000000,0.000000000,100.000000000,96.244422000,2.587032000,98.831454000,-1.168546000,0,0,0
1222,local_costmap,150.478000000,150.478000000,150.481000000,0.000000000,100.000000000,95.618465000,2.360253000,97.978718000,-2.021282000,0,0,0
1223,local_costmap,150.578000000,150.578000000,150.581000000,0.000000000,100.000000000,98.855657000,2.348411000,101.204068000,1.204068000,0,0,0
1224,local_costmap,150.678000000,150.678000000,150.678000000,0.000000000,100.000000000,98.435856000,2.035818000,100.471674000,0.471674000,0,0,0
1225,local_costmap,150.778000000,150.778000000,150.778000000,0.000000000,100.000000000,98.714627000,2.319176000,101.033803000,1.033803000,0,0,0
1226,local_costmap,150.879000000,150.879000000,150.879000000,0.000000000,100.000000000,106.647860000,2.004746000,108.652606000,8.652606000,0,0,0
1227,local_costmap,150.978000000,150.978000000,150.980000000,0.000000000,100.000000000,94.097709000,1.973545000,96.071254000,-3.928746000,0,0,0
1228,local_costmap,151.078000000,151.078000000,151.081000000,0.000000000,100.000000000,106.593513000,2.284562000,108.878075000,8.878075000,0,0,0
1229,local_costmap,151.178000000,151.178000000,151.178000000,0.000000000,100.000000000,98.269754000,2.323500000,100.593254000,0.593254000,0,0,0
1230,local_costmap,151.278000000,151.278000000,151.278000000,0.000000000,100.000000000,106.968079000,2.381179000,109.349258000,9.349258000,0,0,0
1231,local_costmap,151.378000000,151.378000000,151.381000000,0.000000000,100.000000000,96.301117000,2.501585000,98.802702000,-1.197298000,0,0,0
1232,local_costmap,151.481000000,151.481000000,151.485000000,0.000000000,100.000000000,109.365454000,2.739816000,112.105270000,12.105270000,0,0,0
1233,local_costmap,151.578000000,151.578000000,151.580000000,0.000000000,100.000000000,95.620844000,2.356041000,97.976885000,-2.023115000,0,0,0
1234,local_costmap,151.678000000,151.678000000,151.678000000,0.000000000,100.000000000,109.566425000,2.320622000,111.887047000,11.887047000,0,0,0
1235,local_costmap,151.778000000,151.778000000,151.780000000,0.000000000,100.000000000,88.863773000,4.177463000,93.041236000,-6.958764000,0,0,0
1236,local_costmap,151.878000000,151.878000000,151.878000000,0.000000000,100.000000000,95.395324000,2.512863000,97.908187000,-2.091813000,0,0,0
1237,local_costmap,151.979000000,151.979000000,151.979000000,0.000000000,100.000000000,100.305921000,2.180217000,102.486138000,2.486138000,0,0,0
1238,local_costmap,152.078000000,152.078000000,152.080000000,0.000000000,100.000000000,95.985776000,1.975222000,97.960998000,-2.039002000,0,0,0
1239,local_costmap,152.178000000,152.178000000,152.180000000,0.000000000,100.000000000,95.091323000,2.006868000,97.098191000,-2.901809000,0,0,0
1240,local_costmap,152.278000000,152.278000000,152.280000000,0.000000000,100.000000000,97.980738000,1.992711000,99.973449000,-0.026551000,0,0,0
1241,local_costmap,152.379000000,152.379000000,152.381000000,0.000000000,100.000000000,115.510974000,1.956521000,117.467495000,17.467495000,0,0,0
1242,local_costmap,152.479000000,152.479000000,152.481000000,0.000000000,100.000000000,104.509687000,2.124371000,106.634058000,6.634058000,0,0,0
1243,local_costmap,152.578000000,152.578000000,152.580000000,0.000000000,100.000000000,97.568308000,2.076371000,99.644679000,-0.355321000,0,0,0
1244,local_costmap,152.678000000,152.678000000,152.680000000,0.000000000,100.000000000,99.016023000,2.090320000,101.106343000,1.106343000,0,0,0
1245,local_costmap,152.779000000,152.779000000,152.781000000,0.000000000,100.000000000,114.411208000,2.442238000,116.853446000,16.853446000,0,0,0
1246,local_costmap,152.879000000,152.879000000,152.882000000,0.000000000,100.000000000,98.814462000,2.064466000,100.878928000,0.878928000,0,0,0
1247,local_costmap,152.978000000,152.978000000,152.978000000,0.000000000,100.000000000,92.586985000,2.488170000,95.075155000,-4.924845000,0,0,0
1248,local_costmap,153.078000000,153.078000000,153.078000000,0.000000000,100.000000000,116.054538000,2.151104000,118.205642000,18.205642000,0,0,0
1249,local_costmap,153.178000000,153.178000000,153.178000000,0.000000000,100.000000000,115.579374000,2.162060000,117.741434000,17.741434000,0,0,0
1250,local_costmap,153.278000000,153.278000000,153.278000000,0.000000000,100.000000000,110.457521000,2.331183000,112.788704000,12.788704000,0,0,0
1251,local_costmap,153.378000000,153.378000000,153.378000000,0.000000000,100.000000000,101.904327000,2.499824000,104.404151000,4.404151000,0,0,0
1252,local_costmap,153.478000000,153.478000000,153.478000000,0.000000000,100.000000000,104.977215000,2.217784000,107.194999000,7.194999000,0,0,0
1253,local_costmap,153.578000000,153.578000000,153.578000000,0.000000000,100.000000000,104.553119000,2.573477000,107.126596000,7.126596000,0,0,0
1254,local_costmap,153.679000000,153.679000000,153.679000000,0.000000000,100.000000000,104.700951000,2.541785000,107.242736000,7.242736000,0,0,0
1255,local_costmap,153.778000000,153.778000000,153.778000000,0.000000000,100.000000000,98.621798000,2.295109000,100.916907000,0.916907000,0,0,0
1256,local_costmap,153.879000000,153.879000000,153.879000000,0.000000000,100.000000000,95.037562000,2.022623000,97.060185000,-2.939815000,0,0,0
1257,local_costmap,153.978000000,153.978000000,153.981000000,0.000000000,100.000000000,101.036739000,2.303387000,103.340126000,3.340126000,0,0,0
1258,local_costmap,154.078000000,154.078000000,154.078000000,0.000000000,100.000000000,96.836634000,2.006653000,98.843287000,-1.156713000,0,0,0
1259,local_costmap,154.179000000,154.179000000,154.179000000,0.000000000,100.000000000,99.889302000,2.331859000,102.221161000,2.221161000,0,0,0
1260,local_costmap,154.278000000,154.278000000,154.278000000,0.000000000,100.000000000,95.066280000,2.351619000,97.417899000,-2.582101000,0,0,0
1261,local_costmap,154.380000000,154.380000000,154.380000000,0.000000000,100.000000000,104.374473000,2.014367000,106.388840000,6.388840000,0,0,0
1262,local_costmap,154.478000000,154.478000000,154.478000000,0.000000000,100.000000000,95.455916000,2.192576000,97.648492000,-2.351508000,0,0,0
1263,local_costmap,154.579000000,154.579000000,154.579000000,0.000000000,100.000000000,99.466822000,2.011848000,101.478670000,1.478670000,0,0,0
1264,local_costmap,154.678000000,154.678000000,154.681000000,0.000000000,100.000000000,96.940921000,1.957585000,98.898506000,-1.101494000,0,0,0
1265,local_costmap,154.778000000,154.778000000,154.781000000,0.000000000,100.000000000,103.996993000,1.988812000,105.985805000,5.985805000,0,0,0
1266,local_costmap,154.878000000,154.878000000,154.881000000,0.000000000,100.000000000,105.006796000,1.993266000,107.000062000,7.000062000,0,0,0
1267,local_costmap,154.978000000,154.978000000,154.981000000,0.000000000,100.000000000,97.152561000,2.005312000,99.157873000,-0.842127000,0,0,0
1268,local_costmap,155.078000000,155.078000000,155.081000000,0.000000000,100.000000000,90.885473000,2.542017000,93.427490000,-6.572510000,0,0,0
1269,local_costmap,155.178000000,155.178000000,155.178000000,0.000000000,100.000000000,95.189378000,2.600649000,97.790027000,-2.209973000,0,0,0
1270,local_costmap,155.278000000,155.278000000,155.280000000,0.000000000,100.000000000,98.266676000,2.559939000,100.826615000,0.826615000,0,0,0
1271,local_costmap,155.378000000,155.378000000,155.378000000,0.000000000,100.000000000,107.301799000,2.184164000,109.485963000,9.485963000,0,0,0
1272,local_costmap,155.478000000,155.478000000,155.478000000,0.000000000,100.000000000,100.752418000,2.279660000,103.032078000,3.032078000,0,0,0
1273,local_costmap,155.578000000,155.578000000,155.580000000,0.000000000,100.000000000,93.413560000,2.285169000,95.698729000,-4.301271000,0,0,0
1274,local_costmap,155.678000000,155.678000000,155.678000000,0.000000000,100.000000000,101.280163000,1.950265000,103.230428000,3.230428000,0,0,0
1275,local_costmap,155.778000000,155.778000000,155.779000000,0.000000000,100.000000000,97.440476000,2.059149000,99.499625000,-0.500375000,0,0,0
1276,local_costmap,155.878000000,155.878000000,155.881000000,0.000000000,100.000000000,102.567930000,2.162885000,104.730815000,4.730815000,0,0,0
1277,local_costmap,155.978000000,155.978000000,155.980000000,0.000000000,100.000000000,90.716722000,2.339461000,93.056183000,-6.943817000,0,0,0
1278,local_costmap,156.078000000,156.078000000,156.080000000,0.000000000,100.000000000,101.440309000,2.305078000,103.745387000,3.745387000,0,0,0
1279,local_costmap,156.178000000,156.178000000,156.181000000,0.000000000,100.000000000,95.361431000,2.288147000,97.649578000,-2.350422000,0,0,0
1280,local_costmap,156.278000000,156.278000000,156.281000000,0.000000000,100.000000000,102.947967000,2.210166000,105.158133000,5.158133000,0,0,0
1281,local_costmap,156.379000000,156.379000000,156.381000000,0.000000000,100.000000000,96.085984000,2.241715000,98.327699000,-1.672301000,0,0,0
1282,local_costmap,156.478000000,156.478000000,156.478000000,0.000000000,100.000000000,106.821342000,2.075837000,108.897179000,8.897179000,0,0,0
1283,local_costmap,156.578000000,156.578000000,156.579000000,0.000000000,100.000000000,96.057172000,2.013885000,98.071057000,-1.928943000,0,0,0
1284,local_costmap,156.679000000,156.679000000,156.681000000,0.000000000,100.000000000,101.239994000,1.988150000,103.228144000,3.228144000,0,0,0
1285,local_costmap,156.779000000,156.779000000,156.781000000,0.000000000,100.000000000,94.144041000,2.114267000,96.258308000,-3.741692000,0,0,0
1286,local_costmap,156.878000000,156.878000000,156.878000000,0.000000000,100.000000000,103.030386000,2.243734000,105.274120000,5.274120000,0,0,0
1287,local_costmap,156.978000000,156.978000000,156.979000000,0.000000000,100.000000000,94.658614000,2.353540000,97.012154000,-2.987846000,0,0,0
1288,local_costmap,157.078000000,157.078000000,157.081000000,0.000000000,100.000000000,100.494959000,2.472077000,102.967036000,2.967036000,0,0,0
1289,local_costmap,157.178000000,157.178000000,157.178000000,0.000000000,100.000000000,108.432236000,2.231401000,110.663637000,10.663637000,0,0,0
1290,local_costmap,157.278000000,157.278000000,157.278000000,0.000000000,100.000000000,99.711315000,2.074610000,101.785925000,1.785925000,0,0,0
1291,local_costmap,157.379000000,157.379000000,157.379000000,0.000000000,100.000000000,101.469004000,2.394173000,103.863177000,3.863177000,0,0,0
1292,local_costmap,157.478000000,157.478000000,157.478000000,0.000000000,100.000000000,98.758883000,2.493935000,101.252818000,1.252818000,0,0,0
1293,local_costmap,157.578000000,157.578000000,157.578000000,0.000000000,100.000000000,90.878580000,2.300970000,93.179550000,-6.820450000,0,0,0
1294,local_costmap,157.679000000,157.679000000,157.679000000,0.000000000,100.000000000,105.368735000,2.229642000,107.598377000,7.598377000,0,0,0
1295,local_costmap,157.780000000,157.780000000,157.780000000,0.000000000,100.000000000,103.833353000,2.265045000,106.098398000,6.098398000,0,0,0
1296,local_costmap,157.879000000,157.879000000,157.879000000,0.000000000,100.000000000,95.848354000,1.990666000,97.839020000,-2.160980000,0,0,0
1297,local_costmap,157.978000000,157.978000000,157.978000000,0.000000000,100.000000000,98.964101000,2.280569000,101.244670000,1.244670000,0,0,0
1298,local_costmap,158.078000000,158.078000000,158.078000000,0.000000000,100.000000000,96.439501000,2.196932000,98.636433000,-1.363567000,0,0,0
1299,local_costmap,158.179000000,158.179000000,158.179000000,0.000000000,100.000000000,97.055031000,1.948681000,99.003712000,-0.996288000,0,0,0
1300,local_costmap,158.279000000,158.279000000,158.279000000,0.000000000,100.000000000,98.432513000,2.368193000,100.800706000,0.800706000,0,0,0
1301,local_costmap,158.379000000,158.379000000,158.379000000,0.000000000,100.000000000,106.003039000,2.028296000,108.031335000,8.031335000,0,0,0
1302,local_costmap,158.478000000,158.478000000,158.478000000,0.000000000,100.000000000,101.085361000,2.042018000,103.127379000,3.127379000,0,0,0
1303,local_costmap,158.579000000,158.579000000,158.580000000,0.000000000,100.000000000,104.632567000,2.371459000,107.004026000,7.004026000,0,0,0
1304,local_costmap,158.678000000,158.678000000,158.681000000,0.000000000,100.000000000,98.601346000,2.361818000,100.963164000,0.963164000,0,0,0
1305,local_costmap,158.778000000,158.778000000,158.781000000,0.000000000,100.000000000,95.235164000,2.957122000,98.192286000,-1.807714000,0,0,0
1306,local_costmap,158.878000000,158.878000000,158.880000000,0.000000000,100.000000000,94.386681000,2.058018000,96.444699000,-3.555301000,0,0,0
1307,local_costmap,158.979000000,158.979000000,158.979000000,0.000000000,100.000000000,105.459529000,2.269403000,107.728932000,7.728932000,0,0,0
1308,local_costmap,159.078000000,159.078000000,159.078000000,0.000000000,100.000000000,106.460310000,2.005258000,108.465568000,8.465568000,0,0,0
1309,local_costmap,159.179000000,159.179000000,159.179000000,0.000000000,100.000000000,97.860121000,2.272206000,100.132327000,0.132327000,0,0,0
1310,local_costmap,159.278000000,159.278000000,159.278000000,0.000000000,100.000000000,103.356564000,2.303053000,105.659617000,5.659617000,0,0,0
1311,local_costmap,159.381000000,159.381000000,159.381000000,0.000000000,100.000000000,110.269614000,1.996671000,112.266285000,12.266285000,0,0,0
1312,local_costmap,159.478000000,159.478000000,159.478000000,0.000000000,100.000000000,108.734643000,2.337842000,111.072485000,11.072485000,0,0,0
1313,local_costmap,159.579000000,159.579000000,159.579000000,0.000000000,100.000000000,96.193625000,2.033865000,98.227490000,-1.772510000,0,0,0
1314,local_costmap,159.678000000,159.678000000,159.678000000,0.000000000,100.000000000,97.667065000,2.672267000,100.339332000,0.339332000,0,0,0
1315,local_costmap,159.778000000,159.778000000,159.779000000,0.000000000,100.000000000,94.500637000,2.343568000,96.844205000,-3.155795000,0,0,0
1316,local_costmap,159.878000000,159.878000000,159.878000000,0.000000000,100.000000000,98.443442000,2.073960000,100.517402000,0.517402000,0,0,0
1317,local_costmap,159.978000000,159.978000000,159.980000000,0.000000000,100.000000000,98.494553000,2.067171000,100.561724000,0.561724000,0,0,0
1318,local_costmap,160.078000000,160.078000000,160.080000000,0.000000000,100.000000000,98.762734000,2.041450000,100.804184000,0.804184000,0,0,0
1319,local_costmap,160.178000000,160.178000000,160.180000000,0.000000000,100.000000000,102.136101000,2.242702000,104.378803000,4.378803000,0,0,0
1320,local_costmap,160.279000000,160.279000000,160.282000000,0.000000000,100.000000000,106.936494000,2.909344000,109.845838000,9.845838000,0,0,0
1321,local_costmap,160.379000000,160.379000000,160.379000000,0.000000000,100.000000000,102.043594000,1.985862000,104.029456000,4.029456000,0,0,0
1322,local_costmap,160.478000000,160.478000000,160.478000000,0.000000000,100.000000000,95.819994000,2.582029000,98.402023000,-1.597977000,0,0,0
1323,local_costmap,160.578000000,160.578000000,160.578000000,0.000000000,100.000000000,104.750300000,2.003278000,106.753578000,6.753578000,0,0,0
1324,local_costmap,160.679000000,160.679000000,160.679000000,0.000000000,100.000000000,95.914062000,2.081503000,97.995565000,-2.004435000,0,0,0
1325,local_costmap,160.778000000,160.778000000,160.778000000,0.000000000,100.000000000,106.842319000,1.973614000,108.815933000,8.815933000,0,0,0
1326,local_costmap,160.878000000,160.878000000,160.878000000,0.000000000,100.000000000,93.820516000,2.451860000,96.272376000,-3.727624000,0,0,0
1327,local_costmap,160.978000000,160.978000000,160.978000000,0.000000000,100.000000000,99.769631000,2.304824000,102.074455000,2.074455000,0,0,0
1328,local_costmap,161.078000000,161.078000000,161.078000000,0.000000000,100.000000000,109.794524000,2.456937000,112.251461000,12.251461000,0,0,0
1329,local_costmap,161.179000000,161.179000000,161.179000000,0.000000000,100.000000000,99.795757000,2.316626000,102.112383000,2.112383000,0,0,0
1330,local_costmap,161.278000000,161.278000000,161.278000000,0.000000000,100.000000000,87.195397000,2.364074000,89.559471000,-10.440529000,0,0,0
1331,local_costmap,161.379000000,161.379000000,161.382000000,0.000000000,100.000000000,108.958479000,2.420452000,111.378931000,11.378931000,0,0,0
1332,local_costmap,161.478000000,161.478000000,161.481000000,0.000000000,100.000000000,89.622857000,2.832552000,92.455409000,-7.544591000,0,0,0
1333,local_costmap,161.578000000,161.578000000,161.578000000,0.000000000,100.000000000,101.905949000,2.334435000,104.240384000,4.240384000,0,0,0
1334,local_costmap,161.678000000,161.678000000,161.678000000,0.000000000,100.000000000,93.044660000,2.293487000,95.338147000,-4.661853000,0,0,0
1335,local_costmap,161.778000000,161.778000000,161.778000000,0.000000000,100.000000000,104.476660000,2.333621000,106.810281000,6.810281000,0,0,0
1336,local_costmap,161.878000000,161.878000000,161.878000000,0.000000000,100.000000000,98.793433000,2.335026000,101.128459000,1.128459000,0,0,0
1337,local_costmap,161.978000000,161.978000000,161.978000000,0.000000000,100.000000000,100.625723000,2.331829000,102.957552000,2.957552000,0,0,0
1338,local_costmap,162.079000000,162.079000000,162.079000000,0.000000000,100.000000000,97.429856000,2.711952000,100.141808000,0.141808000,0,0,0
1339,local_costmap,162.178000000,162.178000000,162.178000000,0.000000000,100.000000000,96.777161000,2.726091000,99.503252000,-0.496748000,0,0,0
1340,local_costmap,162.278000000,162.278000000,162.279000000,0.000000000,100.000000000,102.610843000,2.398655000,105.009498000,5.009498000,0,0,0
1341,local_costmap,162.378000000,162.378000000,162.381000000,0.000000000,100.000000000,95.557054000,2.193701000,97.750755000,-2.249245000,0,0,0
1342,local_costmap,162.478000000,162.478000000,162.478000000,0.000000000,100.000000000,99.374358000,2.311643000,101.686001000,1.686001000,0,0,0
1343,local_costmap,162.578000000,162.578000000,162.578000000,0.000000000,100.000000000,93.500365000,2.260843000,95.761208000,-4.238792000,0,0,0
1344,local_costmap,162.678000000,162.678000000,162.678000000,0.000000000,100.000000000,103.075401000,2.044808000,105.120209000,5.120209000,0,0,0
1345,local_costmap,162.778000000,162.778000000,162.778000000,0.000000000,100.000000000,96.317722000,2.448221000,98.765943000,-1.234057000,0,0,0
1346,local_costmap,162.878000000,162.878000000,162.878000000,0.000000000,100.000000000,97.646122000,2.178735000,99.824857000,-0.175143000,0,0,0
1347,local_costmap,162.978000000,162.978000000,162.981000000,0.000000000,100.000000000,95.513671000,2.478541000,97.992212000,-2.007788000,0,0,0
1348,local_costmap,163.078000000,163.078000000,163.080000000,0.000000000,100.000000000,103.159100000,2.260403000,105.419503000,5.419503000,0,0,0
1349,local_costmap,163.178000000,163.178000000,163.179000000,0.000000000,100.000000000,95.606786000,2.069735000,97.676521000,-2.323479000,0,0,0
1350,local_costmap,163.278000000,163.278000000,163.278000000,0.000000000,100.000000000,102.498213000,2.041538000,104.539751000,4.539751000,0,0,0
1351,local_costmap,163.378000000,163.378000000,163.380000000,0.000000000,100.000000000,94.474731000,2.145484000,96.620215000,-3.379785000,0,0,0
1352,local_costmap,163.478000000,163.478000000,163.478000000,0.000000000,100.000000000,96.465428000,2.030330000,98.495758000,-1.504242000,0,0,0
1353,local_costmap,163.578000000,163.578000000,163.579000000,0.000000000,100.000000000,98.101528000,2.126563000,100.228091000,0.228091000,0,0,0
1354,local_costmap,163.678000000,163.678000000,163.681000000,0.000000000,100.000000000,107.917447000,2.328489000,110.245936000,10.245936000,0,0,0
1355,local_costmap,163.778000000,163.778000000,163.780000000,0.000000000,100.000000000,100.063815000,1.961779000,102.025594000,2.025594000,0,0,0
1356,local_costmap,163.879000000,163.879000000,163.881000000,0.000000000,100.000000000,103.969880000,1.917107000,105.886987000,5.886987000,0,0,0
1357,local_costmap,163.978000000,163.978000000,163.980000000,0.000000000,100.000000000,87.388248000,2.048099000,89.436347000,-10.563653000,0,0,0
1358,local_costmap,164.078000000,164.078000000,164.081000000,0.000000000,100.000000000,109.740529000,2.522542000,112.263071000,12.263071000,0,0,0
1359,local_costmap,164.178000000,164.178000000,164.181000000,0.000000000,100.000000000,93.524312000,2.590340000,96.114652000,-3.885348000,0,0,0
1360,local_costmap,164.281000000,164.281000000,164.285000000,0.000000000,100.000000000,97.848245000,2.358761000,100.207006000,0.207006000,0,0,0
1361,local_costmap,164.378000000,164.378000000,164.378000000,0.000000000,100.000000000,88.884368000,2.222643000,91.107011000,-8.892989000,0,0,0
1362,local_costmap,164.478000000,164.478000000,164.478000000,0.000000000,100.000000000,97.519529000,2.600512000,100.120041000,0.120041000,0,0,0
1363,local_costmap,164.578000000,164.578000000,164.578000000,0.000000000,100.000000000,101.232317000,2.116576000,103.348893000,3.348893000,0,0,0
1364,local_costmap,164.679000000,164.679000000,164.679000000,0.000000000,100.000000000,95.339390000,2.381104000,97.720494000,-2.279506000,0,0,0
1365,local_costmap,164.779000000,164.779000000,164.779000000,0.000000000,100.000000000,104.700373000,2.062221000,106.762594000,6.762594000,0,0,0
1366,local_costmap,164.878000000,164.878000000,164.878000000,0.000000000,100.000000000,94.626192000,2.099176000,96.725368000,-3.274632000,0,0,0
1367,local_costmap,164.978000000,164.978000000,164.978000000,0.000000000,100.000000000,97.034603000,2.388742000,99.423345000,-0.576655000,0,0,0
1368,local_costmap,165.078000000,165.078000000,165.078000000,0.000000000,100.000000000,96.046446000,1.977800000,98.024246000,-1.975754000,0,0,0
1369,local_costmap,165.178000000,165.178000000,165.178000000,0.000000000,100.000000000,97.793598000,2.642370000,100.435968000,0.435968000,0,0,0
1370,local_costmap,165.278000000,165.278000000,165.278000000,0.000000000,100.000000000,119.616460000,2.631399000,122.247859000,22.247859000,0,0,0
1371,local_costmap,165.378000000,165.378000000,165.378000000,0.000000000,100.000000000,93.865594000,2.244540000,96.110134000,-3.889866000,0,0,0
1372,local_costmap,165.478000000,165.478000000,165.478000000,0.000000000,100.000000000,100.586231000,2.052729000,102.638960000,2.638960000,0,0,0
1373,local_costmap,165.578000000,165.578000000,165.578000000,0.000000000,100.000000000,105.173733000,2.183091000,107.356824000,7.356824000,0,0,0
1374,local_costmap,165.679000000,165.679000000,165.679000000,0.000000000,100.000000000,104.364474000,2.026605000,106.391079000,6.391079000,0,0,0
1375,local_costmap,165.778000000,165.778000000,165.778000000,0.000000000,100.000000000,90.652814000,2.395254000,93.048068000,-6.951932000,0,0,0
1376,local_costmap,165.879000000,165.879000000,165.879000000,0.000000000,100.000000000,95.970375000,2.431147000,98.401522000,-1.598478000,0,0,0
1377,local_costmap,165.978000000,165.978000000,165.978000000,0.000000000,100.000000000,110.444063000,2.441437000,112.885500000,12.885500000,0,0,0
1378,local_costmap,166.079000000,166.079000000,166.080000000,0.000000000,100.000000000,112.876566000,2.376516000,115.253082000,15.253082000,0,0,0
1379,local_costmap,166.179000000,166.179000000,166.179000000,0.000000000,100.000000000,104.639325000,2.485106000,107.124431000,7.124431000,0,0,0
1380,local_costmap,166.278000000,166.278000000,166.278000000,0.000000000,100.000000000,100.842573000,2.285257000,103.127830000,3.127830000,0,0,0
1381,local_costmap,166.378000000,166.378000000,166.378000000,0.000000000,100.000000000,100.588688000,2.312431000,102.901119000,2.901119000,0,0,0
1382,local_costmap,166.479000000,166.479000000,166.481000000,0.000000000,100.000000000,91.365616000,1.961210000,93.326826000,-6.673174000,0,0,0
1383,local_costmap,166.579000000,166.579000000,166.579000000,0.000000000,100.000000000,101.075634000,2.251160000,103.326794000,3.326794000,0,0,0
1384,local_costmap,166.682000000,166.682000000,166.685000000,0.000000000,100.000000000,93.901798000,2.406685000,96.308483000,-3.691517000,0,0,0
1385,local_costmap,166.779000000,166.779000000,166.782000000,0.000000000,100.000000000,95.261426000,2.427298000,97.688724000,-2.311276000,0,0,0
1386,local_costmap,166.878000000,166.878000000,166.880000000,0.000000000,100.000000000,94.957906000,2.353817000,97.311723000,-2.688277000,0,0,0
1387,local_costmap,166.978000000,166.978000000,166.978000000,0.000000000,100.000000000,105.416001000,2.426098000,107.842099000,7.842099000,0,0,0
1388,local_costmap,167.079000000,167.079000000,167.079000000,0.000000000,100.000000000,91.579369000,2.346412000,93.925781000,-6.074219000,0,0,0
1389,local_costmap,167.178000000,167.178000000,167.178000000,0.000000000,100.000000000,100.118378000,2.538605000,102.656983000,2.656983000,0,0,0
1390,local_costmap,167.278000000,167.278000000,167.279000000,0.000000000,100.000000000,96.846210000,2.016354000,98.862564000,-1.137436000,0,0,0
1391,local_costmap,167.378000000,167.378000000,167.381000000,0.000000000,100.000000000,96.039701000,2.441793000,98.481494000,-1.518506000,0,0,0
1392,local_costmap,167.478000000,167.478000000,167.481000000,0.000000000,100.000000000,97.194594000,2.504394000,99.698988000,-0.301012000,0,0,0
1393,local_costmap,167.578000000,167.578000000,167.581000000,0.000000000,100.000000000,99.668448000,2.810388000,102.478836000,2.478836000,0,0,0
1394,local_costmap,167.678000000,167.678000000,167.678000000,0.000000000,100.000000000,101.950489000,2.299435000,104.249924000,4.249924000,0,0,0
1395,local_costmap,167.779000000,167.779000000,167.779000000,0.000000000,100.000000000,100.815441000,2.081290000,102.896731000,2.896731000,0,0,0
1396,local_costmap,167.878000000,167.878000000,167.878000000,0.000000000,100.000000000,100.662632000,2.317552000,102.980184000,2.980184000,0,0,0
1397,local_costmap,167.979000000,167.979000000,167.979000000,0.000000000,100.000000000,94.902509000,2.324617000,97.227126000,-2.772874000,0,0,0
1398,local_costmap,168.078000000,168.078000000,168.078000000,0.000000000,100.000000000,103.963348000,2.694464000,106.657812000,6.657812000,0,0,0
1399,local_costmap,168.178000000,168.178000000,168.178000000,0.000000000,100.000000000,97.742939000,1.967194000,99.710133000,-0.289867000,0,0,0
1400,local_costmap,168.278000000,168.278000000,168.279000000,0.000000000,100.000000000,99.190101000,2.285614000,101.475715000,1.475715000,0,0,0
1401,local_costmap,168.378000000,168.378000000,168.378000000,0.000000000,100.000000000,116.072103000,2.807746000,118.879849000,18.879849000,0,0,0
1402,local_costmap,168.478000000,168.478000000,168.481000000,0.000000000,100.000000000,99.012357000,3.343365000,102.355722000,2.355722000,0,0,0
1403,local_costmap,168.578000000,168.578000000,168.578000000,0.000000000,100.000000000,95.742738000,2.038259000,97.780997000,-2.219003000,0,0,0
1404,local_costmap,168.678000000,168.678000000,168.678000000,0.000000000,100.000000000,97.415091000,2.027927000,99.443018000,-0.556982000,0,0,0
1405,local_costmap,168.778000000,168.778000000,168.778000000,0.000000000,100.000000000,102.411701000,1.960998000,104.372699000,4.372699000,0,0,0
1406,local_costmap,168.879000000,168.879000000,168.881000000,0.000000000,100.000000000,101.877909000,2.409515000,104.287424000,4.287424000,0,0,0
1407,local_costmap,168.978000000,168.978000000,168.981000000,0.000000000,100.000000000,100.504445000,2.223791000,102.728236000,2.728236000,0,0,0
1408,local_costmap,169.079000000,169.079000000,169.081000000,0.000000000,100.000000000,98.477759000,1.983627000,100.461386000,0.461386000,0,0,0
1409,local_costmap,169.178000000,169.178000000,169.180000000,0.000000000,100.000000000,97.453066000,1.953746000,99.406812000,-0.593188000,0,0,0
1410,local_costmap,169.278000000,169.278000000,169.281000000,0.000000000,100.000000000,95.917278000,2.430618000,98.347896000,-1.652104000,0,0,0
1411,local_costmap,169.379000000,169.379000000,169.379000000,0.000000000,100.000000000,101.357197000,2.291327000,103.648524000,3.648524000,0,0,0
1412,local_costmap,169.478000000,169.478000000,169.478000000,0.000000000,100.000000000,94.309165000,2.342408000,96.651573000,-3.348427000,0,0,0
1413,local_costmap,169.578000000,169.578000000,169.581000000,0.000000000,100.000000000,99.163940000,2.264392000,101.428332000,1.428332000,0,0,0
1414,local_costmap,169.678000000,169.678000000,169.680000000,0.000000000,100.000000000,97.387077000,1.947725000,99.334802000,-0.665198000,0,0,0
1415,local_costmap,169.778000000,169.778000000,169.780000000,0.000000000,100.000000000,94.728947000,1.986924000,96.715871000,-3.284129000,0,0,0
1416,local_costmap,169.878000000,169.878000000,169.880000000,0.000000000,100.000000000,96.923840000,1.963034000,98.886874000,-1.113126000,0,0,0
1417,local_costmap,169.978000000,169.978000000,169.980000000,0.000000000,100.000000000,99.900363000,1.977302000,101.877665000,1.877665000,0,0,0
1418,local_costmap,170.078000000,170.078000000,170.080000000,0.000000000,100.000000000,96.129562000,2.072277000,98.201839000,-1.798161000,0,0,0
1419,local_costmap,170.179000000,170.179000000,170.181000000,0.000000000,100.000000000,104.350728000,2.345030000,106.695758000,6.695758000,0,0,0
1420,local_costmap,170.278000000,170.278000000,170.280000000,0.000000000,100.000000000,94.939919000,2.358756000,97.298675000,-2.701325000,0,0,0
1421,local_costmap,170.378000000,170.378000000,170.381000000,0.000000000,100.000000000,102.134132000,2.526631000,104.660763000,4.660763000,0,0,0
1422,local_costmap,170.479000000,170.479000000,170.482000000,0.000000000,100.000000000,96.463236000,2.916295000,99.379531000,-0.620469000,0,0,0
1423,local_costmap,170.578000000,170.578000000,170.581000000,0.000000000,100.000000000,104.595587000,2.601950000,107.197537000,7.197537000,0,0,0
1424,local_costmap,170.678000000,170.678000000,170.681000000,0.000000000,100.000000000,95.742455000,2.511363000,98.253818000,-1.746182000,0,0,0
1425,local_costmap,170.778000000,170.778000000,170.780000000,0.000000000,100.000000000,101.638835000,2.324549000,103.963384000,3.963384000,0,0,0
1426,local_costmap,170.879000000,170.879000000,170.881000000,0.000000000,100.000000000,93.092525000,2.409092000,95.501617000,-4.498383000,0,0,0
1427,local_costmap,170.978000000,170.978000000,170.981000000,0.000000000,100.000000000,99.577055000,2.500314000,102.077369000,2.077369000,0,0,0
1428,local_costmap,171.079000000,171.079000000,171.079000000,0.000000000,100.000000000,94.769811000,2.306600000,97.076411000,-2.923589000,0,0,0
1429,local_costmap,171.178000000,171.178000000,171.178000000,0.000000000,100.000000000,101.346757000,1.970685000,103.317442000,3.317442000,0,0,0
1430,local_costmap,171.279000000,171.279000000,171.279000000,0.000000000,100.000000000,100.205207000,2.446577000,102.651784000,2.651784000,0,0,0
1431,local_costmap,171.378000000,171.378000000,171.378000000,0.000000000,100.000000000,92.938952000,2.240074000,95.179026000,-4.820974000,0,0,0
1432,local_costmap,171.478000000,171.478000000,171.480000000,0.000000000,100.000000000,96.094472000,2.657203000,98.751675000,-1.248325000,0,0,0
1433,local_costmap,171.578000000,171.578000000,171.578000000,0.000000000,100.000000000,96.082066000,2.213707000,98.295773000,-1.704227000,0,0,0
1434,local_costmap,171.678000000,171.678000000,171.678000000,0.000000000,100.000000000,97.268057000,2.270896000,99.538953000,-0.461047000,0,0,0
1435,local_costmap,171.779000000,171.779000000,171.779000000,0.000000000,100.000000000,103.224035000,2.281360000,105.505395000,5.505395000,0,0,0
1436,local_costmap,171.879000000,171.879000000,171.881000000,0.000000000,100.000000000,97.327599000,2.020707000,99.348306000,-0.651694000,0,0,0
1437,local_costmap,171.978000000,171.978000000,171.980000000,0.000000000,100.000000000,99.860255000,2.307091000,102.167346000,2.167346000,0,0,0
1438,local_costmap,172.078000000,172.078000000,172.081000000,0.000000000,100.000000000,95.923929000,2.498081000,98.422010000,-1.577990000,0,0,0
1439,local_costmap,172.178000000,172.178000000,172.181000000,0.000000000,100.000000000,105.355484000,2.247489000,107.602973000,7.602973000,0,0,0
1440,local_costmap,172.278000000,172.278000000,172.280000000,0.000000000,100.000000000,92.971384000,1.998226000,94.969610000,-5.030390000,0,0,0
1441,local_costmap,172.378000000,172.378000000,172.378000000,0.000000000,100.000000000,109.943569000,1.991438000,111.935007000,11.935007000,0,0,0
1442,local_costmap,172.478000000,172.478000000,172.478000000,0.000000000,100.000000000,90.053206000,2.229465000,92.282671000,-7.717329000,0,0,0
1443,local_costmap,172.578000000,172.578000000,172.578000000,0.000000000,100.000000000,103.935778000,2.452996000,106.388774000,6.388774000,0,0,0
1444,local_costmap,172.678000000,172.678000000,172.678000000,0.000000000,100.000000000,94.100081000,2.331347000,96.431428000,-3.568572000,0,0,0
1445,local_costmap,172.779000000,172.779000000,172.779000000,0.000000000,100.000000000,93.843493000,2.569634000,96.413127000,-3.586873000,0,0,0
1446,local_costmap,172.878000000,172.878000000,172.878000000,0.000000000,100.000000000,102.327444000,1.983903000,104.311347000,4.311347000,0,0,0
1447,local_costmap,172.978000000,172.978000000,172.978000000,0.000000000,100.000000000,100.237375000,2.696660000,102.934035000,2.934035000,0,0,0
1448,local_costmap,173.078000000,173.078000000,173.078000000,0.000000000,100.000000000,105.228820000,2.395986000,107.624806000,7.624806000,0,0,0
1449,local_costmap,173.178000000,173.178000000,173.178000000,0.000000000,100.000000000,96.948470000,2.398768000,99.347238000,-0.652762000,0,0,0
1450,local_costmap,173.278000000,173.278000000,173.278000000,0.000000000,100.000000000,95.607728000,2.292523000,97.900251000,-2.099749000,0,0,0
1451,local_costmap,173.379000000,173.379000000,173.379000000,0.000000000,100.000000000,93.522469000,2.295786000,95.818255000,-4.181745000,0,0,0
1452,local_costmap,173.478000000,173.478000000,173.481000000,0.000000000,100.000000000,101.945088000,1.963187000,103.908275000,3.908275000,0,0,0
1453,local_costmap,173.578000000,173.578000000,173.581000000,0.000000000,100.000000000,98.256996000,1.972324000,100.229320000,0.229320000,0,0,0
1454,local_costmap,173.678000000,173.678000000,173.680000000,0.000000000,100.000000000,95.785724000,1.966759000,97.752483000,-2.247517000,0,0,0
1455,local_costmap,173.780000000,173.780000000,173.782000000,0.000000000,100.000000000,104.051622000,2.081928000,106.133550000,6.133550000,0,0,0
1456,local_costmap,173.878000000,173.878000000,173.882000000,0.000000000,100.000000000,100.310258000,2.761876000,103.072134000,3.072134000,0,0,0
1457,local_costmap,173.978000000,173.978000000,173.978000000,0.000000000,100.000000000,91.384044000,2.185965000,93.570009000,-6.429991000,0,0,0
1458,local_costmap,174.078000000,174.078000000,174.080000000,0.000000000,100.000000000,105.185446000,1.961912000,107.147358000,7.147358000,0,0,0
1459,local_costmap,174.178000000,174.178000000,174.180000000,0.000000000,100.000000000,94.945767000,2.041191000,96.986958000,-3.013042000,0,0,0
1460,local_costmap,174.278000000,174.278000000,174.278000000,0.000000000,100.000000000,95.681292000,2.327255000,98.008547000,-1.991453000,0,0,0
1461,local_costmap,174.378000000,174.378000000,174.380000000,0.000000000,100.000000000,98.046620000,2.024139000,100.070759000,0.070759000,0,0,0
1462,local_costmap,174.478000000,174.478000000,174.478000000,0.000000000,100.000000000,100.526770000,2.189828000,102.716598000,2.716598000,0,0,0
1463,local_costmap,174.578000000,174.578000000,174.581000000,0.000000000,100.000000000,97.925659000,2.464357000,100.390016000,0.390016000,0,0,0
1464,local_costmap,174.678000000,174.678000000,174.678000000,0.000000000,100.000000000,101.741497000,2.306527000,104.048024000,4.048024000,0,0,0
1465,local_costmap,174.778000000,174.778000000,174.778000000,0.000000000,100.000000000,110.443602000,2.282970000,112.726572000,12.726572000,0,0,0
1466,local_costmap,174.879000000,174.879000000,174.879000000,0.000000000,100.000000000,99.196726000,2.155920000,101.352646000,1.352646000,0,0,0
1467,local_costmap,174.978000000,174.978000000,174.978000000,0.000000000,100.000000000,93.781665000,1.975216000,95.756881000,-4.243119000,0,0,0
1468,local_costmap,175.078000000,175.078000000,175.078000000,0.000000000,100.000000000,104.202597000,2.300510000,106.503107000,6.503107000,0,0,0
1469,local_costmap,175.179000000,175.179000000,175.181000000,0.000000000,100.000000000,108.360244000,2.259387000,110.619631000,10.619631000,0,0,0
1470,local_costmap,175.278000000,175.278000000,175.278000000,0.000000000,100.000000000,109.172760000,2.179615000,111.352375000,11.352375000,0,0,0
1471,local_costmap,175.378000000,175.378000000,175.381000000,0.000000000,100.000000000,92.017923000,2.062455000,94.080378000,-5.919622000,0,0,0
1472,local_costmap,175.479000000,175.479000000,175.481000000,0.000000000,100.000000000,105.234032000,2.254288000,107.488320000,7.488320000,0,0,0
1473,local_costmap,175.579000000,175.579000000,175.581000000,0.000000000,100.000000000,89.785100000,2.315607000,92.100707000,-7.899293000,0,0,0
1474,local_costmap,175.678000000,175.678000000,175.678000000,0.000000000,100.000000000,100.053236000,2.324915000,102.378151000,2.378151000,0,0,0
1475,local_costmap,175.778000000,175.778000000,175.778000000,0.000000000,100.000000000,98.352344000,2.302111000,100.654455000,0.654455000,0,0,0
1476,local_costmap,175.878000000,175.878000000,175.878000000,0.000000000,100.000000000,103.842538000,2.315503000,106.158041000,6.158041000,0,0,0
1477,local_costmap,175.979000000,175.979000000,175.979000000,0.000000000,100.000000000,107.019345000,1.889217000,108.908562000,8.908562000,0,0,0
1478,local_costmap,176.079000000,176.079000000,176.079000000,0.000000000,100.000000000,104.258742000,1.914877000,106.173619000,6.173619000,0,0,0
1479,local_costmap,176.178000000,176.178000000,176.178000000,0.000000000,100.000000000,89.350613000,1.967216000,91.317829000,-8.682171000,0,0,0
1480,local_costmap,176.278000000,176.278000000,176.278000000,0.000000000,100.000000000,100.776869000,2.060220000,102.837089000,2.837089000,0,0,0
1481,local_costmap,176.378000000,176.378000000,176.378000000,0.000000000,100.000000000,94.793618000,2.353707000,97.147325000,-2.852675000,0,0,0
1482,local_costmap,176.481000000,176.481000000,176.481000000,0.000000000,100.000000000,108.957648000,2.215437000,111.173085000,11.173085000,0,0,0
1483,local_costmap,176.578000000,176.578000000,176.580000000,0.000000000,100.000000000,94.694674000,2.127211000,96.821885000,-3.178115000,0,0,0
1484,local_costmap,176.678000000,176.678000000,176.678000000,0.000000000,100.000000000,97.840501000,2.229726000,100.070227000,0.070227000,0,0,0
1485,local_costmap,176.780000000,176.780000000,176.782000000,0.000000000,100.000000000,101.048577000,2.226622000,103.275199000,3.275199000,0,0,0
1486,local_costmap,176.879000000,176.879000000,176.879000000,0.000000000,100.000000000,96.441709000,1.991779000,98.433488000,-1.566512000,0,0,0
1487,local_costmap,176.979000000,176.979000000,176.979000000,0.000000000,100.000000000,102.350976000,2.267305000,104.618281000,4.618281000,0,0,0
1488,local_costmap,177.078000000,177.078000000,177.079000000,0.000000000,100.000000000,98.272031000,2.069245000,100.341276000,0.341276000,0,0,0
1489,local_costmap,177.178000000,177.178000000,177.178000000,0.000000000,100.000000000,97.940911000,2.015600000,99.956511000,-0.043489000,0,0,0
1490,local_costmap,177.278000000,177.278000000,177.279000000,0.000000000,100.000000000,96.258948000,2.232542000,98.491490000,-1.508510000,0,0,0
1491,local_costmap,177.378000000,177.378000000,177.378000000,0.000000000,100.000000000,99.602466000,2.009257000,101.611723000,1.611723000,0,0,0
1492,local_costmap,177.479000000,177.479000000,177.479000000,0.000000000,100.000000000,101.101069000,2.412765000,103.513834000,3.513834000,0,0,0
1493,local_costmap,177.578000000,177.578000000,177.578000000,0.000000000,100.000000000,99.226362000,2.322556000,101.548918000,1.548918000,0,0,0
1494,local_costmap,177.678000000,177.678000000,177.679000000,0.000000000,100.000000000,103.094671000,2.400110000,105.494781000,5.494781000,0,0,0
1495,local_costmap,177.778000000,177.778000000,177.778000000,0.000000000,100.000000000,108.398662000,2.350964000,110.749626000,10.749626000,0,0,0
1496,local_costmap,177.878000000,177.878000000,177.878000000,0.000000000,100.000000000,89.323319000,2.122781000,91.446100000,-8.553900000,0,0,0
1497,local_costmap,177.978000000,177.978000000,177.978000000,0.000000000,100.000000000,103.412752000,1.985377000,105.398129000,5.398129000,0,0,0
1498,local_costmap,178.082000000,178.082000000,178.085000000,0.000000000,100.000000000,95.828581000,3.178773000,99.007354000,-0.992646000,0,0,0
1499,local_costmap,178.178000000,178.178000000,178.178000000,0.000000000,100.000000000,96.321525000,2.452774000,98.774299000,-1.225701000,0,0,0
1500,local_costmap,178.278000000,178.278000000,178.278000000,0.000000000,100.000000000,96.603446000,2.329311000,98.932757000,-1.067243000,0,0,0
1501,local_costmap,178.378000000,178.378000000,178.381000000,0.000000000,100.000000000,105.578411000,2.315052000,107.893463000,7.893463000,0,0,0
1502,local_costmap,178.478000000,178.478000000,178.478000000,0.000000000,100.000000000,118.415161000,2.270287000,120.685448000,20.685448000,0,0,0
1503,local_costmap,178.578000000,178.578000000,178.580000000,0.000000000,100.000000000,98.246287000,2.234000000,100.480287000,0.480287000,0,0,0
1504,local_costmap,178.678000000,178.678000000,178.681000000,0.000000000,100.000000000,106.990745000,2.495073000,109.485818000,9.485818000,0,0,0
1505,local_costmap,178.778000000,178.778000000,178.778000000,0.000000000,100.000000000,95.142179000,1.980231000,97.122410000,-2.877590000,0,0,0
1506,local_costmap,178.878000000,178.878000000,178.878000000,0.000000000,100.000000000,87.078791000,2.263214000,89.342005000,-10.657995000,0,0,0
1507,local_costmap,178.978000000,178.978000000,178.978000000,0.000000000,100.000000000,100.092107000,2.165620000,102.257727000,2.257727000,0,0,0
1508,local_costmap,179.078000000,179.078000000,179.078000000,0.000000000,100.000000000,96.363796000,1.969503000,98.333299000,-1.666701000,0,0,0
1509,local_costmap,179.179000000,179.179000000,179.179000000,0.000000000,100.000000000,109.569452000,2.232508000,111.801960000,11.801960000,0,0,0
1510,local_costmap,179.278000000,179.278000000,179.278000000,0.000000000,100.000000000,92.532163000,2.218913000,94.751076000,-5.248924000,0,0,0
1511,local_costmap,179.378000000,179.378000000,179.378000000,0.000000000,100.000000000,97.264960000,2.330817000,99.595777000,-0.404223000,0,0,0
1512,local_costmap,179.478000000,179.478000000,179.479000000,0.000000000,100.000000000,103.162902000,2.062866000,105.225768000,5.225768000,0,0,0
1513,local_costmap,179.578000000,179.578000000,179.581000000,0.000000000,100.000000000,100.040823000,2.178074000,102.218897000,2.218897000,0,0,0
1514,local_costmap,179.678000000,179.678000000,179.678000000,0.000000000,100.000000000,96.792228000,2.404650000,99.196878000,-0.803122000,0,0,0
1515,local_costmap,179.778000000,179.778000000,179.778000000,0.000000000,100.000000000,99.965462000,2.232195000,102.197657000,2.197657000,0,0,0
1516,local_costmap,179.878000000,179.878000000,179.878000000,0.000000000,100.000000000,97.049088000,2.352797000,99.401885000,-0.598115000,0,0,0
1517,local_costmap,179.978000000,179.978000000,179.978000000,0.000000000,100.000000000,104.015434000,1.978564000,105.993998000,5.993998000,0,0,0
1518,local_costmap,180.078000000,180.078000000,180.080000000,0.000000000,100.000000000,98.551012000,2.018822000,100.569834000,0.569834000,0,0,0
1519,local_costmap,180.179000000,180.179000000,180.181000000,0.000000000,100.000000000,95.090928000,2.066647000,97.157575000,-2.842425000,0,0,0
1520,local_costmap,180.278000000,180.278000000,180.280000000,0.000000000,100.000000000,97.357780000,2.293050000,99.650830000,-0.349170000,0,0,0
1521,local_costmap,180.379000000,180.379000000,180.379000000,0.000000000,100.000000000,101.854772000,2.182210000,104.036982000,4.036982000,0,0,0
1522,local_costmap,180.478000000,180.478000000,180.478000000,0.000000000,100.000000000,101.405137000,2.549296000,103.954433000,3.954433000,0,0,0
1523,local_costmap,180.579000000,180.579000000,180.579000000,0.000000000,100.000000000,96.159846000,1.953584000,98.113430000,-1.886570000,0,0,0
1524,local_costmap,180.679000000,180.679000000,180.679000000,0.000000000,100.000000000,101.409170000,2.444340000,103.853510000,3.853510000,0,0,0
1525,local_costmap,180.778000000,180.778000000,180.778000000,0.000000000,100.000000000,102.845415000,2.357160000,105.202575000,5.202575000,0,0,0
1526,local_costmap,180.878000000,180.878000000,180.878000000,0.000000000,100.000000000,88.935098000,2.210463000,91.145561000,-8.854439000,0,0,0
1527,local_costmap,180.978000000,180.978000000,180.981000000,0.000000000,100.000000000,102.768490000,2.387675000,105.156165000,5.156165000,0,0,0
1528,local_costmap,181.078000000,181.078000000,181.080000000,0.000000000,100.000000000,92.946926000,2.004218000,94.951144000,-5.048856000,0,0,0
1529,local_costmap,181.178000000,181.178000000,181.178000000,0.000000000,100.000000000,96.972877000,2.109550000,99.082427000,-0.917573000,0,0,0
1530,local_costmap,181.278000000,181.278000000,181.278000000,0.000000000,100.000000000,95.431487000,2.132531000,97.564018000,-2.435982000,0,0,0
1531,local_costmap,181.379000000,181.379000000,181.379000000,0.000000000,100.000000000,104.198412000,1.954166000,106.152578000,6.152578000,0,0,0
1532,local_costmap,181.478000000,181.478000000,181.478000000,0.000000000,100.000000000,99.004468000,1.920443000,100.924911000,0.924911000,0,0,0
1533,local_costmap,181.578000000,181.578000000,181.579000000,0.000000000,100.000000000,100.204432000,2.806981000,103.011413000,3.011413000,0,0,0
1534,local_costmap,181.678000000,181.678000000,181.678000000,0.000000000,100.000000000,99.384439000,1.996007000,101.380446000,1.380446000,0,0,0
1535,local_costmap,181.778000000,181.778000000,181.778000000,0.000000000,100.000000000,93.170728000,1.940103000,95.110831000,-4.889169000,0,0,0
1536,local_costmap,181.878000000,181.878000000,181.881000000,0.000000000,100.000000000,100.785906000,2.321004000,103.106910000,3.106910000,0,0,0
1537,local_costmap,181.978000000,181.978000000,181.981000000,0.000000000,100.000000000,97.655100000,2.305931000,99.961031000,-0.038969000,0,0,0
1538,local_costmap,182.079000000,182.079000000,182.081000000,0.000000000,100.000000000,104.487177000,1.926065000,106.413242000,6.413242000,0,0,0
1539,local_costmap,182.178000000,182.178000000,182.180000000,0.000000000,100.000000000,98.204334000,1.998755000,100.203089000,0.203089000,0,0,0
1540,local_costmap,182.278000000,182.278000000,182.281000000,0.000000000,100.000000000,97.040197000,1.964776000,99.004973000,-0.995027000,0,0,0
1541,local_costmap,182.378000000,182.378000000,182.380000000,0.000000000,100.000000000,97.761016000,2.139431000,99.900447000,-0.099553000,0,0,0
1542,local_costmap,182.478000000,182.478000000,182.481000000,0.000000000,100.000000000,96.588533000,2.218908000,98.807441000,-1.192559000,0,0,0
1543,local_costmap,182.578000000,182.578000000,182.581000000,0.000000000,100.000000000,105.542383000,2.250411000,107.792794000,7.792794000,0,0,0
1544,local_costmap,182.678000000,182.678000000,182.681000000,0.000000000,100.000000000,95.577991000,1.989884000,97.567875000,-2.432125000,0,0,0
1545,local_costmap,182.778000000,182.778000000,182.782000000,0.000000000,100.000000000,104.693039000,3.309580000,108.002619000,8.002619000,0,0,0
1546,local_costmap,182.878000000,182.878000000,182.880000000,0.000000000,100.000000000,94.930018000,1.917630000,96.847648000,-3.152352000,0,0,0
1547,local_costmap,182.978000000,182.978000000,182.981000000,0.000000000,100.000000000,100.289581000,2.265908000,102.555489000,2.555489000,0,0,0
1548,local_costmap,183.078000000,183.078000000,183.080000000,0.000000000,100.000000000,95.260718000,2.254267000,97.514985000,-2.485015000,0,0,0
1549,local_costmap,183.178000000,183.178000000,183.180000000,0.000000000,100.000000000,108.095474000,1.935789000,110.031263000,10.031263000,0,0,0
1550,local_costmap,183.279000000,183.279000000,183.281000000,0.000000000,100.000000000,98.195783000,2.216637000,100.412420000,0.412420000,0,0,0
1551,local_costmap,183.378000000,183.378000000,183.381000000,0.000000000,100.000000000,98.142768000,1.994476000,100.137244000,0.137244000,0,0,0
1552,local_costmap,183.478000000,183.478000000,183.480000000,0.000000000,100.000000000,100.671383000,2.234937000,102.906320000,2.906320000,0,0,0
1553,local_costmap,183.578000000,183.578000000,183.578000000,0.000000000,100.000000000,95.634125000,1.988181000,97.622306000,-2.377694000,0,0,0
1554,local_costmap,183.678000000,183.678000000,183.678000000,0.000000000,100.000000000,96.255779000,2.180757000,98.436536000,-1.563464000,0,0,0
1555,local_costmap,183.778000000,183.778000000,183.778000000,0.000000000,100.000000000,114.555491000,2.234438000,116.789929000,16.789929000,0,0,0
1556,local_costmap,183.878000000,183.878000000,183.881000000,0.000000000,100.000000000,101.537569000,2.600102000,104.137671000,4.137671000,0,0,0
1557,local_costmap,183.979000000,183.979000000,183.979000000,0.000000000,100.000000000,101.574707000,2.217307000,103.792014000,3.792014000,0,0,0
1558,local_costmap,184.078000000,184.078000000,184.078000000,0.000000000,100.000000000,93.617002000,2.217998000,95.835000000,-4.165000000,0,0,0
1559,local_costmap,184.179000000,184.179000000,184.181000000,0.000000000,100.000000000,103.399796000,1.929951000,105.329747000,5.329747000,0,0,0
1560,local_costmap,184.278000000,184.278000000,184.281000000,0.000000000,100.000000000,103.798901000,2.214277000,106.013178000,6.013178000,0,0,0
1561,local_costmap,184.379000000,184.379000000,184.381000000,0.000000000,100.000000000,97.423762000,2.178999000,99.602761000,-0.397239000,0,0,0
1562,local_costmap,184.480000000,184.480000000,184.482000000,0.000000000,100.000000000,94.244161000,2.185853000,96.430014000,-3.569986000,0,0,0
1563,local_costmap,184.578000000,184.578000000,184.581000000,0.000000000,100.000000000,97.676348000,2.248418000,99.924766000,-0.075234000,0,0,0
1564,local_costmap,184.678000000,184.678000000,184.681000000,0.000000000,100.000000000,97.600715000,2.371114000,99.971829000,-0.028171000,0,0,0
1565,local_costmap,184.778000000,184.778000000,184.778000000,0.000000000,100.000000000,99.795928000,2.308035000,102.103963000,2.103963000,0,0,0
1566,local_costmap,184.878000000,184.878000000,184.880000000,0.000000000,100.000000000,94.642792000,1.987137000,96.629929000,-3.370071000,0,0,0
1567,local_costmap,184.980000000,184.980000000,184.980000000,0.000000000,100.000000000,104.216843000,2.453979000,106.670822000,6.670822000,0,0,0
1568,local_costmap,185.078000000,185.078000000,185.080000000,0.000000000,100.000000000,95.526249000,2.029519000,97.555768000,-2.444232000,0,0,0
1569,local_costmap,185.180000000,185.180000000,185.182000000,0.000000000,100.000000000,106.445148000,2.006008000,108.451156000,8.451156000,0,0,0
1570,local_costmap,185.279000000,185.279000000,185.279000000,0.000000000,100.000000000,100.169866000,2.745853000,102.915719000,2.915719000,0,0,0
1571,local_costmap,185.378000000,185.378000000,185.378000000,0.000000000,100.000000000,100.766472000,2.251121000,103.017593000,3.017593000,0,0,0
1572,local_costmap,185.478000000,185.478000000,185.478000000,0.000000000,100.000000000,93.780769000,1.922615000,95.703384000,-4.296616000,0,0,0
1573,local_costmap,185.578000000,185.578000000,185.578000000,0.000000000,100.000000000,95.920528000,2.292674000,98.213202000,-1.786798000,0,0,0
1574,local_costmap,185.679000000,185.679000000,185.679000000,0.000000000,100.000000000,102.899093000,2.297357000,105.196450000,5.196450000,0,0,0
1575,local_costmap,185.778000000,185.778000000,185.778000000,0.000000000,100.000000000,102.676188000,2.254579000,104.930767000,4.930767000,0,0,0
1576,local_costmap,185.878000000,185.878000000,185.878000000,0.000000000,100.000000000,105.956698000,2.472789000,108.429487000,8.429487000,0,0,0
1577,local_costmap,185.978000000,185.978000000,185.978000000,0.000000000,100.000000000,93.409171000,2.091519000,95.500690000,-4.499310000,0,0,0
1578,local_costmap,186.078000000,186.078000000,186.080000000,0.000000000,100.000000000,101.091404000,2.417577000,103.508981000,3.508981000,0,0,0
1579,local_costmap,186.178000000,186.178000000,186.181000000,0.000000000,100.000000000,111.473862000,2.449189000,113.923051000,13.923051000,0,0,0
1580,local_costmap,186.278000000,186.278000000,186.282000000,0.000000000,100.000000000,91.905172000,3.146607000,95.051779000,-4.948221000,0,0,0
1581,local_costmap,186.379000000,186.379000000,186.381000000,0.000000000,100.000000000,94.117309000,2.272698000,96.390007000,-3.609993000,0,0,0
1582,local_costmap,186.478000000,186.478000000,186.481000000,0.000000000,100.000000000,97.622648000,2.547576000,100.170224000,0.170224000,0,0,0
1583,local_costmap,186.578000000,186.578000000,186.580000000,0.000000000,100.000000000,95.281603000,2.027437000,97.309040000,-2.690960000,0,0,0
1584,local_costmap,186.680000000,186.680000000,186.683000000,0.000000000,100.000000000,100.287565000,2.284840000,102.572405000,2.572405000,0,0,0
1585,local_costmap,186.778000000,186.778000000,186.780000000,0.000000000,100.000000000,94.353184000,2.210128000,96.563312000,-3.436688000,0,0,0
1586,local_costmap,186.878000000,186.878000000,186.878000000,0.000000000,100.000000000,99.218980000,1.989895000,101.208875000,1.208875000,0,0,0
1587,local_costmap,186.978000000,186.978000000,186.978000000,0.000000000,100.000000000,99.706349000,1.949979000,101.656328000,1.656328000,0,0,0
1588,local_costmap,187.078000000,187.078000000,187.078000000,0.000000000,100.000000000,105.493472000,2.229771000,107.723243000,7.723243000,0,0,0
1589,local_costmap,187.178000000,187.178000000,187.178000000,0.000000000,100.000000000,94.307333000,2.384194000,96.691527000,-3.308473000,0,0,0
1590,local_costmap,187.279000000,187.279000000,187.279000000,0.000000000,100.000000000,101.325565000,2.281690000,103.607255000,3.607255000,0,0,0
1591,local_costmap,187.378000000,187.378000000,187.378000000,0.000000000,100.000000000,94.015286000,2.011335000,96.026621000,-3.973379000,0,0,0
1592,local_costmap,187.478000000,187.478000000,187.478000000,0.000000000,100.000000000,99.020451000,2.008438000,101.028889000,1.028889000,0,0,0
1593,local_costmap,187.578000000,187.578000000,187.578000000,0.000000000,100.000000000,95.719345000,2.438329000,98.157674000,-1.842326000,0,0,0
1594,local_costmap,187.678000000,187.678000000,187.678000000,0.000000000,100.000000000,102.141277000,2.344315000,104.485592000,4.485592000,0,0,0
1595,local_costmap,187.778000000,187.778000000,187.778000000,0.000000000,100.000000000,109.302621000,2.055223000,111.357844000,11.357844000,0,0,0
1596,local_costmap,187.878000000,187.878000000,187.878000000,0.000000000,100.000000000,92.270696000,2.362474000,94.633170000,-5.366830000,0,0,0
1597,local_costmap,187.978000000,187.978000000,187.978000000,0.000000000,100.000000000,93.946341000,2.365517000,96.311858000,-3.688142000,0,0,0
1598,local_costmap,188.078000000,188.078000000,188.078000000,0.000000000,100.000000000,101.933863000,1.969018000,103.902881000,3.902881000,0,0,0
1599,local_costmap,188.178000000,188.178000000,188.178000000,0.000000000,100.000000000,103.301927000,2.379265000,105.681192000,5.681192000,0,0,0
1600,local_costmap,188.278000000,188.278000000,188.278000000,0.000000000,100.000000000,93.648759000,2.321688000,95.970447000,-4.029553000,0,0,0
1601,local_costmap,188.378000000,188.378000000,188.378000000,0.000000000,100.000000000,101.252423000,2.237728000,103.490151000,3.490151000,0,0,0
1602,local_costmap,188.478000000,188.478000000,188.478000000,0.000000000,100.000000000,98.198689000,2.178119000,100.376808000,0.376808000,0,0,0
1603,local_costmap,188.578000000,188.578000000,188.578000000,0.000000000,100.000000000,101.314124000,2.146386000,103.460510000,3.460510000,0,0,0
1604,local_costmap,188.678000000,188.678000000,188.678000000,0.000000000,100.000000000,99.833702000,2.154084000,101.987786000,1.987786000,0,0,0
1605,local_costmap,188.779000000,188.779000000,188.779000000,0.000000000,100.000000000,100.635896000,2.355271000,102.991167000,2.991167000,0,0,0
1606,local_costmap,188.879000000,188.879000000,188.879000000,0.000000000,100.000000000,97.908567000,2.365623000,100.274190000,0.274190000,0,0,0
1607,local_costmap,188.978000000,188.978000000,188.978000000,0.000000000,100.000000000,95.755614000,2.344870000,98.100484000,-1.899516000,0,0,0
1608,local_costmap,189.078000000,189.078000000,189.078000000,0.000000000,100.000000000,98.022626000,2.028076000,100.050702000,0.050702000,0,0,0
1609,local_costmap,189.178000000,189.178000000,189.178000000,0.000000000,100.000000000,97.926823000,2.310189000,100.237012000,0.237012000,0,0,0
1610,local_costmap,189.278000000,189.278000000,189.278000000,0.000000000,100.000000000,97.873871000,1.997764000,99.871635000,-0.128365000,0,0,0
1611,local_costmap,189.378000000,189.378000000,189.378000000,0.000000000,100.000000000,98.561142000,2.357843000,100.918985000,0.918985000,0,0,0
1612,local_costmap,189.478000000,189.478000000,189.478000000,0.000000000,100.000000000,94.809235000,2.339355000,97.148590000,-2.851410000,0,0,0
1613,local_costmap,189.578000000,189.578000000,189.581000000,0.000000000,100.000000000,99.303160000,2.631117000,101.934277000,1.934277000,0,0,0
1614,local_costmap,189.678000000,189.678000000,189.681000000,0.000000000,100.000000000,99.376956000,2.036734000,101.413690000,1.413690000,0,0,0
1615,local_costmap,189.778000000,189.778000000,189.780000000,0.000000000,100.000000000,106.593154000,2.363459000,108.956613000,8.956613000,0,0,0
1616,local_costmap,189.878000000,189.878000000,189.880000000,0.000000000,100.000000000,96.501728000,2.311042000,98.812770000,-1.187230000,0,0,0
1617,local_costmap,189.978000000,189.978000000,189.980000000,0.000000000,100.000000000,106.268506000,4.005952000,110.274458000,10.274458000,0,0,0
1618,local_costmap,190.078000000,190.078000000,190.078000000,0.000000000,100.000000000,93.752437000,2.056327000,95.808764000,-4.191236000,0,0,0
1619,local_costmap,190.178000000,190.178000000,190.179000000,0.000000000,100.000000000,102.059817000,2.096323000,104.156140000,4.156140000,0,0,0
1620,local_costmap,190.278000000,190.278000000,190.280000000,0.000000000,100.000000000,92.881000000,2.057199000,94.938199000,-5.061801000,0,0,0
1621,local_costmap,190.378000000,190.378000000,190.379000000,0.000000000,100.000000000,98.564295000,2.017050000,100.581345000,0.581345000,0,0,0
1622,local_costmap,190.482000000,190.482000000,190.485000000,0.000000000,100.000000000,115.263849000,2.006271000,117.270120000,17.270120000,0,0,0
1623,local_costmap,190.578000000,190.578000000,190.581000000,0.000000000,100.000000000,89.711274000,1.948405000,91.659679000,-8.340321000,0,0,0
1624,local_costmap,190.678000000,190.678000000,190.680000000,0.000000000,100.000000000,98.492808000,2.007105000,100.499913000,0.499913000,0,0,0
1625,local_costmap,190.778000000,190.778000000,190.780000000,0.000000000,100.000000000,95.340548000,2.006093000,97.346641000,-2.653359000,0,0,0
1626,local_costmap,190.878000000,190.878000000,190.878000000,0.000000000,100.000000000,99.365263000,2.169924000,101.535187000,1.535187000,0,0,0
1627,local_costmap,190.978000000,190.978000000,190.978000000,0.000000000,100.000000000,95.513663000,2.305536000,97.819199000,-2.180801000,0,0,0
1628,local_costmap,191.078000000,191.078000000,191.081000000,0.000000000,100.000000000,100.573151000,2.256815000,102.829966000,2.829966000,0,0,0
1629,local_costmap,191.178000000,191.178000000,191.178000000,0.000000000,100.000000000,92.310514000,1.996760000,94.307274000,-5.692726000,0,0,0
1630,local_costmap,191.278000000,191.278000000,191.278000000,0.000000000,100.000000000,105.010404000,2.237003000,107.247407000,7.247407000,0,0,0
1631,local_costmap,191.378000000,191.378000000,191.378000000,0.000000000,100.000000000,96.870978000,2.138035000,99.009013000,-0.990987000,0,0,0
1632,local_costmap,191.478000000,191.478000000,191.478000000,0.000000000,100.000000000,99.439308000,2.329617000,101.768925000,1.768925000,0,0,0
1633,local_costmap,191.578000000,191.578000000,191.580000000,0.000000000,100.000000000,95.994751000,2.318400000,98.313151000,-1.686849000,0,0,0
1634,local_costmap,191.678000000,191.678000000,191.681000000,0.000000000,100.000000000,99.658278000,2.366478000,102.024756000,2.024756000,0,0,0
1635,local_costmap,191.778000000,191.778000000,191.781000000,0.000000000,100.000000000,100.016862000,2.331189000,102.348051000,2.348051000,0,0,0
1636,local_costmap,191.879000000,191.879000000,191.881000000,0.000000000,100.000000000,96.113748000,2.354919000,98.468667000,-1.531333000,0,0,0
1637,local_costmap,191.978000000,191.978000000,191.981000000,0.000000000,100.000000000,98.519350000,2.298147000,100.817497000,0.817497000,0,0,0
1638,local_costmap,192.078000000,192.078000000,192.081000000,0.000000000,100.000000000,100.439997000,2.070355000,102.510352000,2.510352000,0,0,0
1639,local_costmap,192.178000000,192.178000000,192.180000000,0.000000000,100.000000000,102.226740000,2.060812000,104.287552000,4.287552000,0,0,0
1640,local_costmap,192.278000000,192.278000000,192.280000000,0.000000000,100.000000000,99.016198000,2.028535000,101.044733000,1.044733000,0,0,0
1641,local_costmap,192.378000000,192.378000000,192.381000000,0.000000000,100.000000000,94.606280000,2.793284000,97.399564000,-2.600436000,0,0,0
1642,local_costmap,192.480000000,192.480000000,192.482000000,0.000000000,100.000000000,102.804263000,2.033170000,104.837433000,4.837433000,0,0,0
1643,local_costmap,192.578000000,192.578000000,192.578000000,0.000000000,100.000000000,96.928853000,1.949703000,98.878556000,-1.121444000,0,0,0
1644,local_costmap,192.679000000,192.679000000,192.681000000,0.000000000,100.000000000,96.692572000,1.953650000,98.646222000,-1.353778000,0,0,0
1645,local_costmap,192.778000000,192.778000000,192.780000000,0.000000000,100.000000000,97.623262000,2.422565000,100.045827000,0.045827000,0,0,0
1646,local_costmap,192.878000000,192.878000000,192.881000000,0.000000000,100.000000000,97.221994000,2.319026000,99.541020000,-0.458980000,0,0,0
1647,local_costmap,192.978000000,192.978000000,192.980000000,0.000000000,100.000000000,98.419254000,2.280987000,100.700241000,0.700241000,0,0,0
1648,local_costmap,193.078000000,193.078000000,193.081000000,0.000000000,100.000000000,102.272808000,1.969232000,104.242040000,4.242040000,0,0,0
1649,local_costmap,193.178000000,193.178000000,193.181000000,0.000000000,100.000000000,99.898123000,2.545955000,102.444078000,2.444078000,0,0,0
1650,local_costmap,193.278000000,193.278000000,193.278000000,0.000000000,100.000000000,91.985788000,2.087907000,94.073695000,-5.926305000,0,0,0
1651,local_costmap,193.378000000,193.378000000,193.380000000,0.000000000,100.000000000,96.332409000,2.620394000,98.952803000,-1.047197000,0,0,0
1652,local_costmap,193.478000000,193.478000000,193.478000000,0.000000000,100.000000000,104.912524000,1.938135000,106.850659000,6.850659000,0,0,0
1653,local_costmap,193.578000000,193.578000000,193.578000000,0.000000000,100.000000000,103.875839000,2.304486000,106.180325000,6.180325000,0,0,0
1654,local_costmap,193.678000000,193.678000000,193.678000000,0.000000000,100.000000000,104.261782000,2.325399000,106.587181000,6.587181000,0,0,0
1655,local_costmap,193.779000000,193.779000000,193.779000000,0.000000000,100.000000000,95.494428000,2.391168000,97.885596000,-2.114404000,0,0,0
1656,local_costmap,193.879000000,193.879000000,193.879000000,0.000000000,100.000000000,109.348892000,2.459084000,111.807976000,11.807976000,0,0,0
1657,local_costmap,193.982000000,193.982000000,193.982000000,0.000000000,100.000000000,94.095973000,1.986456000,96.082429000,-3.917571000,0,0,0
1658,local_costmap,194.079000000,194.079000000,194.079000000,0.000000000,100.000000000,92.905516000,2.207240000,95.112756000,-4.887244000,0,0,0
1659,local_costmap,194.178000000,194.178000000,194.179000000,0.000000000,100.000000000,93.970102000,2.219695000,96.189797000,-3.810203000,0,0,0
1660,local_costmap,194.278000000,194.278000000,194.278000000,0.000000000,100.000000000,104.487514000,2.351955000,106.839469000,6.839469000,0,0,0
1661,local_costmap,194.379000000,194.379000000,194.379000000,0.000000000,100.000000000,93.093010000,2.636432000,95.729442000,-4.270558000,0,0,0
1662,local_costmap,194.478000000,194.478000000,194.478000000,0.000000000,100.000000000,99.289725000,2.250685000,101.540410000,1.540410000,0,0,0
1663,local_costmap,194.578000000,194.578000000,194.578000000,0.000000000,100.000000000,97.601093000,2.298707000,99.899800000,-0.100200000,0,0,0
1664,local_costmap,194.678000000,194.678000000,194.681000000,0.000000000,100.000000000,103.856449000,2.016579000,105.873028000,5.873028000,0,0,0
1665,local_costmap,194.778000000,194.778000000,194.778000000,0.000000000,100.000000000,99.073427000,2.002753000,101.076180000,1.076180000,0,0,0
1666,local_costmap,194.878000000,194.878000000,194.878000000,0.000000000,100.000000000,95.880915000,2.245494000,98.126409000,-1.873591000,0,0,0
1667,local_costmap,194.978000000,194.978000000,194.978000000,0.000000000,100.000000000,98.217272000,2.484502000,100.701774000,0.701774000,0,0,0
1668,local_costmap,195.078000000,195.078000000,195.078000000,0.000000000,100.000000000,99.282731000,2.004959000,101.287690000,1.287690000,0,0,0
1669,local_costmap,195.179000000,195.179000000,195.179000000,0.000000000,100.000000000,95.045933000,1.976387000,97.022320000,-2.977680000,0,0,0
1670,local_costmap,195.279000000,195.279000000,195.281000000,0.000000000,100.000000000,99.848385000,2.066082000,101.914467000,1.914467000,0,0,0
1671,local_costmap,195.378000000,195.378000000,195.380000000,0.000000000,100.000000000,106.388756000,2.040244000,108.429000000,8.429000000,0,0,0
1672,local_costmap,195.478000000,195.478000000,195.481000000,0.000000000,100.000000000,100.839811000,2.320991000,103.160802000,3.160802000,0,0,0
1673,local_costmap,195.579000000,195.579000000,195.584000000,0.000000000,100.000000000,95.784566000,6.648772000,102.433338000,2.433338000,0,0,0
1674,local_costmap,195.679000000,195.679000000,195.681000000,0.000000000,100.000000000,92.998247000,2.130744000,95.128991000,-4.871009000,0,0,0
1675,local_costmap,195.778000000,195.778000000,195.780000000,0.000000000,100.000000000,96.957904000,2.149137000,99.107041000,-0.892959000,0,0,0
1676,local_costmap,195.878000000,195.878000000,195.882000000,0.000000000,100.000000000,120.881529000,2.666264000,123.547793000,23.547793000,0,0,0
1677,local_costmap,195.978000000,195.978000000,195.981000000,0.000000000,100.000000000,86.059747000,2.670571000,88.730318000,-11.269682000,0,0,0
1678,local_costmap,196.079000000,196.079000000,196.079000000,0.000000000,100.000000000,99.083104000,2.124378000,101.207482000,1.207482000,0,0,0
1679,local_costmap,196.180000000,196.180000000,196.181000000,0.000000000,100.000000000,106.967456000,2.536802000,109.504258000,9.504258000,0,0,0
1680,local_costmap,196.278000000,196.278000000,196.281000000,0.000000000,100.000000000,97.125214000,2.362117000,99.487331000,-0.512669000,0,0,0
1681,local_costmap,196.378000000,196.378000000,196.378000000,0.000000000,100.000000000,87.073805000,2.244678000,89.318483000,-10.681517000,0,0,0
1682,local_costmap,196.478000000,196.478000000,196.478000000,0.000000000,100.000000000,92.492565000,2.225344000,94.717909000,-5.282091000,0,0,0
1683,local_costmap,196.578000000,196.578000000,196.578000000,0.000000000,100.000000000,101.562481000,2.233691000,103.796172000,3.796172000,0,0,0
1684,local_costmap,196.678000000,196.678000000,196.678000000,0.000000000,100.000000000,95.088403000,2.088917000,97.177320000,-2.822680000,0,0,0
1685,local_costmap,196.779000000,196.779000000,196.779000000,0.000000000,100.000000000,99.490879000,2.115123000,101.606002000,1.606002000,0,0,0
1686,local_costmap,196.878000000,196.878000000,196.878000000,0.000000000,100.000000000,97.738511000,2.595312000,100.333823000,0.333823000,0,0,0
1687,local_costmap,196.978000000,196.978000000,196.978000000,0.000000000,100.000000000,95.165014000,2.510869000,97.675883000,-2.324117000,0,0,0
1688,local_costmap,197.081000000,197.081000000,197.081000000,0.000000000,100.000000000,104.706592000,2.494436000,107.201028000,7.201028000,0,0,0
1689,local_costmap,197.178000000,197.178000000,197.178000000,0.000000000,100.000000000,90.336128000,2.118870000,92.454998000,-7.545002000,0,0,0
1690,local_costmap,197.279000000,197.279000000,197.279000000,0.000000000,100.000000000,120.379001000,2.245828000,122.624829000,22.624829000,0,0,0
1691,local_costmap,197.378000000,197.378000000,197.378000000,0.000000000,100.000000000,112.996274000,2.493229000,115.489503000,15.489503000,0,0,0
1692,local_costmap,197.482000000,197.482000000,197.482000000,0.000000000,100.000000000,90.523820000,2.437046000,92.960866000,-7.039134000,0,0,0
1693,local_costmap,197.579000000,197.579000000,197.579000000,0.000000000,100.000000000,94.716081000,2.070840000,96.786921000,-3.213079000,0,0,0
1694,local_costmap,197.678000000,197.678000000,197.678000000,0.000000000,100.000000000,92.804560000,2.395987000,95.200547000,-4.799453000,0,0,0
1695,local_costmap,197.783000000,197.783000000,197.783000000,0.000000000,100.000000000,102.719587000,2.381775000,105.101362000,5.101362000,0,0,0
1696,local_costmap,197.879000000,197.879000000,197.881000000,0.000000000,100.000000000,93.202910000,2.057114000,95.260024000,-4.739976000,0,0,0
1697,local_costmap,197.979000000,197.979000000,197.981000000,0.000000000,100.000000000,108.795061000,2.311519000,111.106580000,11.106580000,0,0,0
1698,local_costmap,198.078000000,198.078000000,198.081000000,0.000000000,100.000000000,92.390107000,2.070471000,94.460578000,-5.539422000,0,0,0
1699,local_costmap,198.178000000,198.178000000,198.181000000,0.000000000,100.000000000,99.075851000,2.421225000,101.497076000,1.497076000,0,0,0
1700,local_costmap,198.278000000,198.278000000,198.281000000,0.000000000,100.000000000,95.310476000,2.650604000,97.961080000,-2.038920000,0,0,0
1701,local_costmap,198.378000000,198.378000000,198.378000000,0.000000000,100.000000000,108.269888000,2.060224000,110.330112000,10.330112000,0,0,0
1702,local_costmap,198.478000000,198.478000000,198.478000000,0.000000000,100.000000000,94.494414000,2.071118000,96.565532000,-3.434468000,0,0,0
1703,local_costmap,198.579000000,198.579000000,198.582000000,0.000000000,100.000000000,103.010400000,2.008688000,105.019088000,5.019088000,0,0,0
1704,local_costmap,198.678000000,198.678000000,198.680000000,0.000000000,100.000000000,91.187951000,2.013385000,93.201336000,-6.798664000,0,0,0
1705,local_costmap,198.779000000,198.779000000,198.781000000,0.000000000,100.000000000,97.852811000,2.055387000,99.908198000,-0.091802000,0,0,0
1706,local_costmap,198.878000000,198.878000000,198.880000000,0.000000000,100.000000000,97.371948000,2.044336000,99.416284000,-0.583716000,0,0,0
1707,local_costmap,198.978000000,198.978000000,198.980000000,0.000000000,100.000000000,96.247540000,1.994662000,98.242202000,-1.757798000,0,0,0
1708,local_costmap,199.078000000,199.078000000,199.081000000,0.000000000,100.000000000,109.178049000,1.923533000,111.101582000,11.101582000,0,0,0
1709,local_costmap,199.178000000,199.178000000,199.180000000,0.000000000,100.000000000,99.164775000,1.928636000,101.093411000,1.093411000,0,0,0
1710,local_costmap,199.278000000,199.278000000,199.280000000,0.000000000,100.000000000,98.686148000,1.991185000,100.677333000,0.677333000,0,0,0
1711,local_costmap,199.379000000,199.379000000,199.381000000,0.000000000,100.000000000,99.473031000,2.053911000,101.526942000,1.526942000,0,0,0
1712,local_costmap,199.479000000,199.479000000,199.482000000,0.000000000,100.000000000,100.620246000,2.688604000,103.308850000,3.308850000,0,0,0
1713,local_costmap,199.578000000,199.578000000,199.580000000,0.000000000,100.000000000,93.147965000,2.080286000,95.228251000,-4.771749000,0,0,0
1714,local_costmap,199.678000000,199.678000000,199.681000000,0.000000000,100.000000000,104.426245000,2.431309000,106.857554000,6.857554000,0,0,0
1715,local_costmap,199.778000000,199.778000000,199.781000000,0.000000000,100.000000000,99.449691000,2.065344000,101.515035000,1.515035000,0,0,0
1716,local_costmap,199.878000000,199.878000000,199.880000000,0.000000000,100.000000000,96.876826000,2.009895000,98.886721000,-1.113279000,0,0,0
1717,local_costmap,199.978000000,199.978000000,199.980000000,0.000000000,100.000000000,98.817627000,2.001862000,100.819489000,0.819489000,0,0,0
1718,local_costmap,200.079000000,200.079000000,200.080000000,0.000000000,100.000000000,106.374996000,2.007874000,108.382870000,8.382870000,0,0,0
1719,local_costmap,200.180000000,200.180000000,200.180000000,0.000000000,100.000000000,96.022240000,2.012093000,98.034333000,-1.965667000,0,0,0
1720,local_costmap,200.278000000,200.278000000,200.278000000,0.000000000,100.000000000,93.404042000,2.043568000,95.447610000,-4.552390000,0,0,0
1721,local_costmap,200.378000000,200.378000000,200.378000000,0.000000000,100.000000000,105.296597000,2.189092000,107.485689000,7.485689000,0,0,0
1722,local_costmap,200.479000000,200.479000000,200.481000000,0.000000000,100.000000000,97.191788000,2.349960000,99.541748000,-0.458252000,0,0,0
1723,local_costmap,200.578000000,200.578000000,200.578000000,0.000000000,100.000000000,111.084332000,1.998408000,113.082740000,13.082740000,0,0,0
1724,local_costmap,200.678000000,200.678000000,200.678000000,0.000000000,100.000000000,94.832975000,2.016736000,96.849711000,-3.150289000,0,0,0
1725,local_costmap,200.778000000,200.778000000,200.781000000,0.000000000,100.000000000,103.404293000,1.979961000,105.384254000,5.384254000,0,0,0
1726,local_costmap,200.878000000,200.878000000,200.881000000,0.000000000,100.000000000,93.282608000,1.953470000,95.236078000,-4.763922000,0,0,0
1727,local_costmap,200.979000000,200.979000000,200.979000000,0.000000000,100.000000000,101.317210000,2.225811000,103.543021000,3.543021000,0,0,0
1728,local_costmap,201.079000000,201.079000000,201.079000000,0.000000000,100.000000000,99.818481000,2.481304000,102.299785000,2.299785000,0,0,0
1729,local_costmap,201.179000000,201.179000000,201.181000000,0.000000000,100.000000000,101.909055000,2.497829000,104.406884000,4.406884000,0,0,0
1730,local_costmap,201.278000000,201.278000000,201.281000000,0.000000000,100.000000000,93.517522000,2.339983000,95.857505000,-4.142495000,0,0,0
1731,local_costmap,201.378000000,201.378000000,201.381000000,0.000000000,100.000000000,99.551370000,2.303540000,101.854910000,1.854910000,0,0,0
1732,local_costmap,201.478000000,201.478000000,201.480000000,0.000000000,100.000000000,98.009245000,2.006514000,100.015759000,0.015759000,0,0,0
1733,local_costmap,201.581000000,201.581000000,201.583000000,0.000000000,100.000000000,101.757626000,2.018350000,103.775976000,3.775976000,0,0,0
1734,local_costmap,201.678000000,201.678000000,201.680000000,0.000000000,100.000000000,95.012292000,1.986783000,96.999075000,-3.000925000,0,0,0
1735,local_costmap,201.778000000,201.778000000,201.778000000,0.000000000,100.000000000,103.015857000,2.002509000,105.018366000,5.018366000,0,0,0
1736,local_costmap,201.878000000,201.878000000,201.881000000,0.000000000,100.000000000,93.227198000,2.485221000,95.712419000,-4.287581000,0,0,0
1737,local_costmap,201.978000000,201.978000000,201.979000000,0.000000000,100.000000000,106.113969000,2.262157000,108.376126000,8.376126000,0,0,0
1738,local_costmap,202.078000000,202.078000000,202.081000000,0.000000000,100.000000000,96.863879000,2.267116000,99.130995000,-0.869005000,0,0,0
1739,local_costmap,202.178000000,202.178000000,202.181000000,0.000000000,100.000000000,94.648009000,2.273751000,96.921760000,-3.078240000,0,0,0
1740,local_costmap,202.278000000,202.278000000,202.279000000,0.000000000,100.000000000,96.634010000,2.268266000,98.902276000,-1.097724000,0,0,0
1741,local_costmap,202.379000000,202.379000000,202.383000000,0.000000000,100.000000000,103.517947000,2.994051000,106.511998000,6.511998000,0,0,0
1742,local_costmap,202.478000000,202.478000000,202.478000000,0.000000000,100.000000000,96.141031000,2.399425000,98.540456000,-1.459544000,0,0,0
1743,local_costmap,202.578000000,202.578000000,202.578000000,0.000000000,100.000000000,99.832411000,2.025834000,101.858245000,1.858245000,0,0,0
1744,local_costmap,202.681000000,202.681000000,202.681000000,0.000000000,100.000000000,122.649114000,2.004689000,124.653803000,24.653803000,0,0,0
1745,local_costmap,202.778000000,202.778000000,202.778000000,0.000000000,100.000000000,100.294446000,1.932899000,102.227345000,2.227345000,0,0,0
1746,local_costmap,202.878000000,202.878000000,202.878000000,0.000000000,100.000000000,93.835639000,1.949410000,95.785049000,-4.214951000,0,0,0
1747,local_costmap,202.978000000,202.978000000,202.978000000,0.000000000,100.000000000,109.993842000,2.317274000,112.311116000,12.311116000,0,0,0
1748,local_costmap,203.078000000,203.078000000,203.078000000,0.000000000,100.000000000,100.438293000,2.246508000,102.684801000,2.684801000,0,0,0
1749,local_costmap,203.179000000,203.179000000,203.180000000,0.000000000,100.000000000,97.829223000,2.022684000,99.851907000,-0.148093000,0,0,0
1750,local_costmap,203.278000000,203.278000000,203.280000000,0.000000000,100.000000000,109.020996000,2.021103000,111.042099000,11.042099000,0,0,0
1751,local_costmap,203.379000000,203.379000000,203.382000000,0.000000000,100.000000000,100.273738000,2.551490000,102.825228000,2.825228000,0,0,0
1752,local_costmap,203.478000000,203.478000000,203.481000000,0.000000000,100.000000000,97.336273000,2.489098000,99.825371000,-0.174629000,0,0,0
1753,local_costmap,203.578000000,203.578000000,203.581000000,0.000000000,100.000000000,103.062298000,2.243432000,105.305730000,5.305730000,0,0,0
1754,local_costmap,203.678000000,203.678000000,203.681000000,0.000000000,100.000000000,89.820720000,2.001524000,91.822244000,-8.177756000,0,0,0
1755,local_costmap,203.778000000,203.778000000,203.780000000,0.000000000,100.000000000,97.272965000,2.002708000,99.275673000,-0.724327000,0,0,0
1756,local_costmap,203.878000000,203.878000000,203.881000000,0.000000000,100.000000000,97.290910000,2.212807000,99.503717000,-0.496283000,0,0,0
1757,local_costmap,203.978000000,203.978000000,203.980000000,0.000000000,100.000000000,96.315753000,2.252608000,98.568361000,-1.431639000,0,0,0
1758,local_costmap,204.078000000,204.078000000,204.078000000,0.000000000,100.000000000,112.318416000,2.139087000,114.457503000,14.457503000,0,0,0
1759,local_costmap,204.179000000,204.179000000,204.179000000,0.000000000,100.000000000,104.880266000,1.959944000,106.840210000,6.840210000,0,0,0
1760,local_costmap,204.278000000,204.278000000,204.280000000,0.000000000,100.000000000,93.664040000,2.164164000,95.828204000,-4.171796000,0,0,0
1761,local_costmap,204.379000000,204.379000000,204.383000000,0.000000000,100.000000000,100.429488000,2.432989000,102.862477000,2.862477000,0,0,0
1762,local_costmap,204.479000000,204.479000000,204.481000000,0.000000000,100.000000000,91.588651000,2.025155000,93.613806000,-6.386194000,0,0,0
1763,local_costmap,204.579000000,204.579000000,204.580000000,0.000000000,100.000000000,96.521891000,2.097921000,98.619812000,-1.380188000,0,0,0
1764,local_costmap,204.678000000,204.678000000,204.679000000,0.000000000,100.000000000,97.791498000,2.037378000,99.828876000,-0.171124000,0,0,0
1765,local_costmap,204.779000000,204.779000000,204.782000000,0.000000000,100.000000000,99.817362000,2.259619000,102.076981000,2.076981000,0,0,0
1766,local_costmap,204.879000000,204.879000000,204.880000000,0.000000000,100.000000000,103.496417000,2.021872000,105.518289000,5.518289000,0,0,0
1767,local_costmap,204.978000000,204.978000000,204.980000000,0.000000000,100.000000000,95.788454000,2.058715000,97.847169000,-2.152831000,0,0,0
1768,local_costmap,205.078000000,205.078000000,205.081000000,0.000000000,100.000000000,99.424909000,3.089844000,102.514753000,2.514753000,0,0,0
1769,local_costmap,205.178000000,205.178000000,205.178000000,0.000000000,100.000000000,97.968119000,2.155391000,100.123510000,0.123510000,0,0,0
1770,local_costmap,205.278000000,205.278000000,205.278000000,0.000000000,100.000000000,101.253472000,2.324010000,103.577482000,3.577482000,0,0,0
1771,local_costmap,205.378000000,205.378000000,205.378000000,0.000000000,100.000000000,99.659994000,2.505013000,102.165007000,2.165007000,0,0,0
1772,local_costmap,205.478000000,205.478000000,205.478000000,0.000000000,100.000000000,99.075965000,2.547594000,101.623559000,1.623559000,0,0,0
1773,local_costmap,205.578000000,205.578000000,205.578000000,0.000000000,100.000000000,97.186738000,2.372071000,99.558809000,-0.441191000,0,0,0
1774,local_costmap,205.680000000,205.680000000,205.681000000,0.000000000,100.000000000,110.363966000,2.216951000,112.580917000,12.580917000,0,0,0
1775,local_costmap,205.778000000,205.778000000,205.778000000,0.000000000,100.000000000,94.352151000,2.150895000,96.503046000,-3.496954000,0,0,0
1776,local_costmap,205.879000000,205.879000000,205.879000000,0.000000000,100.000000000,95.351033000,2.539710000,97.890743000,-2.109257000,0,0,0
1777,local_costmap,205.979000000,205.979000000,205.979000000,0.000000000,100.000000000,99.173171000,2.009053000,101.182224000,1.182224000,0,0,0
1778,local_costmap,206.078000000,206.078000000,206.081000000,0.000000000,100.000000000,92.775141000,2.692855000,95.467996000,-4.532004000,0,0,0
1779,local_costmap,206.178000000,206.178000000,206.180000000,0.000000000,100.000000000,95.891491000,2.486321000,98.377812000,-1.622188000,0,0,0
1780,local_costmap,206.278000000,206.278000000,206.280000000,0.000000000,100.000000000,105.444557000,2.367389000,107.811946000,7.811946000,0,0,0
1781,local_costmap,206.378000000,206.378000000,206.378000000,0.000000000,100.000000000,97.105120000,2.262707000,99.367827000,-0.632173000,0,0,0
1782,local_costmap,206.478000000,206.478000000,206.478000000,0.000000000,100.000000000,94.267675000,2.187419000,96.455094000,-3.544906000,0,0,0
1783,local_costmap,206.578000000,206.578000000,206.578000000,0.000000000,100.000000000,98.511748000,2.160357000,100.672105000,0.672105000,0,0,0
1784,local_costmap,206.678000000,206.678000000,206.678000000,0.000000000,100.000000000,94.330390000,2.148711000,96.479101000,-3.520899000,0,0,0
1785,local_costmap,206.779000000,206.779000000,206.779000000,0.000000000,100.000000000,104.822449000,2.379981000,107.202430000,7.202430000,0,0,0
1786,local_costmap,206.878000000,206.878000000,206.878000000,0.000000000,100.000000000,92.969125000,2.407257000,95.376382000,-4.623618000,0,0,0
1787,local_costmap,206.978000000,206.978000000,206.979000000,0.000000000,100.000000000,105.080829000,2.209933000,107.290762000,7.290762000,0,0,0
1788,local_costmap,207.078000000,207.078000000,207.081000000,0.000000000,100.000000000,99.196455000,2.361443000,101.557898000,1.557898000,0,0,0
1789,local_costmap,207.178000000,207.178000000,207.181000000,0.000000000,100.000000000,99.291243000,2.231501000,101.522744000,1.522744000,0,0,0
1790,local_costmap,207.278000000,207.278000000,207.280000000,0.000000000,100.000000000,95.555697000,1.929424000,97.485121000,-2.514879000,0,0,0
1791,local_costmap,207.379000000,207.379000000,207.381000000,0.000000000,100.000000000,98.102869000,2.222056000,100.324925000,0.324925000,0,0,0
1792,local_costmap,207.478000000,207.478000000,207.480000000,0.000000000,100.000000000,95.544668000,2.294858000,97.839526000,-2.160474000,0,0,0
1793,local_costmap,207.579000000,207.579000000,207.581000000,0.000000000,100.000000000,94.051063000,2.201604000,96.252667000,-3.747333000,0,0,0
1794,local_costmap,207.678000000,207.678000000,207.678000000,0.000000000,100.000000000,105.081340000,2.340873000,107.422213000,7.422213000,0,0,0
1795,local_costmap,207.778000000,207.778000000,207.778000000,0.000000000,100.000000000,100.825337000,2.485542000,103.310879000,3.310879000,0,0,0
1796,local_costmap,207.880000000,207.880000000,207.880000000,0.000000000,100.000000000,105.492806000,1.976252000,107.469058000,7.469058000,0,0,0
1797,local_costmap,207.978000000,207.978000000,207.978000000,0.000000000,100.000000000,96.962670000,2.436889000,99.399559000,-0.600441000,0,0,0
1798,local_costmap,208.079000000,208.079000000,208.081000000,0.000000000,100.000000000,102.198089000,2.403074000,104.601163000,4.601163000,0,0,0
1799,local_costmap,208.178000000,208.178000000,208.180000000,0.000000000,100.000000000,95.560046000,2.599649000,98.159695000,-1.840305000,0,0,0
1800,local_costmap,208.278000000,208.278000000,208.280000000,0.000000000,100.000000000,102.950672000,2.059032000,105.009704000,5.009704000,0,0,0
1801,local_costmap,208.380000000,208.380000000,208.381000000,0.000000000,100.000000000,103.349492000,2.029164000,105.378656000,5.378656000,0,0,0
1802,local_costmap,208.478000000,208.478000000,208.479000000,0.000000000,100.000000000,93.893924000,2.040926000,95.934850000,-4.065150000,0,0,0
1803,local_costmap,208.578000000,208.578000000,208.580000000,0.000000000,100.000000000,106.666150000,1.899204000,108.565354000,8.565354000,0,0,0
1804,local_costmap,208.678000000,208.678000000,208.680000000,0.000000000,100.000000000,91.621293000,2.016205000,93.637498000,-6.362502000,0,0,0
1805,local_costmap,208.778000000,208.778000000,208.781000000,0.000000000,100.000000000,101.651277000,2.258962000,103.910239000,3.910239000,0,0,0
1806,local_costmap,208.878000000,208.878000000,208.878000000,0.000000000,100.000000000,100.197576000,2.307153000,102.504729000,2.504729000,0,0,0
1807,local_costmap,208.979000000,208.979000000,208.979000000,0.000000000,100.000000000,99.008884000,2.293058000,101.301942000,1.301942000,0,0,0
1808,local_costmap,209.078000000,209.078000000,209.078000000,0.000000000,100.000000000,97.986600000,2.291225000,100.277825000,0.277825000,0,0,0
1809,local_costmap,209.178000000,209.178000000,209.178000000,0.000000000,100.000000000,99.118269000,1.940910000,101.059179000,1.059179000,0,0,0
1810,local_costmap,209.278000000,209.278000000,209.278000000,0.000000000,100.000000000,100.822730000,1.955474000,102.778204000,2.778204000,0,0,0
1811,local_costmap,209.378000000,209.378000000,209.378000000,0.000000000,100.000000000,101.862573000,1.937190000,103.799763000,3.799763000,0,0,0
1812,local_costmap,209.478000000,209.478000000,209.478000000,0.000000000,100.000000000,100.967843000,1.973018000,102.940861000,2.940861000,0,0,0
1813,local_costmap,209.578000000,209.578000000,209.578000000,0.000000000,100.000000000,97.640619000,2.026907000,99.667526000,-0.332474000,0,0,0
1814,local_costmap,209.684000000,209.684000000,209.684000000,0.000000000,100.000000000,103.838081000,1.980796000,105.818877000,5.818877000,0,0,0
1815,local_costmap,209.778000000,209.778000000,209.778000000,0.000000000,100.000000000,85.453491000,1.928194000,87.381685000,-12.618315000,0,0,0
1816,local_costmap,209.879000000,209.879000000,209.879000000,0.000000000,100.000000000,96.071704000,2.022358000,98.094062000,-1.905938000,0,0,0
1817,local_costmap,209.978000000,209.978000000,209.978000000,0.000000000,100.000000000,98.337835000,1.908320000,100.246155000,0.246155000,0,0,0
1818,local_costmap,210.078000000,210.078000000,210.078000000,0.000000000,100.000000000,99.541917000,2.676739000,102.218656000,2.218656000,0,0,0
1819,local_costmap,210.178000000,210.178000000,210.180000000,0.000000000,100.000000000,96.635522000,1.962996000,98.598518000,-1.401482000,0,0,0
1820,local_costmap,210.278000000,210.278000000,210.278000000,0.000000000,100.000000000,96.255939000,2.012639000,98.268578000,-1.731422000,0,0,0
1821,local_costmap,210.378000000,210.378000000,210.378000000,0.000000000,100.000000000,103.362845000,2.013158000,105.376003000,5.376003000,0,0,0
1822,local_costmap,210.479000000,210.479000000,210.479000000,0.000000000,100.000000000,103.041016000,2.028973000,105.069989000,5.069989000,0,0,0
1823,local_costmap,210.578000000,210.578000000,210.582000000,0.000000000,100.000000000,97.424223000,2.887393000,100.311616000,0.311616000,0,0,0
1824,local_costmap,210.680000000,210.680000000,210.682000000,0.000000000,100.000000000,96.239599000,3.315485000,99.555084000,-0.444916000,0,0,0
1825,local_costmap,210.778000000,210.778000000,210.782000000,0.000000000,100.000000000,93.920262000,3.447481000,97.367743000,-2.632257000,0,0,0
1826,local_costmap,210.878000000,210.878000000,210.881000000,0.000000000,100.000000000,100.036478000,2.279420000,102.315898000,2.315898000,0,0,0
1827,local_costmap,210.978000000,210.978000000,210.981000000,0.000000000,100.000000000,97.860708000,2.500244000,100.360952000,0.360952000,0,0,0
1828,local_costmap,211.078000000,211.078000000,211.078000000,0.000000000,100.000000000,100.417483000,2.347941000,102.765424000,2.765424000,0,0,0
1829,local_costmap,211.178000000,211.178000000,211.180000000,0.000000000,100.000000000,98.431184000,1.927436000,100.358620000,0.358620000,0,0,0
1830,local_costmap,211.278000000,211.278000000,211.278000000,0.000000000,100.000000000,96.812284000,2.036353000,98.848637000,-1.151363000,0,0,0
1831,local_costmap,211.378000000,211.378000000,211.378000000,0.000000000,100.000000000,95.932737000,2.234893000,98.167630000,-1.832370000,0,0,0
1832,local_costmap,211.478000000,211.478000000,211.478000000,0.000000000,100.000000000,96.126213000,2.253850000,98.380063000,-1.619937000,0,0,0
1833,local_costmap,211.578000000,211.578000000,211.578000000,0.000000000,100.000000000,95.404493000,1.958113000,97.362606000,-2.637394000,0,0,0
1834,local_costmap,211.680000000,211.680000000,211.680000000,0.000000000,100.000000000,104.860763000,2.171838000,107.032601000,7.032601000,0,0,0
1835,local_costmap,211.778000000,211.778000000,211.780000000,0.000000000,100.000000000,91.704019000,2.079778000,93.783797000,-6.216203000,0,0,0
1836,local_costmap,211.878000000,211.878000000,211.880000000,0.000000000,100.000000000,98.678104000,1.978588000,100.656692000,0.656692000,0,0,0
1837,local_costmap,211.978000000,211.978000000,211.980000000,0.000000000,100.000000000,95.956369000,2.074349000,98.030718000,-1.969282000,0,0,0
1838,local_costmap,212.078000000,212.078000000,212.078000000,0.000000000,100.000000000,104.774808000,2.265363000,107.040171000,7.040171000,0,0,0
1839,local_costmap,212.178000000,212.178000000,212.181000000,0.000000000,100.000000000,104.233639000,2.226611000,106.460250000,6.460250000,0,0,0
1840,local_costmap,212.279000000,212.279000000,212.279000000,0.000000000,100.000000000,92.739207000,1.969614000,94.708821000,-5.291179000,0,0,0
1841,local_costmap,212.378000000,212.378000000,212.378000000,0.000000000,100.000000000,98.263141000,2.246412000,100.509553000,0.509553000,0,0,0
1842,local_costmap,212.478000000,212.478000000,212.478000000,0.000000000,100.000000000,103.299240000,2.245068000,105.544308000,5.544308000,0,0,0
1843,local_costmap,212.578000000,212.578000000,212.578000000,0.000000000,100.000000000,100.230425000,2.448310000,102.678735000,2.678735000,0,0,0
1844,local_costmap,212.679000000,212.679000000,212.679000000,0.000000000,100.000000000,97.022297000,1.924133000,98.946430000,-1.053570000,0,0,0
1845,local_costmap,212.778000000,212.778000000,212.778000000,0.000000000,100.000000000,96.858973000,2.287366000,99.146339000,-0.853661000,0,0,0
1846,local_costmap,212.878000000,212.878000000,212.878000000,0.000000000,100.000000000,93.004621000,2.197103000,95.201724000,-4.798276000,0,0,0
1847,local_costmap,212.978000000,212.978000000,212.978000000,0.000000000,100.000000000,104.100313000,1.956908000,106.057221000,6.057221000,0,0,0
1848,local_costmap,213.078000000,213.078000000,213.078000000,0.000000000,100.000000000,95.380977000,1.951506000,97.332483000,-2.667517000,0,0,0
1849,local_costmap,213.179000000,213.179000000,213.180000000,0.000000000,100.000000000,101.230347000,1.931724000,103.162071000,3.162071000,0,0,0
1850,local_costmap,213.278000000,213.278000000,213.280000000,0.000000000,100.000000000,99.335368000,1.959315000,101.294683000,1.294683000,0,0,0
1851,local_costmap,213.378000000,213.378000000,213.378000000,0.000000000,100.000000000,101.192436000,2.318601000,103.511037000,3.511037000,0,0,0
1852,local_costmap,213.478000000,213.478000000,213.478000000,0.000000000,100.000000000,93.716253000,2.316479000,96.032732000,-3.967268000,0,0,0
1853,local_costmap,213.578000000,213.578000000,213.578000000,0.000000000,100.000000000,103.156583000,2.043514000,105.200097000,5.200097000,0,0,0
1854,local_costmap,213.679000000,213.679000000,213.679000000,0.000000000,100.000000000,99.589272000,1.986141000,101.575413000,1.575413000,0,0,0
1855,local_costmap,213.778000000,213.778000000,213.778000000,0.000000000,100.000000000,97.531293000,2.154805000,99.686098000,-0.313902000,0,0,0
1856,local_costmap,213.878000000,213.878000000,213.878000000,0.000000000,100.000000000,100.720303000,3.068660000,103.788963000,3.788963000,0,0,0
1857,local_costmap,213.978000000,213.978000000,213.978000000,0.000000000,100.000000000,103.293017000,2.221012000,105.514029000,5.514029000,0,0,0
1858,local_costmap,214.078000000,214.078000000,214.081000000,0.000000000,100.000000000,90.045444000,2.069461000,92.114905000,-7.885095000,0,0,0
1859,local_costmap,214.178000000,214.178000000,214.178000000,0.000000000,100.000000000,92.854402000,2.295807000,95.150209000,-4.849791000,0,0,0
1860,local_costmap,214.279000000,214.279000000,214.279000000,0.000000000,100.000000000,96.214405000,2.343525000,98.557930000,-1.442070000,0,0,0
1861,local_costmap,214.378000000,214.378000000,214.381000000,0.000000000,100.000000000,103.121028000,2.918977000,106.040005000,6.040005000,0,0,0
1862,local_costmap,214.478000000,214.478000000,214.478000000,0.000000000,100.000000000,94.523456000,2.027387000,96.550843000,-3.449157000,0,0,0
1863,local_costmap,214.578000000,214.578000000,214.578000000,0.000000000,100.000000000,102.345410000,1.992811000,104.338221000,4.338221000,0,0,0
1864,local_costmap,214.678000000,214.678000000,214.678000000,0.000000000,100.000000000,105.832728000,2.375340000,108.208068000,8.208068000,0,0,0
1865,local_costmap,214.779000000,214.779000000,214.781000000,0.000000000,100.000000000,101.049877000,2.170283000,103.220160000,3.220160000,0,0,0
1866,local_costmap,214.879000000,214.879000000,214.881000000,0.000000000,100.000000000,97.754307000,1.998538000,99.752845000,-0.247155000,0,0,0
1867,local_costmap,214.978000000,214.978000000,214.978000000,0.000000000,100.000000000,97.949675000,2.084020000,100.033695000,0.033695000,0,0,0
1868,local_costmap,215.078000000,215.078000000,215.081000000,0.000000000,100.000000000,98.809551000,2.496286000,101.305837000,1.305837000,0,0,0
1869,local_costmap,215.180000000,215.180000000,215.182000000,0.000000000,100.000000000,93.558414000,2.241991000,95.800405000,-4.199595000,0,0,0
1870,local_costmap,215.278000000,215.278000000,215.280000000,0.000000000,100.000000000,101.159313000,2.070389000,103.229702000,3.229702000,0,0,0
1871,local_costmap,215.379000000,215.379000000,215.379000000,0.000000000,100.000000000,97.101338000,2.269033000,99.370371000,-0.629629000,0,0,0
1872,local_costmap,215.478000000,215.478000000,215.478000000,0.000000000,100.000000000,96.229065000,2.295269000,98.524334000,-1.475666000,0,0,0
1873,local_costmap,215.578000000,215.578000000,215.580000000,0.000000000,100.000000000,99.676631000,1.930399000,101.607030000,1.607030000,0,0,0
1874,local_costmap,215.678000000,215.678000000,215.678000000,0.000000000,100.000000000,105.576089000,1.911007000,107.487096000,7.487096000,0,0,0
1875,local_costmap,215.779000000,215.779000000,215.779000000,0.000000000,100.000000000,104.804631000,2.244794000,107.049425000,7.049425000,0,0,0
1876,local_costmap,215.878000000,215.878000000,215.880000000,0.000000000,100.000000000,94.307354000,2.119222000,96.426576000,-3.573424000,0,0,0
1877,local_costmap,215.978000000,215.978000000,215.978000000,0.000000000,100.000000000,100.140865000,2.308613000,102.449478000,2.449478000,0,0,0
1878,local_costmap,216.078000000,216.078000000,216.081000000,0.000000000,100.000000000,97.119732000,2.206718000,99.326450000,-0.673550000,0,0,0
1879,local_costmap,216.178000000,216.178000000,216.180000000,0.000000000,100.000000000,103.983336000,1.991047000,105.974383000,5.974383000,0,0,0
1880,local_costmap,216.278000000,216.278000000,216.278000000,0.000000000,100.000000000,93.834446000,1.950993000,95.785439000,-4.214561000,0,0,0
1881,local_costmap,216.378000000,216.378000000,216.381000000,0.000000000,100.000000000,100.348080000,2.762119000,103.110199000,3.110199000,0,0,0
1882,local_costmap,216.478000000,216.478000000,216.481000000,0.000000000,100.000000000,102.321722000,2.404591000,104.726313000,4.726313000,0,0,0
1883,local_costmap,216.578000000,216.578000000,216.581000000,0.000000000,100.000000000,92.909834000,2.461229000,95.371063000,-4.628937000,0,0,0
1884,local_costmap,216.679000000,216.679000000,216.681000000,0.000000000,100.000000000,105.652107000,2.080166000,107.732273000,7.732273000,0,0,0
1885,local_costmap,216.779000000,216.779000000,216.779000000,0.000000000,100.000000000,100.864942000,2.012012000,102.876954000,2.876954000,0,0,0
1886,local_costmap,216.879000000,216.879000000,216.879000000,0.000000000,100.000000000,91.112163000,2.385830000,93.497993000,-6.502007000,0,0,0
1887,local_costmap,216.978000000,216.978000000,216.978000000,0.000000000,100.000000000,95.354224000,2.315776000,97.670000000,-2.330000000,0,0,0
1888,local_costmap,217.078000000,217.078000000,217.078000000,0.000000000,100.000000000,100.116974000,2.200825000,102.317799000,2.317799000,0,0,0
1889,local_costmap,217.178000000,217.178000000,217.178000000,0.000000000,100.000000000,94.732691000,1.936625000,96.669316000,-3.330684000,0,0,0
1890,local_costmap,217.278000000,217.278000000,217.278000000,0.000000000,100.000000000,102.151380000,2.169641000,104.321021000,4.321021000,0,0,0
1891,local_costmap,217.379000000,217.379000000,217.379000000,0.000000000,100.000000000,98.584930000,2.148872000,100.733802000,0.733802000,0,0,0
1892,local_costmap,217.478000000,217.478000000,217.478000000,0.000000000,100.000000000,94.977151000,2.324825000,97.301976000,-2.698024000,0,0,0
1893,local_costmap,217.578000000,217.578000000,217.578000000,0.000000000,100.000000000,105.274521000,2.935873000,108.210394000,8.210394000,0,0,0
1894,local_costmap,217.678000000,217.678000000,217.678000000,0.000000000,100.000000000,104.662468000,2.611628000,107.274096000,7.274096000,0,0,0
1895,local_costmap,217.778000000,217.778000000,217.781000000,0.000000000,100.000000000,93.288221000,2.424766000,95.712987000,-4.287013000,0,0,0
1896,local_costmap,217.878000000,217.878000000,217.879000000,0.000000000,100.000000000,111.891749000,2.290225000,114.181974000,14.181974000,0,0,0
1897,local_costmap,217.978000000,217.978000000,217.979000000,0.000000000,100.000000000,94.972700000,2.092477000,97.065177000,-2.934823000,0,0,0
1898,local_costmap,218.078000000,218.078000000,218.081000000,0.000000000,100.000000000,97.571979000,2.038142000,99.610121000,-0.389879000,0,0,0
1899,local_costmap,218.178000000,218.178000000,218.181000000,0.000000000,100.000000000,100.359900000,2.463593000,102.823493000,2.823493000,0,0,0
1900,local_costmap,218.278000000,218.278000000,218.278000000,0.000000000,100.000000000,107.215606000,2.514143000,109.729749000,9.729749000,0,0,0
1901,local_costmap,218.378000000,218.378000000,218.381000000,0.000000000,100.000000000,103.086204000,2.047115000,105.133319000,5.133319000,0,0,0
1902,local_costmap,218.479000000,218.479000000,218.479000000,0.000000000,100.000000000,95.699457000,2.007995000,97.707452000,-2.292548000,0,0,0
1903,local_costmap,218.578000000,218.578000000,218.580000000,0.000000000,100.000000000,112.008891000,1.991919000,114.000810000,14.000810000,0,0,0
1904,local_costmap,218.683000000,218.683000000,218.683000000,0.000000000,100.000000000,107.682472000,2.009211000,109.691683000,9.691683000,0,0,0
1905,local_costmap,218.779000000,218.779000000,218.779000000,0.000000000,100.000000000,86.442827000,2.252606000,88.695433000,-11.304567000,0,0,0
1906,local_costmap,218.879000000,218.879000000,218.879000000,0.000000000,100.000000000,98.999715000,2.217191000,101.216906000,1.216906000,0,0,0
1907,local_costmap,218.978000000,218.978000000,218.978000000,0.000000000,100.000000000,119.500317000,2.246637000,121.746954000,21.746954000,0,0,0
1908,local_costmap,219.079000000,219.079000000,219.079000000,0.000000000,100.000000000,99.796594000,2.227692000,102.024286000,2.024286000,0,0,0
1909,local_costmap,219.178000000,219.178000000,219.181000000,0.000000000,100.000000000,96.004013000,2.410238000,98.414251000,-1.585749000,0,0,0
1910,local_costmap,219.278000000,219.278000000,219.281000000,0.000000000,100.000000000,105.892546000,1.955130000,107.847676000,7.847676000,0,0,0
1911,local_costmap,219.379000000,219.379000000,219.381000000,0.000000000,100.000000000,101.380136000,1.971905000,103.352041000,3.352041000,0,0,0
1912,local_costmap,219.481000000,219.481000000,219.481000000,0.000000000,100.000000000,127.733128000,1.949688000,129.682816000,29.682816000,0,0,0
1913,local_costmap,219.578000000,219.578000000,219.578000000,0.000000000,100.000000000,97.868787000,1.894449000,99.763236000,-0.236764000,0,0,0
1914,local_costmap,219.678000000,219.678000000,219.678000000,0.000000000,100.000000000,107.781547000,2.046963000,109.828510000,9.828510000,0,0,0
1915,local_costmap,219.779000000,219.779000000,219.779000000,0.000000000,100.000000000,91.008784000,2.278504000,93.287288000,-6.712712000,0,0,0
1916,local_costmap,219.878000000,219.878000000,219.878000000,0.000000000,100.000000000,95.588470000,2.267520000,97.855990000,-2.144010000,0,0,0
1917,local_costmap,219.979000000,219.979000000,219.979000000,0.000000000,100.000000000,97.107850000,2.263347000,99.371197000,-0.628803000,0,0,0
1918,local_costmap,220.078000000,220.078000000,220.078000000,0.000000000,100.000000000,94.252933000,2.286775000,96.539708000,-3.460292000,0,0,0
1919,local_costmap,220.178000000,220.178000000,220.179000000,0.000000000,100.000000000,101.070035000,3.108167000,104.178202000,4.178202000,0,0,0
1920,local_costmap,220.278000000,220.278000000,220.278000000,0.000000000,100.000000000,94.430024000,2.302583000,96.732607000,-3.267393000,0,0,0
1921,local_costmap,220.378000000,220.378000000,220.378000000,0.000000000,100.000000000,102.592497000,2.243558000,104.836055000,4.836055000,0,0,0
1922,local_costmap,220.478000000,220.478000000,220.480000000,0.000000000,100.000000000,96.379031000,1.919846000,98.298877000,-1.701123000,0,0,0
1923,local_costmap,220.578000000,220.578000000,220.581000000,0.000000000,100.000000000,97.993910000,2.023355000,100.017265000,0.017265000,0,0,0
1924,local_costmap,220.678000000,220.678000000,220.678000000,0.000000000,100.000000000,108.744355000,1.907761000,110.652116000,10.652116000,0,0,0
1925,local_costmap,220.778000000,220.778000000,220.778000000,0.000000000,100.000000000,103.415840000,1.928242000,105.344082000,5.344082000,0,0,0
1926,local_costmap,220.878000000,220.878000000,220.878000000,0.000000000,100.000000000,97.145592000,1.985280000,99.130872000,-0.869128000,0,0,0
1927,local_costmap,220.978000000,220.978000000,220.980000000,0.000000000,100.000000000,103.054295000,1.958782000,105.013077000,5.013077000,0,0,0
1928,local_costmap,221.079000000,221.079000000,221.079000000,0.000000000,100.000000000,94.067984000,2.015499000,96.083483000,-3.916517000,0,0,0
1929,local_costmap,221.178000000,221.178000000,221.178000000,0.000000000,100.000000000,93.975779000,2.190306000,96.166085000,-3.833915000,0,0,0
1930,local_costmap,221.279000000,221.279000000,221.279000000,0.000000000,100.000000000,98.118853000,1.973841000,100.092694000,0.092694000,0,0,0
1931,local_costmap,221.378000000,221.378000000,221.378000000,0.000000000,100.000000000,99.498658000,2.174298000,101.672956000,1.672956000,0,0,0
1932,local_costmap,221.482000000,221.482000000,221.482000000,0.000000000,100.000000000,107.113084000,2.241561000,109.354645000,9.354645000,0,0,0
1933,local_costmap,221.578000000,221.578000000,221.578000000,0.000000000,100.000000000,88.126933000,2.383688000,90.510621000,-9.489379000,0,0,0
1934,local_costmap,221.678000000,221.678000000,221.678000000,0.000000000,100.000000000,101.983201000,2.043219000,104.026420000,4.026420000,0,0,0
1935,local_costmap,221.778000000,221.778000000,221.781000000,0.000000000,100.000000000,100.671815000,2.202896000,102.874711000,2.874711000,0,0,0
1936,local_costmap,221.878000000,221.878000000,221.879000000,0.000000000,100.000000000,93.391673000,2.190948000,95.582621000,-4.417379000,0,0,0
1937,local_costmap,221.978000000,221.978000000,221.978000000,0.000000000,100.000000000,100.572503000,2.290612000,102.863115000,2.863115000,0,0,0
1938,local_costmap,222.078000000,222.078000000,222.078000000,0.000000000,100.000000000,101.639299000,2.849102000,104.488401000,4.488401000,0,0,0
1939,local_costmap,222.178000000,222.178000000,222.178000000,0.000000000,100.000000000,113.281444000,3.238796000,116.520240000,16.520240000,0,0,0
1940,local_costmap,222.278000000,222.278000000,222.279000000,0.000000000,100.000000000,108.624710000,2.435788000,111.060498000,11.060498000,0,0,0
1941,local_costmap,222.378000000,222.378000000,222.378000000,0.000000000,100.000000000,95.533804000,2.090941000,97.624745000,-2.375255000,0,0,0
1942,local_costmap,222.479000000,222.479000000,222.479000000,0.000000000,100.000000000,98.310244000,2.297322000,100.607566000,0.607566000,0,0,0
1943,local_costmap,222.578000000,222.578000000,222.580000000,0.000000000,100.000000000,92.771510000,2.006016000,94.777526000,-5.222474000,0,0,0
1944,local_costmap,222.679000000,222.679000000,222.681000000,0.000000000,100.000000000,96.544794000,1.922497000,98.467291000,-1.532709000,0,0,0
1945,local_costmap,222.778000000,222.778000000,222.780000000,0.000000000,100.000000000,99.389290000,1.941583000,101.330873000,1.330873000,0,0,0
1946,local_costmap,222.878000000,222.878000000,222.879000000,0.000000000,100.000000000,98.443220000,1.987322000,100.430542000,0.430542000,0,0,0
1947,local_costmap,222.978000000,222.978000000,222.978000000,0.000000000,100.000000000,99.009667000,1.989317000,100.998984000,0.998984000,0,0,0
1948,local_costmap,223.078000000,223.078000000,223.078000000,0.000000000,100.000000000,96.354607000,1.936644000,98.291251000,-1.708749000,0,0,0
1949,local_costmap,223.178000000,223.178000000,223.178000000,0.000000000,100.000000000,101.112598000,2.691002000,103.803600000,3.803600000,0,0,0
1950,local_costmap,223.278000000,223.278000000,223.279000000,0.000000000,100.000000000,95.823040000,2.732473000,98.555513000,-1.444487000,0,0,0
1951,local_costmap,223.379000000,223.379000000,223.379000000,0.000000000,100.000000000,110.956129000,2.314447000,113.270576000,13.270576000,0,0,0
1952,local_costmap,223.478000000,223.478000000,223.478000000,0.000000000,100.000000000,93.960760000,2.364433000,96.325193000,-3.674807000,0,0,0
1953,local_costmap,223.578000000,223.578000000,223.578000000,0.000000000,100.000000000,101.101185000,2.323810000,103.424995000,3.424995000,0,0,0
1954,local_costmap,223.679000000,223.679000000,223.679000000,0.000000000,100.000000000,99.036923000,2.400423000,101.437346000,1.437346000,0,0,0
1955,local_costmap,223.778000000,223.778000000,223.778000000,0.000000000,100.000000000,99.418193000,2.348819000,101.767012000,1.767012000,0,0,0
1956,local_costmap,223.879000000,223.879000000,223.879000000,0.000000000,100.000000000,95.779852000,2.163422000,97.943274000,-2.056726000,0,0,0
1957,local_costmap,223.978000000,223.978000000,223.978000000,0.000000000,100.000000000,99.064848000,1.977571000,101.042419000,1.042419000,0,0,0
1958,local_costmap,224.080000000,224.080000000,224.081000000,0.000000000,100.000000000,96.229325000,2.845882000,99.075207000,-0.924793000,0,0,0
1959,local_costmap,224.179000000,224.179000000,224.181000000,0.000000000,100.000000000,96.153866000,1.914545000,98.068411000,-1.931589000,0,0,0
1960,local_costmap,224.278000000,224.278000000,224.281000000,0.000000000,100.000000000,100.765037000,2.031384000,102.796421000,2.796421000,0,0,0
1961,local_costmap,224.378000000,224.378000000,224.380000000,0.000000000,100.000000000,101.687064000,2.355999000,104.043063000,4.043063000,0,0,0
1962,local_costmap,224.478000000,224.478000000,224.481000000,0.000000000,100.000000000,98.690802000,2.272940000,100.963742000,0.963742000,0,0,0
1963,local_costmap,224.578000000,224.578000000,224.580000000,0.000000000,100.000000000,97.317540000,2.005454000,99.322994000,-0.677006000,0,0,0
1964,local_costmap,224.678000000,224.678000000,224.681000000,0.000000000,100.000000000,101.222437000,2.003843000,103.226280000,3.226280000,0,0,0
1965,local_costmap,224.779000000,224.779000000,224.783000000,0.000000000,100.000000000,98.348405000,3.485285000,101.833690000,1.833690000,0,0,0
1966,local_costmap,224.878000000,224.878000000,224.880000000,0.000000000,100.000000000,95.022291000,1.974492000,96.996783000,-3.003217000,0,0,0
1967,local_costmap,224.978000000,224.978000000,224.980000000,0.000000000,100.000000000,97.061424000,1.952246000,99.013670000,-0.986330000,0,0,0
1968,local_costmap,225.078000000,225.078000000,225.078000000,0.000000000,100.000000000,111.726159000,1.978540000,113.704699000,13.704699000,0,0,0
1969,local_costmap,225.178000000,225.178000000,225.181000000,0.000000000,100.000000000,91.252110000,2.246123000,93.498233000,-6.501767000,0,0,0
1970,local_costmap,225.278000000,225.278000000,225.278000000,0.000000000,100.000000000,107.218866000,2.200347000,109.419213000,9.419213000,0,0,0
1971,local_costmap,225.381000000,225.381000000,225.381000000,0.000000000,100.000000000,101.000447000,1.988653000,102.989100000,2.989100000,0,0,0
1972,local_costmap,225.481000000,225.481000000,225.484000000,0.000000000,100.000000000,97.204550000,1.937102000,99.141652000,-0.858348000,0,0,0
1973,local_costmap,225.578000000,225.578000000,225.580000000,0.000000000,100.000000000,94.150715000,1.987578000,96.138293000,-3.861707000,0,0,0
1974,local_costmap,225.678000000,225.678000000,225.680000000,0.000000000,100.000000000,98.363487000,2.591580000,100.955067000,0.955067000,0,0,0
1975,local_costmap,225.778000000,225.778000000,225.780000000,0.000000000,100.000000000,99.346908000,2.218510000,101.565418000,1.565418000,0,0,0
1976,local_costmap,225.880000000,225.880000000,225.880000000,0.000000000,100.000000000,111.177325000,2.098450000,113.275775000,13.275775000,0,0,0
1977,local_costmap,225.978000000,225.978000000,225.978000000,0.000000000,100.000000000,96.411823000,2.269360000,98.681183000,-1.318817000,0,0,0
1978,local_costmap,226.078000000,226.078000000,226.078000000,0.000000000,100.000000000,91.527073000,2.221148000,93.748221000,-6.251779000,0,0,0
1979,local_costmap,226.179000000,226.179000000,226.179000000,0.000000000,100.000000000,101.532908000,2.004636000,103.537544000,3.537544000,0,0,0
1980,local_costmap,226.279000000,226.279000000,226.279000000,0.000000000,100.000000000,92.981621000,2.308880000,95.290501000,-4.709499000,0,0,0
1981,local_costmap,226.378000000,226.378000000,226.378000000,0.000000000,100.000000000,93.734163000,2.297571000,96.031734000,-3.968266000,0,0,0
1982,local_costmap,226.478000000,226.478000000,226.478000000,0.000000000,100.000000000,95.208266000,2.264565000,97.472831000,-2.527169000,0,0,0
1983,local_costmap,226.578000000,226.578000000,226.581000000,0.000000000,100.000000000,108.121828000,2.269091000,110.390919000,10.390919000,0,0,0
1984,local_costmap,226.678000000,226.678000000,226.680000000,0.000000000,100.000000000,101.917698000,2.261529000,104.179227000,4.179227000,0,0,0
1985,local_costmap,226.778000000,226.778000000,226.778000000,0.000000000,100.000000000,104.683694000,2.163689000,106.847383000,6.847383000,0,0,0
1986,local_costmap,226.878000000,226.878000000,226.878000000,0.000000000,100.000000000,97.157271000,2.158994000,99.316265000,-0.683735000,0,0,0
1987,local_costmap,226.978000000,226.978000000,226.978000000,0.000000000,100.000000000,98.019320000,1.909680000,99.929000000,-0.071000000,0,0,0
1988,local_costmap,227.078000000,227.078000000,227.078000000,0.000000000,100.000000000,100.693534000,1.918888000,102.612422000,2.612422000,0,0,0
1989,local_costmap,227.178000000,227.178000000,227.178000000,0.000000000,100.000000000,103.761740000,1.930465000,105.692205000,5.692205000,0,0,0
1990,local_costmap,227.278000000,227.278000000,227.278000000,0.000000000,100.000000000,93.674638000,1.941532000,95.616170000,-4.383830000,0,0,0
1991,local_costmap,227.379000000,227.379000000,227.380000000,0.000000000,100.000000000,111.822511000,2.021486000,113.843997000,13.843997000,0,0,0
1992,local_costmap,227.478000000,227.478000000,227.478000000,0.000000000,100.000000000,95.783250000,2.289013000,98.072263000,-1.927737000,0,0,0
1993,local_costmap,227.578000000,227.578000000,227.578000000,0.000000000,100.000000000,100.771383000,2.215751000,102.987134000,2.987134000,0,0,0
1994,local_costmap,227.678000000,227.678000000,227.678000000,0.000000000,100.000000000,96.720070000,1.981524000,98.701594000,-1.298406000,0,0,0
1995,local_costmap,227.778000000,227.778000000,227.778000000,0.000000000,100.000000000,97.310122000,2.085861000,99.395983000,-0.604017000,0,0,0
1996,local_costmap,227.879000000,227.879000000,227.879000000,0.000000000,100.000000000,102.595504000,1.933577000,104.529081000,4.529081000,0,0,0
1997,local_costmap,227.978000000,227.978000000,227.980000000,0.000000000,100.000000000,98.556706000,2.253487000,100.810193000,0.810193000,0,0,0
1998,local_costmap,228.078000000,228.078000000,228.078000000,0.000000000,100.000000000,98.095312000,2.483512000,100.578824000,0.578824000,0,0,0
1999,local_costmap,228.178000000,228.178000000,228.178000000,0.000000000,100.000000000,97.845324000,2.250983000,100.096307000,0.096307000,0,0,0
2000,local_costmap,228.278000000,228.278000000,228.278000000,0.000000000,100.000000000,99.544711000,3.011142000,102.555853000,2.555853000,0,0,0
2001,local_costmap,228.378000000,228.378000000,228.378000000,0.000000000,100.000000000,103.842574000,1.988854000,105.831428000,5.831428000,0,0,0
2002,local_costmap,228.478000000,228.478000000,228.478000000,0.000000000,100.000000000,96.466536000,2.310702000,98.777238000,-1.222762000,0,0,0
2003,local_costmap,228.578000000,228.578000000,228.578000000,0.000000000,100.000000000,96.475798000,2.234438000,98.710236000,-1.289764000,0,0,0
2004,local_costmap,228.678000000,228.678000000,228.678000000,0.000000000,100.000000000,95.048116000,1.979797000,97.027913000,-2.972087000,0,0,0
2005,local_costmap,228.778000000,228.778000000,228.778000000,0.000000000,100.000000000,100.686530000,2.282395000,102.968925000,2.968925000,0,0,0
2006,local_costmap,228.878000000,228.878000000,228.878000000,0.000000000,100.000000000,96.635176000,2.143463000,98.778639000,-1.221361000,0,0,0
2007,local_costmap,228.978000000,228.978000000,228.978000000,0.000000000,100.000000000,104.878269000,2.293392000,107.171661000,7.171661000,0,0,0
2008,local_costmap,229.078000000,229.078000000,229.081000000,0.000000000,100.000000000,96.001101000,2.277978000,98.279079000,-1.720921000,0,0,0
2009,local_costmap,229.178000000,229.178000000,229.180000000,0.000000000,100.000000000,99.277768000,2.200741000,101.478509000,1.478509000,0,0,0
2010,local_costmap,229.278000000,229.278000000,229.280000000,0.000000000,100.000000000,96.931830000,1.991733000,98.923563000,-1.076437000,0,0,0
2011,local_costmap,229.378000000,229.378000000,229.380000000,0.000000000,100.000000000,101.147253000,2.255680000,103.402933000,3.402933000,0,0,0
2012,local_costmap,229.478000000,229.478000000,229.480000000,0.000000000,100.000000000,93.111018000,2.238858000,95.349876000,-4.650124000,0,0,0
2013,local_costmap,229.581000000,229.581000000,229.584000000,0.000000000,100.000000000,102.051611000,2.260727000,104.312338000,4.312338000,0,0,0
2014,local_costmap,229.678000000,229.678000000,229.681000000,0.000000000,100.000000000,104.165043000,2.254078000,106.419121000,6.419121000,0,0,0
2015,local_costmap,229.778000000,229.778000000,229.780000000,0.000000000,100.000000000,107.076113000,1.908790000,108.984903000,8.984903000,0,0,0
2016,local_costmap,229.878000000,229.878000000,229.880000000,0.000000000,100.000000000,100.908018000,1.923271000,102.831289000,2.831289000,0,0,0
2017,local_costmap,229.978000000,229.978000000,229.980000000,0.000000000,100.000000000,97.263552000,1.907242000,99.170794000,-0.829206000,0,0,0
2018,local_costmap,230.078000000,230.078000000,230.080000000,0.000000000,100.000000000,100.655366000,1.978014000,102.633380000,2.633380000,0,0,0
2019,local_costmap,230.178000000,230.178000000,230.180000000,0.000000000,100.000000000,97.270674000,2.005947000,99.276621000,-0.723379000,0,0,0
2020,local_costmap,230.278000000,230.278000000,230.281000000,0.000000000,100.000000000,101.657072000,2.217299000,103.874371000,3.874371000,0,0,0
2021,local_costmap,230.378000000,230.378000000,230.378000000,0.000000000,100.000000000,101.264389000,2.203318000,103.467707000,3.467707000,0,0,0
2022,local_costmap,230.478000000,230.478000000,230.481000000,0.000000000,100.000000000,102.095263000,2.149916000,104.245179000,4.245179000,0,0,0
2023,local_costmap,230.578000000,230.578000000,230.580000000,0.000000000,100.000000000,90.515709000,2.704195000,93.219904000,-6.780096000,0,0,0
2024,local_costmap,230.678000000,230.678000000,230.681000000,0.000000000,100.000000000,94.454363000,2.076739000,96.531102000,-3.468898000,0,0,0
2025,local_costmap,230.779000000,230.779000000,230.780000000,0.000000000,100.000000000,97.216005000,2.016221000,99.232226000,-0.767774000,0,0,0
2026,local_costmap,230.878000000,230.878000000,230.880000000,0.000000000,100.000000000,102.348606000,2.263307000,104.611913000,4.611913000,0,0,0
2027,local_costmap,230.980000000,230.980000000,230.983000000,0.000000000,100.000000000,96.699363000,2.271576000,98.970939000,-1.029061000,0,0,0
2028,local_costmap,231.078000000,231.078000000,231.080000000,0.000000000,100.000000000,97.352680000,2.198452000,99.551132000,-0.448868000,0,0,0
2029,local_costmap,231.178000000,231.178000000,231.180000000,0.000000000,100.000000000,97.924546000,2.046582000,99.971128000,-0.028872000,0,0,0
2030,local_costmap,231.279000000,231.279000000,231.279000000,0.000000000,100.000000000,99.151893000,3.175313000,102.327206000,2.327206000,0,0,0
2031,local_costmap,231.378000000,231.378000000,231.394000000,0.000000000,100.000000000,103.296014000,16.000655000,119.296669000,19.296669000,0,0,0
2032,local_costmap,231.478000000,231.478000000,231.479000000,0.000000000,100.000000000,79.509476000,2.568092000,82.077568000,-17.922432000,0,0,0
2033,local_costmap,231.578000000,231.578000000,231.580000000,0.000000000,100.000000000,100.875195000,2.400501000,103.275696000,3.275696000,0,0,0
2034,local_costmap,231.679000000,231.679000000,231.680000000,0.000000000,100.000000000,95.641222000,2.474845000,98.116067000,-1.883933000,0,0,0
2035,local_costmap,231.778000000,231.778000000,231.780000000,0.000000000,100.000000000,96.877713000,7.980375000,104.858088000,4.858088000,0,0,0
2036,local_costmap,231.878000000,231.878000000,231.879000000,0.000000000,100.000000000,91.879535000,2.972276000,94.851811000,-5.148189000,0,0,0
2037,local_costmap,231.978000000,231.978000000,231.978000000,0.000000000,100.000000000,94.664651000,2.022912000,96.687563000,-3.312437000,0,0,0
2038,local_costmap,232.078000000,232.078000000,232.078000000,0.000000000,100.000000000,104.056657000,2.413574000,106.470231000,6.470231000,0,0,0
2039,local_costmap,232.179000000,232.179000000,232.181000000,0.000000000,100.000000000,97.774820000,2.508026000,100.282846000,0.282846000,0,0,0
2040,local_costmap,232.278000000,232.278000000,232.280000000,0.000000000,100.000000000,92.742552000,2.008457000,94.751009000,-5.248991000,0,0,0
2041,local_costmap,232.379000000,232.379000000,232.379000000,0.000000000,100.000000000,108.828120000,2.581082000,111.409202000,11.409202000,0,0,0
2042,local_costmap,232.478000000,232.478000000,232.478000000,0.000000000,100.000000000,99.535994000,2.020185000,101.556179000,1.556179000,0,0,0
2043,local_costmap,232.579000000,232.579000000,232.579000000,0.000000000,100.000000000,103.410199000,1.996981000,105.407180000,5.407180000,0,0,0
2044,local_costmap,232.679000000,232.679000000,232.680000000,0.000000000,100.000000000,96.264176000,2.378038000,98.642214000,-1.357786000,0,0,0
2045,local_costmap,232.779000000,232.779000000,232.802000000,0.000000000,100.000000000,95.018692000,27.530957000,122.549649000,22.549649000,0,0,0
2046,local_costmap,232.878000000,232.878000000,233.194000000,0.000000000,100.000000000,74.742327000,319.013937000,393.756264000,293.756264000,0,0,0
2047,local_costmap,233.277000000,233.277000000,233.278000000,0.000000000,100.000000000,77.909045000,1.987508000,79.896553000,-20.103447000,0,0,0
2048,local_costmap,233.377000000,233.377000000,233.413000000,0.000000000,100.000000000,101.174298000,34.707990000,135.882288000,35.882288000,0,0,0
2049,local_costmap,233.506000000,233.506000000,233.582000000,0.000000000,100.000000000,95.963997000,72.354420000,168.318417000,68.318417000,0,0,0
2050,local_costmap,233.583000000,233.583000000,233.587000000,0.000000000,100.000000000,0.369642000,3.588145000,3.957787000,-96.042213000,0,0,0
2051,local_costmap,233.677000000,233.677000000,233.688000000,0.000000000,100.000000000,95.538530000,12.406620000,107.945150000,7.945150000,0,0,0
2052,local_costmap,233.777000000,233.777000000,233.785000000,0.000000000,100.000000000,85.793870000,7.935644000,93.729514000,-6.270486000,0,0,0
2053,local_costmap,233.877000000,233.877000000,233.880000000,0.000000000,100.000000000,89.303731000,2.572665000,91.876396000,-8.123604000,0,0,0
2054,local_costmap,233.977000000,233.977000000,233.980000000,0.000000000,100.000000000,103.626449000,2.568011000,106.194460000,6.194460000,0,0,0
2055,local_costmap,234.077000000,234.077000000,234.096000000,0.000000000,100.000000000,96.313326000,16.884641000,113.197967000,13.197967000,0,0,0
2056,local_costmap,234.177000000,234.177000000,234.185000000,0.000000000,100.000000000,78.531331000,7.253853000,85.785184000,-14.214816000,0,0,0
2057,local_costmap,234.277000000,234.277000000,234.279000000,0.000000000,100.000000000,99.529461000,2.404962000,101.934423000,1.934423000,0,0,0
2058,local_costmap,234.377000000,234.377000000,234.406000000,0.000000000,100.000000000,97.198672000,27.275113000,124.473785000,24.473785000,0,0,0
2059,local_costmap,234.477000000,234.477000000,234.519000000,0.000000000,100.000000000,65.444408000,40.225843000,105.670251000,5.670251000,0,0,0
2060,local_costmap,234.596000000,234.596000000,234.672000000,0.000000000,100.000000000,79.434661000,79.439283000,158.873944000,58.873944000,0,0,0
2061,local_costmap,234.677000000,234.677000000,234.680000000,0.000000000,100.000000000,4.856996000,2.213840000,7.070836000,-92.929164000,0,0,0
2062,local_costmap,234.777000000,234.777000000,234.789000000,0.000000000,100.000000000,94.892241000,11.723903000,106.616144000,6.616144000,0,0,0
2063,local_costmap,234.877000000,234.877000000,234.879000000,0.000000000,100.000000000,103.355851000,3.603678000,106.959529000,6.959529000,0,0,0
2064,local_costmap,234.978000000,234.978000000,234.978000000,0.000000000,100.000000000,107.477567000,2.367953000,109.845520000,9.845520000,0,0,0
2065,local_costmap,235.077000000,235.077000000,235.077000000,0.000000000,100.000000000,93.933245000,2.785470000,96.718715000,-3.281285000,0,0,0
2066,local_costmap,235.178000000,235.178000000,235.178000000,0.000000000,100.000000000,120.290140000,2.389131000,122.679271000,22.679271000,0,0,0
2067,local_costmap,235.280000000,235.280000000,235.283000000,0.000000000,100.000000000,89.417411000,2.967227000,92.384638000,-7.615362000,0,0,0
2068,local_costmap,235.377000000,235.377000000,235.377000000,0.000000000,100.000000000,94.627207000,2.014988000,96.642195000,-3.357805000,0,0,0
2069,local_costmap,235.477000000,235.477000000,235.486000000,0.000000000,100.000000000,89.052177000,9.495541000,98.547718000,-1.452282000,0,0,0
2070,local_costmap,235.577000000,235.577000000,235.577000000,0.000000000,100.000000000,90.685347000,1.987471000,92.672818000,-7.327182000,0,0,0
2071,local_costmap,235.678000000,235.678000000,235.680000000,0.000000000,100.000000000,102.659411000,1.990890000,104.650301000,4.650301000,0,0,0
2072,local_costmap,235.777000000,235.777000000,235.780000000,0.000000000,100.000000000,100.643389000,1.941832000,102.585221000,2.585221000,0,0,0
2073,local_costmap,235.877000000,235.877000000,235.877000000,0.000000000,100.000000000,101.917511000,1.976475000,103.893986000,3.893986000,0,0,0
2074,local_costmap,235.977000000,235.977000000,235.977000000,0.000000000,100.000000000,94.148008000,2.331403000,96.479411000,-3.520589000,0,0,0
2075,local_costmap,236.077000000,236.077000000,236.077000000,0.000000000,100.000000000,117.037562000,2.340056000,119.377618000,19.377618000,0,0,0
2076,local_costmap,236.177000000,236.177000000,236.192000000,0.000000000,100.000000000,94.589371000,15.881656000,110.471027000,10.471027000,0,0,0
2077,local_costmap,236.277000000,236.277000000,236.277000000,0.000000000,100.000000000,93.931788000,2.018663000,95.950451000,-4.049549000,0,0,0
2078,local_costmap,236.377000000,236.377000000,236.377000000,0.000000000,100.000000000,98.729429000,2.030776000,100.760205000,0.760205000,0,0,0
2079,local_costmap,236.477000000,236.477000000,236.477000000,0.000000000,100.000000000,100.556846000,1.995671000,102.552517000,2.552517000,0,0,0
2080,local_costmap,236.578000000,236.578000000,236.578000000,0.000000000,100.000000000,97.992132000,1.879888000,99.872020000,-0.127980000,0,0,0
2081,local_costmap,236.677000000,236.677000000,236.679000000,0.000000000,100.000000000,98.006202000,2.256340000,100.262542000,0.262542000,0,0,0
2082,local_costmap,236.777000000,236.777000000,236.779000000,0.000000000,100.000000000,99.347150000,2.673595000,102.020745000,2.020745000,0,0,0
2083,local_costmap,236.879000000,236.879000000,236.884000000,0.000000000,100.000000000,96.372895000,6.325663000,102.698558000,2.698558000,0,0,0
2084,local_costmap,236.977000000,236.977000000,236.978000000,0.000000000,100.000000000,94.831268000,5.477154000,100.308422000,0.308422000,0,0,0
2085,local_costmap,237.077000000,237.077000000,237.078000000,0.000000000,100.000000000,97.928663000,2.799733000,100.728396000,0.728396000,0,0,0
2086,local_costmap,237.177000000,237.177000000,237.177000000,0.000000000,100.000000000,95.441911000,2.145655000,97.587566000,-2.412434000,0,0,0
2087,local_costmap,237.277000000,237.277000000,237.279000000,0.000000000,100.000000000,100.882032000,3.252994000,104.135026000,4.135026000,0,0,0
2088,local_costmap,237.377000000,237.377000000,237.379000000,0.000000000,100.000000000,100.748728000,1.942585000,102.691313000,2.691313000,0,0,0
2089,local_costmap,237.477000000,237.477000000,237.477000000,0.000000000,100.000000000,98.737582000,2.144111000,100.881693000,0.881693000,0,0,0
2090,local_costmap,237.579000000,237.579000000,237.581000000,0.000000000,100.000000000,93.627327000,5.097022000,98.724349000,-1.275651000,0,0,0
2091,local_costmap,237.681000000,237.681000000,237.693000000,0.000000000,100.000000000,104.534254000,17.968604000,122.502858000,22.502858000,0,0,0
2092,local_costmap,237.777000000,237.777000000,237.780000000,0.000000000,100.000000000,89.192180000,2.369253000,91.561433000,-8.438567000,0,0,0
2093,local_costmap,237.877000000,237.877000000,237.877000000,0.000000000,100.000000000,93.367339000,1.964890000,95.332229000,-4.667771000,0,0,0
2094,local_costmap,237.978000000,237.978000000,237.978000000,0.000000000,100.000000000,102.750234000,1.946919000,104.697153000,4.697153000,0,0,0
2095,local_costmap,238.077000000,238.077000000,238.082000000,0.000000000,100.000000000,92.588491000,6.511332000,99.099823000,-0.900177000,0,0,0
2096,local_costmap,238.178000000,238.178000000,238.185000000,0.000000000,100.000000000,94.740702000,8.979538000,103.720240000,3.720240000,0,0,0
2097,local_costmap,238.277000000,238.277000000,238.285000000,0.000000000,100.000000000,88.377346000,13.482670000,101.860016000,1.860016000,0,0,0
2098,local_costmap,238.377000000,238.377000000,238.379000000,0.000000000,100.000000000,87.717010000,2.026592000,89.743602000,-10.256398000,0,0,0
2099,local_costmap,238.478000000,238.478000000,238.480000000,0.000000000,100.000000000,103.501052000,2.018956000,105.520008000,5.520008000,0,0,0
2100,local_costmap,238.577000000,238.577000000,238.578000000,0.000000000,100.000000000,94.554713000,2.075217000,96.629930000,-3.370070000,0,0,0
2101,local_costmap,238.677000000,238.677000000,238.680000000,0.000000000,100.000000000,104.385985000,5.302446000,109.688431000,9.688431000,0,0,0
2102,local_costmap,238.777000000,238.777000000,238.777000000,0.000000000,100.000000000,99.300952000,2.004217000,101.305169000,1.305169000,0,0,0
2103,local_costmap,238.877000000,238.877000000,238.877000000,0.000000000,100.000000000,103.412241000,2.027335000,105.439576000,5.439576000,0,0,0
2104,local_costmap,238.978000000,238.978000000,238.981000000,0.000000000,100.000000000,95.887759000,2.918094000,98.805853000,-1.194147000,0,0,0
2105,local_costmap,239.077000000,239.077000000,239.079000000,0.000000000,100.000000000,102.810159000,2.050242000,104.860401000,4.860401000,0,0,0
2106,local_costmap,239.177000000,239.177000000,239.206000000,0.000000000,100.000000000,98.490269000,27.640222000,126.130491000,26.130491000,0,0,0
2107,local_costmap,239.286000000,239.286000000,239.288000000,0.000000000,100.000000000,74.405926000,2.086485000,76.492411000,-23.507589000,0,0,0
2108,local_costmap,239.377000000,239.377000000,239.380000000,0.000000000,100.000000000,94.599249000,2.073739000,96.672988000,-3.327012000,0,0,0
2109,local_costmap,239.478000000,239.478000000,239.480000000,0.000000000,100.000000000,98.118727000,2.079974000,100.198701000,0.198701000,0,0,0
2110,local_costmap,239.577000000,239.577000000,239.577000000,0.000000000,100.000000000,95.119513000,2.155905000,97.275418000,-2.724582000,0,0,0
2111,local_costmap,239.677000000,239.677000000,239.677000000,0.000000000,100.000000000,93.371904000,2.086040000,95.457944000,-4.542056000,0,0,0
2112,local_costmap,239.777000000,239.777000000,239.777000000,0.000000000,100.000000000,95.652080000,2.124140000,97.776220000,-2.223780000,0,0,0
2113,local_costmap,239.877000000,239.877000000,239.877000000,0.000000000,100.000000000,98.197542000,2.099876000,100.297418000,0.297418000,0,0,0
2114,local_costmap,239.977000000,239.977000000,239.977000000,0.000000000,100.000000000,103.974178000,2.361431000,106.335609000,6.335609000,0,0,0
2115,local_costmap,240.077000000,240.077000000,240.081000000,0.000000000,100.000000000,95.122058000,6.373897000,101.495955000,1.495955000,0,0,0
2116,local_costmap,240.177000000,240.177000000,240.177000000,0.000000000,100.000000000,96.412673000,2.367006000,98.779679000,-1.220321000,0,0,0
2117,local_costmap,240.280000000,240.280000000,240.280000000,0.000000000,100.000000000,100.275483000,2.374524000,102.650007000,2.650007000,0,0,0
2118,local_costmap,240.377000000,240.377000000,240.377000000,0.000000000,100.000000000,93.113169000,2.015211000,95.128380000,-4.871620000,0,0,0
2119,local_costmap,240.477000000,240.477000000,240.477000000,0.000000000,100.000000000,99.750016000,2.302557000,102.052573000,2.052573000,0,0,0
2120,local_costmap,240.579000000,240.579000000,240.579000000,0.000000000,100.000000000,98.629197000,2.248882000,100.878079000,0.878079000,0,0,0
2121,local_costmap,240.677000000,240.677000000,240.677000000,0.000000000,100.000000000,95.457090000,2.235552000,97.692642000,-2.307358000,0,0,0
2122,local_costmap,240.777000000,240.777000000,240.777000000,0.000000000,100.000000000,103.865055000,2.191971000,106.057026000,6.057026000,0,0,0
2123,local_costmap,240.877000000,240.877000000,240.877000000,0.000000000,100.000000000,96.100257000,2.321577000,98.421834000,-1.578166000,0,0,0
2124,local_costmap,240.977000000,240.977000000,240.979000000,0.000000000,100.000000000,97.529220000,2.446363000,99.975583000,-0.024417000,0,0,0
2125,local_costmap,241.077000000,241.077000000,241.079000000,0.000000000,100.000000000,97.650923000,2.079747000,99.730670000,-0.269330000,0,0,0
2126,local_costmap,241.178000000,241.178000000,241.181000000,0.000000000,100.000000000,102.105433000,2.418996000,104.524429000,4.524429000,0,0,0
2127,local_costmap,241.277000000,241.277000000,241.280000000,0.000000000,100.000000000,102.645318000,2.267149000,104.912467000,4.912467000,0,0,0
2128,local_costmap,241.377000000,241.377000000,241.378000000,0.000000000,100.000000000,98.246820000,2.613968000,100.860788000,0.860788000,0,0,0
2129,local_costmap,241.477000000,241.477000000,241.482000000,0.000000000,100.000000000,96.240476000,3.557517000,99.797993000,-0.202007000,0,0,0
2130,local_costmap,241.577000000,241.577000000,241.578000000,0.000000000,100.000000000,96.794290000,2.108537000,98.902827000,-1.097173000,0,0,0
2131,local_costmap,241.678000000,241.678000000,241.682000000,0.000000000,100.000000000,97.477207000,4.123481000,101.600688000,1.600688000,0,0,0
2132,local_costmap,241.787000000,241.787000000,241.787000000,0.000000000,100.000000000,113.593685000,2.441372000,116.035057000,16.035057000,0,0,0
2133,local_costmap,241.883000000,241.883000000,241.905000000,0.000000000,100.000000000,91.917913000,23.769144000,115.687057000,15.687057000,0,0,0
2134,local_costmap,241.982000000,241.982000000,242.023000000,0.000000000,100.000000000,72.780152000,50.354430000,123.134582000,23.134582000,0,0,0
2135,local_costmap,242.082000000,242.082000000,242.082000000,0.000000000,100.000000000,53.142526000,2.079796000,55.222322000,-44.777678000,0,0,0
2136,local_costmap,242.177000000,242.177000000,242.179000000,0.000000000,100.000000000,87.951756000,2.104399000,90.056155000,-9.943845000,0,0,0
2137,local_costmap,242.277000000,242.277000000,242.277000000,0.000000000,100.000000000,100.890790000,2.450489000,103.341279000,3.341279000,0,0,0
2138,local_costmap,242.377000000,242.377000000,242.384000000,0.000000000,100.000000000,98.419283000,13.418831000,111.838114000,11.838114000,0,0,0
2139,local_costmap,242.478000000,242.478000000,242.478000000,0.000000000,100.000000000,84.738052000,2.350573000,87.088625000,-12.911375000,0,0,0
2140,local_costmap,242.579000000,242.579000000,242.579000000,0.000000000,100.000000000,101.593871000,2.460371000,104.054242000,4.054242000,0,0,0
2141,local_costmap,242.677000000,242.677000000,242.686000000,0.000000000,100.000000000,92.440602000,15.360355000,107.800957000,7.800957000,0,0,0
2142,local_costmap,242.777000000,242.777000000,242.777000000,0.000000000,100.000000000,89.586103000,2.590488000,92.176591000,-7.823409000,0,0,0
2143,local_costmap,242.877000000,242.877000000,242.879000000,0.000000000,100.000000000,96.880848000,2.467331000,99.348179000,-0.651821000,0,0,0
2144,local_costmap,242.978000000,242.978000000,242.981000000,0.000000000,100.000000000,97.737815000,2.529271000,100.267086000,0.267086000,0,0,0
2145,local_costmap,243.077000000,243.077000000,243.082000000,0.000000000,100.000000000,99.792561000,4.307587000,104.100148000,4.100148000,0,0,0
2146,local_costmap,243.177000000,243.177000000,243.180000000,0.000000000,100.000000000,89.912765000,2.688442000,92.601207000,-7.398793000,0,0,0
2147,local_costmap,243.277000000,243.277000000,243.277000000,0.000000000,100.000000000,94.493294000,2.422724000,96.916018000,-3.083982000,0,0,0
2148,local_costmap,243.377000000,243.377000000,243.379000000,0.000000000,100.000000000,103.660044000,2.107475000,105.767519000,5.767519000,0,0,0
2149,local_costmap,243.477000000,243.477000000,243.479000000,0.000000000,100.000000000,95.267434000,2.507479000,97.774913000,-2.225087000,0,0,0
2150,local_costmap,243.578000000,243.578000000,243.581000000,0.000000000,100.000000000,99.161712000,2.992046000,102.153758000,2.153758000,0,0,0
2151,local_costmap,243.677000000,243.677000000,243.680000000,0.000000000,100.000000000,97.690354000,2.427120000,100.117474000,0.117474000,0,0,0
2152,local_costmap,243.777000000,243.777000000,243.808000000,0.000000000,100.000000000,95.518772000,29.347998000,124.866770000,24.866770000,0,0,0
2153,local_costmap,243.877000000,243.877000000,243.879000000,0.000000000,100.000000000,75.325060000,2.619650000,77.944710000,-22.055290000,0,0,0
2154,local_costmap,243.977000000,243.977000000,243.979000000,0.000000000,100.000000000,93.295122000,2.155047000,95.450169000,-4.549831000,0,0,0
2155,local_costmap,244.077000000,244.077000000,244.080000000,0.000000000,100.000000000,96.460019000,2.163684000,98.623703000,-1.376297000,0,0,0
2156,local_costmap,244.177000000,244.177000000,244.180000000,0.000000000,100.000000000,100.180319000,2.533161000,102.713480000,2.713480000,0,0,0
2157,local_costmap,244.277000000,244.277000000,244.285000000,0.000000000,100.000000000,97.343989000,7.288105000,104.632094000,4.632094000,0,0,0
2158,local_costmap,244.377000000,244.377000000,244.377000000,0.000000000,100.000000000,89.084365000,2.333095000,91.417460000,-8.582540000,0,0,0
2159,local_costmap,244.477000000,244.477000000,244.477000000,0.000000000,100.000000000,102.635967000,4.494336000,107.130303000,7.130303000,0,0,0
2160,local_costmap,244.577000000,244.577000000,244.585000000,0.000000000,100.000000000,98.196668000,8.730638000,106.927306000,6.927306000,0,0,0
2161,local_costmap,244.678000000,244.678000000,244.682000000,0.000000000,100.000000000,101.370663000,4.750590000,106.121253000,6.121253000,0,0,0
2162,local_costmap,244.778000000,244.778000000,244.780000000,0.000000000,100.000000000,94.542414000,2.370467000,96.912881000,-3.087119000,0,0,0
2163,local_costmap,244.878000000,244.878000000,244.881000000,0.000000000,100.000000000,96.092519000,2.640025000,98.732544000,-1.267456000,0,0,0
2164,local_costmap,244.977000000,244.977000000,244.977000000,0.000000000,100.000000000,103.675906000,2.504528000,106.180434000,6.180434000,0,0,0
2165,local_costmap,245.077000000,245.077000000,245.077000000,0.000000000,100.000000000,94.982703000,2.390491000,97.373194000,-2.626806000,0,0,0
2166,local_costmap,245.177000000,245.177000000,245.177000000,0.000000000,100.000000000,99.161256000,2.544865000,101.706121000,1.706121000,0,0,0
2167,local_costmap,245.277000000,245.277000000,245.277000000,0.000000000,100.000000000,105.896104000,2.499170000,108.395274000,8.395274000,0,0,0
2168,local_costmap,245.377000000,245.377000000,245.405000000,0.000000000,100.000000000,94.984684000,25.891849000,120.876533000,20.876533000,0,0,0
2169,local_costmap,245.477000000,245.477000000,245.477000000,0.000000000,100.000000000,72.074652000,2.429524000,74.504176000,-25.495824000,0,0,0
2170,local_costmap,245.577000000,245.577000000,245.578000000,0.000000000,100.000000000,98.051830000,2.398371000,100.450201000,0.450201000,0,0,0
2171,local_costmap,245.677000000,245.677000000,245.693000000,0.000000000,100.000000000,99.902428000,17.212132000,117.114560000,17.114560000,0,0,0
2172,local_costmap,245.858000000,245.858000000,245.861000000,0.000000000,100.000000000,166.638685000,2.082551000,168.721236000,68.721236000,0,0,0
2173,local_costmap,245.877000000,245.877000000,245.880000000,0.000000000,100.000000000,13.591119000,2.813626000,16.404745000,-83.595255000,0,0,0
2174,local_costmap,245.977000000,245.977000000,245.981000000,0.000000000,100.000000000,92.696322000,6.160316000,98.856638000,-1.143362000,0,0,0
2175,local_costmap,246.079000000,246.079000000,246.090000000,0.000000000,100.000000000,105.675019000,16.324971000,121.999990000,21.999990000,0,0,0
2176,local_costmap,246.178000000,246.178000000,246.199000000,0.000000000,100.000000000,78.375601000,31.263144000,109.638745000,9.638745000,0,0,0
2177,local_costmap,246.295000000,246.295000000,246.298000000,0.000000000,100.000000000,78.918739000,2.740353000,81.659092000,-18.340908000,0,0,0
2178,local_costmap,246.377000000,246.377000000,246.401000000,0.000000000,100.000000000,89.681123000,20.228993000,109.910116000,9.910116000,0,0,0
2179,local_costmap,246.482000000,246.482000000,246.482000000,0.000000000,100.000000000,82.155839000,2.442621000,84.598460000,-15.401540000,0,0,0
2180,local_costmap,246.577000000,246.577000000,246.606000000,0.000000000,100.000000000,94.817385000,29.544691000,124.362076000,24.362076000,0,0,0
2181,local_costmap,246.711000000,246.711000000,246.711000000,0.000000000,100.000000000,117.324037000,2.016144000,119.340181000,19.340181000,0,0,0
2182,local_costmap,246.778000000,246.778000000,246.893000000,0.000000000,100.000000000,62.122989000,115.717223000,177.840212000,77.840212000,0,0,0
2183,local_costmap,246.989000000,246.989000000,246.992000000,0.000000000,100.000000000,86.640814000,2.219933000,88.860747000,-11.139253000,0,0,0
2184,local_costmap,247.090000000,247.090000000,247.092000000,0.000000000,100.000000000,98.741351000,2.064874000,100.806225000,0.806225000,0,0,0
2185,local_costmap,247.190000000,247.190000000,247.194000000,0.000000000,100.000000000,102.432553000,4.426282000,106.858835000,6.858835000,0,0,0
2186,local_costmap,247.292000000,247.292000000,247.292000000,0.000000000,100.000000000,92.361438000,2.660750000,95.022188000,-4.977812000,0,0,0
2187,local_costmap,247.389000000,247.389000000,247.389000000,0.000000000,100.000000000,90.209649000,2.370954000,92.580603000,-7.419397000,0,0,0
2188,local_costmap,247.489000000,247.489000000,247.492000000,0.000000000,100.000000000,96.809669000,2.751968000,99.561637000,-0.438363000,0,0,0
2189,local_costmap,247.589000000,247.589000000,247.677000000,0.000000000,100.000000000,98.470777000,95.383023000,193.853800000,93.853800000,0,0,0
2190,local_costmap,247.689000000,247.689000000,247.692000000,0.000000000,100.000000000,11.334170000,2.849003000,14.183173000,-85.816827000,0,0,0
2191,local_costmap,247.789000000,247.789000000,247.791000000,0.000000000,100.000000000,105.040997000,2.630713000,107.671710000,7.671710000,0,0,0
2192,local_costmap,247.889000000,247.889000000,247.889000000,0.000000000,100.000000000,106.500503000,2.410613000,108.911116000,8.911116000,0,0,0
2193,local_costmap,247.990000000,247.990000000,247.993000000,0.000000000,100.000000000,101.779433000,2.036753000,103.816186000,3.816186000,0,0,0
2194,local_costmap,248.089000000,248.089000000,248.092000000,0.000000000,100.000000000,110.183120000,2.314482000,112.497602000,12.497602000,0,0,0
2195,local_costmap,248.190000000,248.190000000,248.202000000,0.000000000,100.000000000,93.108384000,11.508900000,104.617284000,4.617284000,0,0,0
2196,local_costmap,248.289000000,248.289000000,248.289000000,0.000000000,100.000000000,83.134613000,2.069854000,85.204467000,-14.795533000,0,0,0
2197,local_costmap,248.389000000,248.389000000,248.389000000,0.000000000,100.000000000,107.716241000,2.065184000,109.781425000,9.781425000,0,0,0
2198,local_costmap,248.490000000,248.490000000,248.490000000,0.000000000,100.000000000,96.767353000,2.053949000,98.821302000,-1.178698000,0,0,0
2199,local_costmap,248.589000000,248.589000000,248.589000000,0.000000000,100.000000000,96.272376000,2.060791000,98.333167000,-1.666833000,0,0,0
2200,local_costmap,248.689000000,248.689000000,248.689000000,0.000000000,100.000000000,95.764648000,2.068625000,97.833273000,-2.166727000,0,0,0
2201,local_costmap,248.790000000,248.790000000,248.793000000,0.000000000,100.000000000,104.446127000,2.424550000,106.870677000,6.870677000,0,0,0
2202,local_costmap,248.890000000,248.890000000,248.892000000,0.000000000,100.000000000,96.947673000,2.398507000,99.346180000,-0.653820000,0,0,0
2203,local_costmap,248.989000000,248.989000000,248.992000000,0.000000000,100.000000000,96.835659000,2.489668000,99.325327000,-0.674673000,0,0,0
2204,local_costmap,249.090000000,249.090000000,249.093000000,0.000000000,100.000000000,99.852724000,2.737753000,102.590477000,2.590477000,0,0,0
2205,local_costmap,249.190000000,249.190000000,249.190000000,0.000000000,100.000000000,99.329911000,1.978540000,101.308451000,1.308451000,0,0,0
2206,local_costmap,249.289000000,249.289000000,249.291000000,0.000000000,100.000000000,95.467158000,2.532218000,97.999376000,-2.000624000,0,0,0
2207,local_costmap,249.389000000,249.389000000,249.389000000,0.000000000,100.000000000,101.255603000,2.269626000,103.525229000,3.525229000,0,0,0
2208,local_costmap,249.490000000,249.490000000,249.494000000,0.000000000,100.000000000,97.762650000,2.639532000,100.402182000,0.402182000,0,0,0
2209,local_costmap,249.589000000,249.589000000,249.589000000,0.000000000,100.000000000,97.631465000,2.341118000,99.972583000,-0.027417000,0,0,0
2210,local_costmap,249.690000000,249.690000000,249.693000000,0.000000000,100.000000000,106.290241000,3.831764000,110.122005000,10.122005000,0,0,0
2211,local_costmap,249.797000000,249.797000000,249.873000000,0.000000000,100.000000000,94.398388000,76.744743000,171.143131000,71.143131000,0,0,0
2212,local_costmap,249.889000000,249.889000000,249.890000000,0.000000000,100.000000000,13.615538000,3.253156000,16.868694000,-83.131306000,0,0,0
2213,local_costmap,249.990000000,249.990000000,249.992000000,0.000000000,100.000000000,100.459630000,1.974389000,102.434019000,2.434019000,0,0,0
2214,local_costmap,250.089000000,250.089000000,250.092000000,0.000000000,100.000000000,101.407727000,1.991745000,103.399472000,3.399472000,0,0,0
2215,local_costmap,250.190000000,250.190000000,250.192000000,0.000000000,100.000000000,106.357212000,1.998559000,108.355771000,8.355771000,0,0,0
2216,local_costmap,250.289000000,250.289000000,250.289000000,0.000000000,100.000000000,93.296301000,1.991627000,95.287928000,-4.712072000,0,0,0
2217,local_costmap,250.391000000,250.391000000,250.391000000,0.000000000,100.000000000,101.775349000,1.962876000,103.738225000,3.738225000,0,0,0
2218,local_costmap,250.490000000,250.490000000,250.490000000,0.000000000,100.000000000,98.243960000,1.924698000,100.168658000,0.168658000,0,0,0
2219,local_costmap,250.590000000,250.590000000,250.590000000,0.000000000,100.000000000,97.508589000,1.963147000,99.471736000,-0.528264000,0,0,0
2220,local_costmap,250.689000000,250.689000000,250.689000000,0.000000000,100.000000000,105.286995000,1.968607000,107.255602000,7.255602000,0,0,0
2221,local_costmap,250.789000000,250.789000000,250.789000000,0.000000000,100.000000000,99.304785000,2.018683000,101.323468000,1.323468000,0,0,0
2222,local_costmap,250.889000000,250.889000000,250.891000000,0.000000000,100.000000000,109.078398000,2.029952000,111.108350000,11.108350000,0,0,0
2223,local_costmap,250.989000000,250.989000000,250.992000000,0.000000000,100.000000000,106.076731000,2.631644000,108.708375000,8.708375000,0,0,0
2224,local_costmap,251.089000000,251.089000000,251.089000000,0.000000000,100.000000000,99.777630000,2.233705000,102.011335000,2.011335000,0,0,0
2225,local_costmap,251.190000000,251.190000000,251.190000000,0.000000000,100.000000000,98.389864000,2.160998000,100.550862000,0.550862000,0,0,0
2226,local_costmap,251.289000000,251.289000000,251.289000000,0.000000000,100.000000000,101.178264000,2.165700000,103.343964000,3.343964000,0,0,0
2227,local_costmap,251.390000000,251.390000000,251.390000000,0.000000000,100.000000000,108.564115000,2.218814000,110.782929000,10.782929000,0,0,0
2228,local_costmap,251.489000000,251.489000000,251.489000000,0.000000000,100.000000000,91.945143000,2.189873000,94.135016000,-5.864984000,0,0,0
2229,local_costmap,251.590000000,251.590000000,251.593000000,0.000000000,100.000000000,100.652410000,1.911558000,102.563968000,2.563968000,0,0,0
2230,local_costmap,251.692000000,251.692000000,251.694000000,0.000000000,100.000000000,103.200096000,1.940835000,105.140931000,5.140931000,0,0,0
2231,local_costmap,251.789000000,251.789000000,251.793000000,0.000000000,100.000000000,96.061893000,3.324977000,99.386870000,-0.613130000,0,0,0
2232,local_costmap,251.889000000,251.889000000,251.892000000,0.000000000,100.000000000,98.912437000,2.582668000,101.495105000,1.495105000,0,0,0
2233,local_costmap,251.989000000,251.989000000,251.989000000,0.000000000,100.000000000,102.174011000,1.934321000,104.108332000,4.108332000,0,0,0
2234,local_costmap,252.089000000,252.089000000,252.089000000,0.000000000,100.000000000,87.362732000,1.952905000,89.315637000,-10.684363000,0,0,0
2235,local_costmap,252.190000000,252.190000000,252.191000000,0.000000000,100.000000000,98.540559000,2.764947000,101.305506000,1.305506000,0,0,0
2236,local_costmap,252.290000000,252.290000000,252.291000000,0.000000000,100.000000000,97.520961000,2.451532000,99.972493000,-0.027507000,0,0,0
2237,local_costmap,252.389000000,252.389000000,252.389000000,0.000000000,100.000000000,94.257723000,2.270540000,96.528263000,-3.471737000,0,0,0
2238,local_costmap,252.490000000,252.490000000,252.493000000,0.000000000,100.000000000,100.825247000,2.530005000,103.355252000,3.355252000,0,0,0
2239,local_costmap,252.589000000,252.589000000,252.591000000,0.000000000,100.000000000,98.672276000,2.076670000,100.748946000,0.748946000,0,0,0
2240,local_costmap,252.691000000,252.691000000,252.691000000,0.000000000,100.000000000,104.897743000,1.995312000,106.893055000,6.893055000,0,0,0
2241,local_costmap,252.789000000,252.789000000,252.789000000,0.000000000,100.000000000,99.941762000,2.394766000,102.336528000,2.336528000,0,0,0
2242,local_costmap,252.892000000,252.892000000,252.892000000,0.000000000,100.000000000,95.790855000,2.860057000,98.650912000,-1.349088000,0,0,0
2243,local_costmap,252.989000000,252.989000000,252.989000000,0.000000000,100.000000000,94.482952000,2.221163000,96.704115000,-3.295885000,0,0,0
2244,local_costmap,253.089000000,253.089000000,253.092000000,0.000000000,100.000000000,96.267712000,1.982607000,98.250319000,-1.749681000,0,0,0
2245,local_costmap,253.189000000,253.189000000,253.192000000,0.000000000,100.000000000,100.627915000,2.472814000,103.100729000,3.100729000,0,0,0
2246,local_costmap,253.289000000,253.289000000,253.292000000,0.000000000,100.000000000,95.442131000,2.533657000,97.975788000,-2.024212000,0,0,0
2247,local_costmap,253.392000000,253.392000000,253.394000000,0.000000000,100.000000000,98.740670000,2.204759000,100.945429000,0.945429000,0,0,0
2248,local_costmap,253.489000000,253.489000000,253.489000000,0.000000000,100.000000000,99.866549000,1.894816000,101.761365000,1.761365000,0,0,0
2249,local_costmap,253.589000000,253.589000000,253.589000000,0.000000000,100.000000000,104.424238000,1.931178000,106.355416000,6.355416000,0,0,0
2250,local_costmap,253.689000000,253.689000000,253.694000000,0.000000000,100.000000000,98.451391000,2.558298000,101.009689000,1.009689000,0,0,0
2251,local_costmap,253.789000000,253.789000000,253.792000000,0.000000000,100.000000000,108.340252000,2.241579000,110.581831000,10.581831000,0,0,0
2252,local_costmap,253.890000000,253.890000000,253.894000000,0.000000000,100.000000000,91.647830000,3.259478000,94.907308000,-5.092692000,0,0,0
2253,local_costmap,253.989000000,253.989000000,253.992000000,0.000000000,100.000000000,97.914932000,2.441106000,100.356038000,0.356038000,0,0,0
2254,local_costmap,254.090000000,254.090000000,254.092000000,0.000000000,100.000000000,91.475815000,2.076975000,93.552790000,-6.447210000,0,0,0
2255,local_costmap,254.189000000,254.189000000,254.192000000,0.000000000,100.000000000,104.302837000,2.232176000,106.535013000,6.535013000,0,0,0
2256,local_costmap,254.290000000,254.290000000,254.290000000,0.000000000,100.000000000,94.747954000,2.223407000,96.971361000,-3.028639000,0,0,0
2257,local_costmap,254.389000000,254.389000000,254.389000000,0.000000000,100.000000000,105.081082000,2.245548000,107.326630000,7.326630000,0,0,0
2258,local_costmap,254.490000000,254.490000000,254.490000000,0.000000000,100.000000000,103.287196000,2.027989000,105.315185000,5.315185000,0,0,0
2259,local_costmap,254.589000000,254.589000000,254.592000000,0.000000000,100.000000000,94.712139000,2.538454000,97.250593000,-2.749407000,0,0,0
2260,local_costmap,254.689000000,254.689000000,254.689000000,0.000000000,100.000000000,98.614698000,2.261900000,100.876598000,0.876598000,0,0,0
2261,local_costmap,254.791000000,254.791000000,254.797000000,0.000000000,100.000000000,104.834494000,3.303000000,108.137494000,8.137494000,0,0,0
2262,local_costmap,254.889000000,254.889000000,254.889000000,0.000000000,100.000000000,98.741293000,2.319941000,101.061234000,1.061234000,0,0,0
2263,local_costmap,254.989000000,254.989000000,254.989000000,0.000000000,100.000000000,94.268145000,2.118054000,96.386199000,-3.613801000,0,0,0
2264,local_costmap,255.090000000,255.090000000,255.090000000,0.000000000,100.000000000,100.000132000,2.447608000,102.447740000,2.447740000,0,0,0
2265,local_costmap,255.189000000,255.189000000,255.189000000,0.000000000,100.000000000,91.053514000,2.181112000,93.234626000,-6.765374000,0,0,0
2266,local_costmap,255.289000000,255.289000000,255.289000000,0.000000000,100.000000000,105.236413000,1.974500000,107.210913000,7.210913000,0,0,0
2267,local_costmap,255.390000000,255.390000000,255.390000000,0.000000000,100.000000000,94.346604000,2.126544000,96.473148000,-3.526852000,0,0,0
2268,local_costmap,255.490000000,255.490000000,255.493000000,0.000000000,100.000000000,102.193978000,2.330453000,104.524431000,4.524431000,0,0,0
2269,local_costmap,255.589000000,255.589000000,255.592000000,0.000000000,100.000000000,97.159968000,2.701372000,99.861340000,-0.138660000,0,0,0
2270,local_costmap,255.689000000,255.689000000,255.692000000,0.000000000,100.000000000,98.557930000,2.329383000,100.887313000,0.887313000,0,0,0
2271,local_costmap,255.791000000,255.791000000,255.793000000,0.000000000,100.000000000,99.996104000,2.176882000,102.172986000,2.172986000,0,0,0
2272,local_costmap,255.889000000,255.889000000,255.891000000,0.000000000,100.000000000,88.258084000,2.451726000,90.709810000,-9.290190000,0,0,0
2273,local_costmap,255.989000000,255.989000000,255.991000000,0.000000000,100.000000000,103.284207000,2.068776000,105.352983000,5.352983000,0,0,0
2274,local_costmap,256.090000000,256.090000000,256.092000000,0.000000000,100.000000000,96.047086000,1.986367000,98.033453000,-1.966547000,0,0,0
2275,local_costmap,256.189000000,256.189000000,256.192000000,0.000000000,100.000000000,108.695036000,2.167245000,110.862281000,10.862281000,0,0,0
2276,local_costmap,256.290000000,256.290000000,256.293000000,0.000000000,100.000000000,94.481858000,2.573887000,97.055745000,-2.944255000,0,0,0
2277,local_costmap,256.390000000,256.390000000,256.392000000,0.000000000,100.000000000,93.963033000,2.182249000,96.145282000,-3.854718000,0,0,0
2278,local_costmap,256.491000000,256.491000000,256.491000000,0.000000000,100.000000000,102.600616000,2.614583000,105.215199000,5.215199000,0,0,0
2279,local_costmap,256.589000000,256.589000000,256.591000000,0.000000000,100.000000000,100.491909000,1.945110000,102.437019000,2.437019000,0,0,0
2280,local_costmap,256.689000000,256.689000000,256.691000000,0.000000000,100.000000000,100.288078000,2.259470000,102.547548000,2.547548000,0,0,0
2281,local_costmap,256.789000000,256.789000000,256.792000000,0.000000000,100.000000000,89.244397000,3.581540000,92.825937000,-7.174063000,0,0,0
2282,local_costmap,256.894000000,256.894000000,256.895000000,0.000000000,100.000000000,103.230057000,2.133641000,105.363698000,5.363698000,0,0,0
2283,local_costmap,256.989000000,256.989000000,256.991000000,0.000000000,100.000000000,89.684380000,2.144632000,91.829012000,-8.170988000,0,0,0
2284,local_costmap,257.089000000,257.089000000,257.089000000,0.000000000,100.000000000,102.470453000,2.109758000,104.580211000,4.580211000,0,0,0
2285,local_costmap,257.189000000,257.189000000,257.189000000,0.000000000,100.000000000,95.250155000,1.959199000,97.209354000,-2.790646000,0,0,0
2286,local_costmap,257.289000000,257.289000000,257.289000000,0.000000000,100.000000000,96.824089000,2.235318000,99.059407000,-0.940593000,0,0,0
2287,local_costmap,257.389000000,257.389000000,257.389000000,0.000000000,100.000000000,101.113001000,1.899894000,103.012895000,3.012895000,0,0,0
2288,local_costmap,257.489000000,257.489000000,257.489000000,0.000000000,100.000000000,99.310847000,2.173903000,101.484750000,1.484750000,0,0,0
2289,local_costmap,257.590000000,257.590000000,257.590000000,0.000000000,100.000000000,107.880521000,2.247764000,110.128285000,10.128285000,0,0,0
2290,local_costmap,257.689000000,257.689000000,257.689000000,0.000000000,100.000000000,94.261018000,2.353324000,96.614342000,-3.385658000,0,0,0
2291,local_costmap,257.789000000,257.789000000,257.791000000,0.000000000,100.000000000,100.695449000,2.290194000,102.985643000,2.985643000,0,0,0
2292,local_costmap,257.889000000,257.889000000,257.890000000,0.000000000,100.000000000,93.845511000,1.973303000,95.818814000,-4.181186000,0,0,0
2293,local_costmap,257.989000000,257.989000000,257.989000000,0.000000000,100.000000000,98.154037000,1.960253000,100.114290000,0.114290000,0,0,0
2294,local_costmap,258.089000000,258.089000000,258.089000000,0.000000000,100.000000000,97.848536000,1.954863000,99.803399000,-0.196601000,0,0,0
2295,local_costmap,258.189000000,258.189000000,258.189000000,0.000000000,100.000000000,99.787768000,2.252626000,102.040394000,2.040394000,0,0,0
2296,local_costmap,258.289000000,258.289000000,258.289000000,0.000000000,100.000000000,102.205981000,1.976824000,104.182805000,4.182805000,0,0,0
2297,local_costmap,258.390000000,258.390000000,258.390000000,0.000000000,100.000000000,102.023273000,2.353017000,104.376290000,4.376290000,0,0,0
2298,local_costmap,258.489000000,258.489000000,258.489000000,0.000000000,100.000000000,97.951001000,2.034769000,99.985770000,-0.014230000,0,0,0
2299,local_costmap,258.589000000,258.589000000,258.589000000,0.000000000,100.000000000,98.414380000,1.966688000,100.381068000,0.381068000,0,0,0
2300,local_costmap,258.689000000,258.689000000,258.692000000,0.000000000,100.000000000,112.105203000,2.456424000,114.561627000,14.561627000,0,0,0
2301,local_costmap,258.789000000,258.789000000,258.790000000,0.000000000,100.000000000,87.443991000,2.038050000,89.482041000,-10.517959000,0,0,0
2302,local_costmap,258.889000000,258.889000000,258.889000000,0.000000000,100.000000000,104.485527000,1.973840000,106.459367000,6.459367000,0,0,0
2303,local_costmap,258.989000000,258.989000000,258.989000000,0.000000000,100.000000000,97.794284000,2.257584000,100.051868000,0.051868000,0,0,0
2304,local_costmap,259.089000000,259.089000000,259.091000000,0.000000000,100.000000000,95.296138000,2.223582000,97.519720000,-2.480280000,0,0,0
2305,local_costmap,259.189000000,259.189000000,259.190000000,0.000000000,100.000000000,108.273563000,2.267367000,110.540930000,10.540930000,0,0,0
2306,local_costmap,259.290000000,259.290000000,259.290000000,0.000000000,100.000000000,89.856530000,1.875869000,91.732399000,-8.267601000,0,0,0
2307,local_costmap,259.389000000,259.389000000,259.389000000,0.000000000,100.000000000,98.308965000,1.950609000,100.259574000,0.259574000,0,0,0
2308,local_costmap,259.490000000,259.490000000,259.490000000,0.000000000,100.000000000,102.021690000,1.968942000,103.990632000,3.990632000,0,0,0
2309,local_costmap,259.589000000,259.589000000,259.589000000,0.000000000,100.000000000,94.354346000,2.330352000,96.684698000,-3.315302000,0,0,0
2310,local_costmap,259.689000000,259.689000000,259.689000000,0.000000000,100.000000000,100.001405000,2.110727000,102.112132000,2.112132000,0,0,0
2311,local_costmap,259.794000000,259.794000000,259.794000000,0.000000000,100.000000000,111.349356000,2.493371000,113.842727000,13.842727000,0,0,0
2312,local_costmap,259.890000000,259.890000000,259.890000000,0.000000000,100.000000000,95.860408000,2.147913000,98.008321000,-1.991679000,0,0,0
2313,local_costmap,259.990000000,259.990000000,259.990000000,0.000000000,100.000000000,95.670409000,2.132133000,97.802542000,-2.197458000,0,0,0
2314,local_costmap,260.089000000,260.089000000,260.091000000,0.000000000,100.000000000,100.820977000,1.886102000,102.707079000,2.707079000,0,0,0
2315,local_costmap,260.189000000,260.189000000,260.192000000,0.000000000,100.000000000,104.897046000,2.183505000,107.080551000,7.080551000,0,0,0
2316,local_costmap,260.289000000,260.289000000,260.291000000,0.000000000,100.000000000,91.822976000,2.100634000,93.923610000,-6.076390000,0,0,0
2317,local_costmap,260.390000000,260.390000000,260.392000000,0.000000000,100.000000000,99.741766000,1.946514000,101.688280000,1.688280000,0,0,0
2318,local_costmap,260.489000000,260.489000000,260.492000000,0.000000000,100.000000000,101.281495000,1.905267000,103.186762000,3.186762000,0,0,0
2319,local_costmap,260.589000000,260.589000000,260.591000000,0.000000000,100.000000000,95.110465000,1.873084000,96.983549000,-3.016451000,0,0,0
2320,local_costmap,260.689000000,260.689000000,260.690000000,0.000000000,100.000000000,97.191268000,1.957868000,99.149136000,-0.850864000,0,0,0
2321,local_costmap,260.789000000,260.789000000,260.791000000,0.000000000,100.000000000,98.822055000,1.913672000,100.735727000,0.735727000,0,0,0
2322,local_costmap,260.889000000,260.889000000,260.891000000,0.000000000,100.000000000,97.655963000,2.189335000,99.845298000,-0.154702000,0,0,0
2323,local_costmap,260.989000000,260.989000000,260.991000000,0.000000000,100.000000000,99.149259000,2.114973000,101.264232000,1.264232000,0,0,0
2324,local_costmap,261.089000000,261.089000000,261.091000000,0.000000000,100.000000000,96.193499000,1.990236000,98.183735000,-1.816265000,0,0,0
2325,local_costmap,261.189000000,261.189000000,261.189000000,0.000000000,100.000000000,108.595227000,1.882516000,110.477743000,10.477743000,0,0,0
2326,local_costmap,261.289000000,261.289000000,261.289000000,0.000000000,100.000000000,96.111267000,1.994329000,98.105596000,-1.894404000,0,0,0
2327,local_costmap,261.389000000,261.389000000,261.392000000,0.000000000,100.000000000,102.674226000,2.184382000,104.858608000,4.858608000,0,0,0
2328,local_costmap,261.490000000,261.490000000,261.490000000,0.000000000,100.000000000,95.415602000,2.036322000,97.451924000,-2.548076000,0,0,0
2329,local_costmap,261.589000000,261.589000000,261.590000000,0.000000000,100.000000000,98.412662000,1.910070000,100.322732000,0.322732000,0,0,0
2330,local_costmap,261.689000000,261.689000000,261.689000000,0.000000000,100.000000000,99.620231000,2.211128000,101.831359000,1.831359000,0,0,0
2331,local_costmap,261.789000000,261.789000000,261.789000000,0.000000000,100.000000000,104.057919000,2.397834000,106.455753000,6.455753000,0,0,0
2332,local_costmap,261.889000000,261.889000000,261.889000000,0.000000000,100.000000000,100.133998000,1.880292000,102.014290000,2.014290000,0,0,0
2333,local_costmap,261.989000000,261.989000000,261.989000000,0.000000000,100.000000000,98.209647000,1.900145000,100.109792000,0.109792000,0,0,0
2334,local_costmap,262.089000000,262.089000000,262.089000000,0.000000000,100.000000000,101.446465000,1.935464000,103.381929000,3.381929000,0,0,0
2335,local_costmap,262.189000000,262.189000000,262.189000000,0.000000000,100.000000000,94.079650000,2.199173000,96.278823000,-3.721177000,0,0,0
2336,local_costmap,262.294000000,262.294000000,262.294000000,0.000000000,100.000000000,107.159933000,2.151511000,109.311444000,9.311444000,0,0,0
2337,local_costmap,262.392000000,262.392000000,262.392000000,0.000000000,100.000000000,98.255012000,1.944797000,100.199809000,0.199809000,0,0,0
2338,local_costmap,262.490000000,262.490000000,262.490000000,0.000000000,100.000000000,102.310776000,2.109492000,104.420268000,4.420268000,0,0,0
2339,local_costmap,262.589000000,262.589000000,262.589000000,0.000000000,100.000000000,99.059861000,2.241246000,101.301107000,1.301107000,0,0,0
2340,local_costmap,262.689000000,262.689000000,262.689000000,0.000000000,100.000000000,102.372431000,2.182195000,104.554626000,4.554626000,0,0,0
2341,local_costmap,262.790000000,262.790000000,262.790000000,0.000000000,100.000000000,101.768599000,1.932241000,103.700840000,3.700840000,0,0,0
2342,local_costmap,262.889000000,262.889000000,262.889000000,0.000000000,100.000000000,103.007060000,2.059897000,105.066957000,5.066957000,0,0,0
2343,local_costmap,262.990000000,262.990000000,262.990000000,0.000000000,100.000000000,95.839692000,1.920630000,97.760322000,-2.239678000,0,0,0
2344,local_costmap,263.089000000,263.089000000,263.089000000,0.000000000,100.000000000,95.566265000,1.899974000,97.466239000,-2.533761000,0,0,0
2345,local_costmap,263.190000000,263.190000000,263.192000000,0.000000000,100.000000000,99.416253000,2.065990000,101.482243000,1.482243000,0,0,0
2346,local_costmap,263.290000000,263.290000000,263.290000000,0.000000000,100.000000000,92.964867000,2.182155000,95.147022000,-4.852978000,0,0,0
2347,local_costmap,263.390000000,263.390000000,263.392000000,0.000000000,100.000000000,98.053571000,2.237969000,100.291540000,0.291540000,0,0,0
2348,local_costmap,263.489000000,263.489000000,263.492000000,0.000000000,100.000000000,97.984812000,2.246859000,100.231671000,0.231671000,0,0,0
2349,local_costmap,263.591000000,263.591000000,263.591000000,0.000000000,100.000000000,103.317431000,2.383393000,105.700824000,5.700824000,0,0,0
2350,local_costmap,263.689000000,263.689000000,263.689000000,0.000000000,100.000000000,97.437201000,2.196631000,99.633832000,-0.366168000,0,0,0
2351,local_costmap,263.794000000,263.794000000,263.794000000,0.000000000,100.000000000,102.125733000,2.147866000,104.273599000,4.273599000,0,0,0
2352,local_costmap,263.889000000,263.889000000,263.889000000,0.000000000,100.000000000,98.658470000,2.638977000,101.297447000,1.297447000,0,0,0
2353,local_costmap,263.989000000,263.989000000,263.989000000,0.000000000,100.000000000,91.822381000,2.184028000,94.006409000,-5.993591000,0,0,0
2354,local_costmap,264.089000000,264.089000000,264.091000000,0.000000000,100.000000000,101.251458000,2.089120000,103.340578000,3.340578000,0,0,0
2355,local_costmap,264.191000000,264.191000000,264.193000000,0.000000000,100.000000000,97.055748000,2.117931000,99.173679000,-0.826321000,0,0,0
2356,local_costmap,264.290000000,264.290000000,264.290000000,0.000000000,100.000000000,105.217442000,1.991763000,107.209205000,7.209205000,0,0,0
2357,local_costmap,264.389000000,264.389000000,264.389000000,0.000000000,100.000000000,95.690294000,1.873910000,97.564204000,-2.435796000,0,0,0
2358,local_costmap,264.489000000,264.489000000,264.492000000,0.000000000,100.000000000,102.761131000,1.924034000,104.685165000,4.685165000,0,0,0
2359,local_costmap,264.589000000,264.589000000,264.591000000,0.000000000,100.000000000,94.731531000,2.030252000,96.761783000,-3.238217000,0,0,0
2360,local_costmap,264.690000000,264.690000000,264.690000000,0.000000000,100.000000000,100.896526000,2.231847000,103.128373000,3.128373000,0,0,0
2361,local_costmap,264.789000000,264.789000000,264.791000000,0.000000000,100.000000000,94.003626000,2.042917000,96.046543000,-3.953457000,0,0,0
2362,local_costmap,264.890000000,264.890000000,264.892000000,0.000000000,100.000000000,107.128628000,1.914530000,109.043158000,9.043158000,0,0,0
2363,local_costmap,264.989000000,264.989000000,264.991000000,0.000000000,100.000000000,89.529372000,1.882938000,91.412310000,-8.587690000,0,0,0
2364,local_costmap,265.089000000,265.089000000,265.091000000,0.000000000,100.000000000,100.350410000,1.982802000,102.333212000,2.333212000,0,0,0
2365,local_costmap,265.189000000,265.189000000,265.191000000,0.000000000,100.000000000,96.882179000,1.936286000,98.818465000,-1.181535000,0,0,0
2366,local_costmap,265.289000000,265.289000000,265.289000000,0.000000000,100.000000000,96.871972000,2.078965000,98.950937000,-1.049063000,0,0,0
2367,local_costmap,265.389000000,265.389000000,265.389000000,0.000000000,100.000000000,109.887270000,2.253107000,112.140377000,12.140377000,0,0,0
2368,local_costmap,265.489000000,265.489000000,265.489000000,0.000000000,100.000000000,93.960342000,2.391162000,96.351504000,-3.648496000,0,0,0
2369,local_costmap,265.589000000,265.589000000,265.589000000,0.000000000,100.000000000,106.908369000,2.281303000,109.189672000,9.189672000,0,0,0
2370,local_costmap,265.690000000,265.690000000,265.690000000,0.000000000,100.000000000,95.517915000,1.936114000,97.454029000,-2.545971000,0,0,0
2371,local_costmap,265.789000000,265.789000000,265.789000000,0.000000000,100.000000000,107.717457000,1.928187000,109.645644000,9.645644000,0,0,0
2372,local_costmap,265.890000000,265.890000000,265.890000000,0.000000000,100.000000000,88.070152000,1.958285000,90.028437000,-9.971563000,0,0,0
2373,local_costmap,265.990000000,265.990000000,265.990000000,0.000000000,100.000000000,107.366488000,2.244402000,109.610890000,9.610890000,0,0,0
2374,local_costmap,266.090000000,266.090000000,266.092000000,0.000000000,100.000000000,103.044070000,2.180616000,105.224686000,5.224686000,0,0,0
2375,local_costmap,266.189000000,266.189000000,266.192000000,0.000000000,100.000000000,102.898765000,2.188480000,105.087245000,5.087245000,0,0,0
2376,local_costmap,266.289000000,266.289000000,266.291000000,0.000000000,100.000000000,97.663011000,1.936505000,99.599516000,-0.400484000,0,0,0
2377,local_costmap,266.389000000,266.389000000,266.391000000,0.000000000,100.000000000,99.245548000,2.177417000,101.422965000,1.422965000,0,0,0
2378,local_costmap,266.490000000,266.490000000,266.492000000,0.000000000,100.000000000,107.941889000,2.354969000,110.296858000,10.296858000,0,0,0
2379,local_costmap,266.591000000,266.591000000,266.591000000,0.000000000,100.000000000,106.563040000,2.213889000,108.776929000,8.776929000,0,0,0
2380,local_costmap,266.690000000,266.690000000,266.692000000,0.000000000,100.000000000,94.315003000,2.008598000,96.323601000,-3.676399000,0,0,0
2381,local_costmap,266.789000000,266.789000000,266.791000000,0.000000000,100.000000000,89.914013000,1.906134000,91.820147000,-8.179853000,0,0,0
2382,local_costmap,266.889000000,266.889000000,266.891000000,0.000000000,100.000000000,103.036274000,1.959874000,104.996148000,4.996148000,0,0,0
2383,local_costmap,266.991000000,266.991000000,266.994000000,0.000000000,100.000000000,97.628806000,2.261688000,99.890494000,-0.109506000,0,0,0
2384,local_costmap,267.089000000,267.089000000,267.092000000,0.000000000,100.000000000,104.195700000,1.920878000,106.116578000,6.116578000,0,0,0
2385,local_costmap,267.189000000,267.189000000,267.191000000,0.000000000,100.000000000,95.931391000,1.907881000,97.839272000,-2.160728000,0,0,0
2386,local_costmap,267.289000000,267.289000000,267.292000000,0.000000000,100.000000000,95.846848000,1.928890000,97.775738000,-2.224262000,0,0,0
2387,local_costmap,267.390000000,267.390000000,267.392000000,0.000000000,100.000000000,103.311988000,2.180487000,105.492475000,5.492475000,0,0,0
2388,local_costmap,267.490000000,267.490000000,267.493000000,0.000000000,100.000000000,97.437459000,2.293514000,99.730973000,-0.269027000,0,0,0
2389,local_costmap,267.589000000,267.589000000,267.589000000,0.000000000,100.000000000,95.625785000,1.986566000,97.612351000,-2.387649000,0,0,0
2390,local_costmap,267.689000000,267.689000000,267.692000000,0.000000000,100.000000000,105.594772000,1.975649000,107.570421000,7.570421000,0,0,0
2391,local_costmap,267.789000000,267.789000000,267.791000000,0.000000000,100.000000000,98.563487000,1.925440000,100.488927000,0.488927000,0,0,0
2392,local_costmap,267.889000000,267.889000000,267.889000000,0.000000000,100.000000000,96.510014000,2.272174000,98.782188000,-1.217812000,0,0,0
2393,local_costmap,267.989000000,267.989000000,267.991000000,0.000000000,100.000000000,100.528167000,1.941277000,102.469444000,2.469444000,0,0,0
2394,local_costmap,268.089000000,268.089000000,268.091000000,0.000000000,100.000000000,98.307291000,2.104827000,100.412118000,0.412118000,0,0,0
2395,local_costmap,268.189000000,268.189000000,268.191000000,0.000000000,100.000000000,94.262934000,2.242021000,96.504955000,-3.495045000,0,0,0
2396,local_costmap,268.289000000,268.289000000,268.291000000,0.000000000,100.000000000,102.669380000,2.075296000,104.744676000,4.744676000,0,0,0
2397,local_costmap,268.390000000,268.390000000,268.392000000,0.000000000,100.000000000,103.954516000,1.939107000,105.893623000,5.893623000,0,0,0
2398,local_costmap,268.490000000,268.490000000,268.491000000,0.000000000,100.000000000,93.565052000,2.228110000,95.793162000,-4.206838000,0,0,0
2399,local_costmap,268.589000000,268.589000000,268.592000000,0.000000000,100.000000000,99.565890000,2.185564000,101.751454000,1.751454000,0,0,0
2400,local_costmap,268.690000000,268.690000000,268.693000000,0.000000000,100.000000000,99.515099000,2.193997000,101.709096000,1.709096000,0,0,0
2401,local_costmap,268.789000000,268.789000000,268.792000000,0.000000000,100.000000000,106.405156000,2.095345000,108.500501000,8.500501000,0,0,0
2402,local_costmap,268.890000000,268.890000000,268.892000000,0.000000000,100.000000000,95.039426000,1.931063000,96.970489000,-3.029511000,0,0,0
2403,local_costmap,268.989000000,268.989000000,268.992000000,0.000000000,100.000000000,94.892636000,1.927866000,96.820502000,-3.179498000,0,0,0
2404,local_costmap,269.092000000,269.092000000,269.094000000,0.000000000,100.000000000,100.308339000,1.926513000,102.234852000,2.234852000,0,0,0
2405,local_costmap,269.189000000,269.189000000,269.191000000,0.000000000,100.000000000,98.823378000,2.070585000,100.893963000,0.893963000,0,0,0
2406,local_costmap,269.290000000,269.290000000,269.292000000,0.000000000,100.000000000,95.181169000,2.145081000,97.326250000,-2.673750000,0,0,0
2407,local_costmap,269.390000000,269.390000000,269.392000000,0.000000000,100.000000000,101.144133000,2.244623000,103.388756000,3.388756000,0,0,0
2408,local_costmap,269.491000000,269.491000000,269.493000000,0.000000000,100.000000000,94.999466000,2.315073000,97.314539000,-2.685461000,0,0,0
2409,local_costmap,269.590000000,269.590000000,269.592000000,0.000000000,100.000000000,93.635015000,2.379679000,96.014694000,-3.985306000,0,0,0
2410,local_costmap,269.689000000,269.689000000,269.689000000,0.000000000,100.000000000,94.875305000,1.879648000,96.754953000,-3.245047000,0,0,0
2411,local_costmap,269.789000000,269.789000000,269.790000000,0.000000000,100.000000000,96.761320000,1.891517000,98.652837000,-1.347163000,0,0,0
2412,local_costmap,269.889000000,269.889000000,269.889000000,0.000000000,100.000000000,112.405229000,1.958368000,114.363597000,14.363597000,0,0,0
2413,local_costmap,269.989000000,269.989000000,269.989000000,0.000000000,100.000000000,92.120481000,2.179517000,94.299998000,-5.700002000,0,0,0
2414,local_costmap,270.089000000,270.089000000,270.089000000,0.000000000,100.000000000,101.568182000,2.121600000,103.689782000,3.689782000,0,0,0
2415,local_costmap,270.191000000,270.191000000,270.191000000,0.000000000,100.000000000,100.524953000,1.923244000,102.448197000,2.448197000,0,0,0
2416,local_costmap,270.291000000,270.291000000,270.291000000,0.000000000,100.000000000,99.699970000,2.056100000,101.756070000,1.756070000,0,0,0
2417,local_costmap,270.389000000,270.389000000,270.389000000,0.000000000,100.000000000,95.581835000,2.199676000,97.781511000,-2.218489000,0,0,0
2418,local_costmap,270.492000000,270.492000000,270.492000000,0.000000000,100.000000000,99.382339000,2.226387000,101.608726000,1.608726000,0,0,0
2419,local_costmap,270.589000000,270.589000000,270.590000000,0.000000000,100.000000000,103.337291000,4.079608000,107.416899000,7.416899000,0,0,0
2420,local_costmap,270.690000000,270.690000000,270.690000000,0.000000000,100.000000000,97.771026000,1.962002000,99.733028000,-0.266972000,0,0,0
2421,local_costmap,270.789000000,270.789000000,270.789000000,0.000000000,100.000000000,97.568576000,2.104730000,99.673306000,-0.326694000,0,0,0
0,local_costmap,3.764000000,3.764000000,3.764000000,0.000000000,100.000000000,-1.000000000,0.152156000,-1.000000000,-1.000000000,0,0,0
1,local_costmap,3.864000000,3.864000000,3.864000000,0.000000000,100.000000000,108.991033000,0.147139000,109.138172000,9.138172000,0,0,0
2,local_costmap,3.965000000,3.965000000,3.965000000,0.000000000,100.000000000,100.080161000,0.225481000,100.305642000,0.305642000,0,0,0
3,local_costmap,4.065000000,4.065000000,4.065000000,0.000000000,100.000000000,98.265242000,2.728441000,100.993683000,0.993683000,0,0,0
4,local_costmap,4.164000000,4.164000000,4.166000000,0.000000000,100.000000000,99.357577000,1.629868000,100.987445000,0.987445000,0,0,0
5,local_costmap,4.264000000,4.264000000,4.265000000,0.000000000,100.000000000,94.475827000,1.563703000,96.039530000,-3.960470000,0,0,0
6,local_costmap,4.364000000,4.364000000,4.364000000,0.000000000,100.000000000,98.212667000,1.662070000,99.874737000,-0.125263000,0,0,0
7,local_costmap,4.464000000,4.464000000,4.464000000,0.000000000,100.000000000,105.502540000,1.618312000,107.120852000,7.120852000,0,0,0
8,local_costmap,4.564000000,4.564000000,4.565000000,0.000000000,100.000000000,97.120296000,1.535604000,98.655900000,-1.344100000,0,0,0
9,local_costmap,4.664000000,4.664000000,4.667000000,0.000000000,100.000000000,108.700257000,1.638647000,110.338904000,10.338904000,0,0,0
10,local_costmap,4.766000000,4.766000000,4.768000000,0.000000000,100.000000000,100.515270000,1.769567000,102.284837000,2.284837000,0,0,0
11,local_costmap,4.865000000,4.865000000,4.865000000,0.000000000,100.000000000,93.854404000,1.565896000,95.420300000,-4.579700000,0,0,0
12,local_costmap,4.964000000,4.964000000,4.966000000,0.000000000,100.000000000,100.752422000,1.620439000,102.372861000,2.372861000,0,0,0
13,local_costmap,5.064000000,5.064000000,5.066000000,0.000000000,100.000000000,102.228192000,1.654904000,103.883096000,3.883096000,0,0,0
14,local_costmap,5.165000000,5.165000000,5.167000000,0.000000000,100.000000000,102.537692000,2.067273000,104.604965000,4.604965000,0,0,0
15,local_costmap,5.264000000,5.264000000,5.267000000,0.000000000,100.000000000,93.387788000,1.950109000,95.337897000,-4.662103000,0,0,0
16,local_costmap,5.364000000,5.364000000,5.366000000,0.000000000,100.000000000,105.115198000,1.613595000,106.728793000,6.728793000,0,0,0
17,local_costmap,5.464000000,5.464000000,5.466000000,0.000000000,100.000000000,93.450000000,1.970186000,95.420186000,-4.579814000,0,0,0
18,local_costmap,5.564000000,5.564000000,5.565000000,0.000000000,100.000000000,98.278631000,1.694305000,99.972936000,-0.027064000,0,0,0
19,local_costmap,5.664000000,5.664000000,5.665000000,0.000000000,100.000000000,101.306672000,2.183034000,103.489706000,3.489706000,0,0,0
20,local_costmap,5.764000000,5.764000000,5.766000000,0.000000000,100.000000000,110.392207000,1.579813000,111.972020000,11.972020000,0,0,0
21,local_costmap,5.864000000,5.864000000,5.864000000,0.000000000,100.000000000,93.236805000,1.588873000,94.825678000,-5.174322000,0,0,0
22,local_costmap,5.964000000,5.964000000,5.964000000,0.000000000,100.000000000,89.149469000,1.619103000,90.768572000,-9.231428000,0,0,0
23,local_costmap,6.065000000,6.065000000,6.066000000,0.000000000,100.000000000,96.023663000,1.647792000,97.671455000,-2.328545000,0,0,0
24,local_costmap,6.164000000,6.164000000,6.165000000,0.000000000,100.000000000,100.409409000,1.597819000,102.007228000,2.007228000,0,0,0
25,local_costmap,6.265000000,6.265000000,6.265000000,0.000000000,100.000000000,105.841958000,1.607677000,107.449635000,7.449635000,0,0,0
26,local_costmap,6.364000000,6.364000000,6.364000000,0.000000000,100.000000000,97.579896000,1.592800000,99.172696000,-0.827304000,0,0,0
27,local_costmap,6.464000000,6.464000000,6.464000000,0.000000000,100.000000000,94.197117000,1.615582000,95.812699000,-4.187301000,0,0,0
28,local_costmap,6.565000000,6.565000000,6.565000000,0.000000000,100.000000000,94.155196000,1.619409000,95.774605000,-4.225395000,0,0,0
29,local_costmap,6.664000000,6.664000000,6.665000000,0.000000000,100.000000000,101.639288000,3.127951000,104.767239000,4.767239000,0,0,0
30,local_costmap,6.764000000,6.764000000,6.764000000,0.000000000,100.000000000,96.248987000,1.790360000,98.039347000,-1.960653000,0,0,0
31,local_costmap,6.864000000,6.864000000,6.864000000,0.000000000,100.000000000,103.288206000,1.550842000,104.839048000,4.839048000,0,0,0
32,local_costmap,6.964000000,6.964000000,6.964000000,0.000000000,100.000000000,93.600697000,1.591516000,95.192213000,-4.807787000,0,0,0
33,local_costmap,7.064000000,7.064000000,7.064000000,0.000000000,100.000000000,100.921600000,1.655965000,102.577565000,2.577565000,0,0,0
34,local_costmap,7.164000000,7.164000000,7.164000000,0.000000000,100.000000000,97.297846000,1.647950000,98.945796000,-1.054204000,0,0,0
35,local_costmap,7.264000000,7.264000000,7.264000000,0.000000000,100.000000000,105.575685000,2.042797000,107.618482000,7.618482000,0,0,0
36,local_costmap,7.364000000,7.364000000,7.364000000,0.000000000,100.000000000,99.655211000,2.541899000,102.197110000,2.197110000,0,0,0
37,local_costmap,7.464000000,7.464000000,7.464000000,0.000000000,100.000000000,90.285141000,2.061090000,92.346231000,-7.653769000,0,0,0
38,local_costmap,7.565000000,7.565000000,7.565000000,0.000000000,100.000000000,95.671242000,1.902794000,97.574036000,-2.425964000,0,0,0
39,local_costmap,7.664000000,7.664000000,7.664000000,0.000000000,100.000000000,103.036237000,1.617435000,104.653672000,4.653672000,0,0,0
40,local_costmap,7.764000000,7.764000000,7.767000000,0.000000000,100.000000000,98.213046000,1.766713000,99.979759000,-0.020241000,0,0,0
41,local_costmap,7.864000000,7.864000000,7.864000000,0.000000000,100.000000000,105.516936000,1.583681000,107.100617000,7.100617000,0,0,0
42,local_costmap,7.965000000,7.965000000,7.965000000,0.000000000,100.000000000,94.585251000,2.037458000,96.622709000,-3.377291000,0,0,0
43,local_costmap,8.065000000,8.065000000,8.067000000,0.000000000,100.000000000,103.207029000,2.062263000,105.269292000,5.269292000,0,0,0
44,local_costmap,8.165000000,8.165000000,8.168000000,0.000000000,100.000000000,93.101531000,2.771677000,95.873208000,-4.126792000,0,0,0
45,local_costmap,8.264000000,8.264000000,8.266000000,0.000000000,100.000000000,96.359811000,2.034801000,98.394612000,-1.605388000,0,0,0
46,local_costmap,8.364000000,8.364000000,8.365000000,0.000000000,100.000000000,94.991813000,1.586268000,96.578081000,-3.421919000,0,0,0
47,local_costmap,8.465000000,8.465000000,8.465000000,0.000000000,100.000000000,101.094747000,3.039624000,104.134371000,4.134371000,0,0,0
48,local_costmap,8.565000000,8.565000000,8.565000000,0.000000000,100.000000000,97.191518000,1.547726000,98.739244000,-1.260756000,0,0,0
49,local_costmap,8.666000000,8.666000000,8.666000000,0.000000000,100.000000000,103.109559000,1.618875000,104.728434000,4.728434000,0,0,0
50,local_costmap,8.766000000,8.766000000,8.766000000,0.000000000,100.000000000,104.409073000,1.847756000,106.256829000,6.256829000,0,0,0
51,local_costmap,8.864000000,8.864000000,8.867000000,0.000000000,100.000000000,110.049466000,2.250730000,112.300196000,12.300196000,0,0,0
52,local_costmap,8.964000000,8.964000000,8.964000000,0.000000000,100.000000000,90.680853000,1.723548000,92.404401000,-7.595599000,0,0,0
53,local_costmap,9.064000000,9.064000000,9.064000000,0.000000000,100.000000000,97.216548000,1.665635000,98.882183000,-1.117817000,0,0,0
54,local_costmap,9.164000000,9.164000000,9.164000000,0.000000000,100.000000000,98.655845000,1.569551000,100.225396000,0.225396000,0,0,0
55,local_costmap,9.265000000,9.265000000,9.265000000,0.000000000,100.000000000,96.559826000,1.543864000,98.103690000,-1.896310000,0,0,0
56,local_costmap,9.364000000,9.364000000,9.364000000,0.000000000,100.000000000,102.265675000,2.055417000,104.321092000,4.321092000,0,0,0
57,local_costmap,9.464000000,9.464000000,9.464000000,0.000000000,100.000000000,96.093515000,2.194254000,98.287769000,-1.712231000,0,0,0
58,local_costmap,9.564000000,9.564000000,9.564000000,0.000000000,100.000000000,97.478135000,1.599618000,99.077753000,-0.922247000,0,0,0
59,local_costmap,9.665000000,9.665000000,9.667000000,0.000000000,100.000000000,101.939782000,1.567589000,103.507371000,3.507371000,0,0,0
60,local_costmap,9.764000000,9.764000000,9.766000000,0.000000000,100.000000000,96.085054000,1.808320000,97.893374000,-2.106626000,0,0,0
61,local_costmap,9.864000000,9.864000000,9.864000000,0.000000000,100.000000000,99.026688000,1.772974000,100.799662000,0.799662000,0,0,0
62,local_costmap,9.966000000,9.966000000,9.966000000,0.000000000,100.000000000,102.279812000,1.800696000,104.080508000,4.080508000,0,0,0
63,local_costmap,10.064000000,10.064000000,10.066000000,0.000000000,100.000000000,110.704199000,2.161345000,112.865544000,12.865544000,0,0,0
64,local_costmap,10.164000000,10.164000000,10.164000000,0.000000000,100.000000000,100.600218000,1.919363000,102.519581000,2.519581000,0,0,0
65,local_costmap,10.265000000,10.265000000,10.265000000,0.000000000,100.000000000,100.315889000,1.975409000,102.291298000,2.291298000,0,0,0
66,local_costmap,10.364000000,10.364000000,10.364000000,0.000000000,100.000000000,88.719220000,2.044929000,90.764149000,-9.235851000,0,0,0
67,local_costmap,10.464000000,10.464000000,10.468000000,0.000000000,100.000000000,105.216852000,3.156650000,108.373502000,8.373502000,0,0,0
68,local_costmap,10.565000000,10.565000000,10.567000000,0.000000000,100.000000000,92.442497000,4.014969000,96.457466000,-3.542534000,0,0,0
69,local_costmap,10.664000000,10.664000000,10.665000000,0.000000000,100.000000000,95.388828000,2.743933000,98.132761000,-1.867239000,0,0,0
70,local_costmap,10.764000000,10.764000000,10.764000000,0.000000000,100.000000000,103.607192000,2.363453000,105.970645000,5.970645000,0,0,0
71,local_costmap,10.864000000,10.864000000,10.864000000,0.000000000,100.000000000,102.064400000,2.428353000,104.492753000,4.492753000,0,0,0
72,local_costmap,10.965000000,10.965000000,10.965000000,0.000000000,100.000000000,99.078190000,2.242802000,101.320992000,1.320992000,0,0,0
73,local_costmap,11.064000000,11.064000000,11.064000000,0.000000000,100.000000000,90.884739000,2.153559000,93.038298000,-6.961702000,0,0,0
74,local_costmap,11.164000000,11.164000000,11.164000000,0.000000000,100.000000000,94.673601000,2.165398000,96.838999000,-3.161001000,0,0,0
75,local_costmap,11.264000000,11.265000000,11.265000000,1.000000000,100.000000000,109.259731000,2.453027000,111.712758000,11.712758000,0,0,0
76,local_costmap,11.364000000,11.364000000,11.366000000,0.000000000,100.000000000,96.259161000,2.140422000,98.399583000,-1.600417000,0,0,0
77,local_costmap,11.464000000,11.464000000,11.464000000,0.000000000,100.000000000,97.437191000,2.136359000,99.573550000,-0.426450000,0,0,0
78,local_costmap,11.565000000,11.565000000,11.568000000,0.000000000,100.000000000,106.688240000,2.903635000,109.591875000,9.591875000,0,0,0
79,local_costmap,11.665000000,11.665000000,11.665000000,0.000000000,100.000000000,94.910000000,2.635682000,97.545682000,-2.454318000,0,0,0
80,local_costmap,11.764000000,11.764000000,11.764000000,0.000000000,100.000000000,92.533495000,2.582710000,95.116205000,-4.883795000,0,0,0
81,local_costmap,11.864000000,11.864000000,11.864000000,0.000000000,100.000000000,98.102011000,2.177220000,100.279231000,0.279231000,0,0,0
82,local_costmap,11.964000000,11.964000000,11.964000000,0.000000000,100.000000000,100.414648000,2.229011000,102.643659000,2.643659000,0,0,0
83,local_costmap,12.064000000,12.064000000,12.064000000,0.000000000,100.000000000,94.493481000,2.494977000,96.988458000,-3.011542000,0,0,0
84,local_costmap,12.164000000,12.164000000,12.164000000,0.000000000,100.000000000,99.557787000,2.273893000,101.831680000,1.831680000,0,0,0
85,local_costmap,12.264000000,12.264000000,12.264000000,0.000000000,100.000000000,98.924354000,2.252658000,101.177012000,1.177012000,0,0,0
86,local_costmap,12.364000000,12.364000000,12.364000000,0.000000000,100.000000000,96.851896000,2.839502000,99.691398000,-0.308602000,0,0,0
87,local_costmap,12.464000000,12.464000000,12.464000000,0.000000000,100.000000000,104.256881000,2.768028000,107.024909000,7.024909000,0,0,0
88,local_costmap,12.564000000,12.564000000,12.568000000,0.000000000,100.000000000,102.412529000,3.205528000,105.618057000,5.618057000,0,0,0
89,local_costmap,12.664000000,12.664000000,12.664000000,0.000000000,100.000000000,101.985566000,2.664471000,104.650037000,4.650037000,0,0,0
90,local_costmap,12.765000000,12.765000000,12.765000000,0.000000000,100.000000000,108.156899000,2.238640000,110.395539000,10.395539000,0,0,0
91,local_costmap,12.864000000,12.864000000,12.867000000,0.000000000,100.000000000,97.893362000,2.147950000,100.041312000,0.041312000,0,0,0
92,local_costmap,12.965000000,12.965000000,12.967000000,0.000000000,100.000000000,98.691090000,2.161886000,100.852976000,0.852976000,0,0,0
93,local_costmap,13.064000000,13.064000000,13.067000000,0.000000000,100.000000000,110.570934000,2.064395000,112.635329000,12.635329000,0,0,0
94,local_costmap,13.164000000,13.164000000,13.166000000,0.000000000,100.000000000,105.878560000,2.174083000,108.052643000,8.052643000,0,0,0
95,local_costmap,13.264000000,13.264000000,13.267000000,0.000000000,100.000000000,95.772480000,2.138682000,97.911162000,-2.088838000,0,0,0
96,local_costmap,13.364000000,13.364000000,13.366000000,0.000000000,100.000000000,92.665248000,2.301456000,94.966704000,-5.033296000,0,0,0
97,local_costmap,13.464000000,13.464000000,13.466000000,0.000000000,100.000000000,103.065258000,2.209395000,105.274653000,5.274653000,0,0,0
98,local_costmap,13.564000000,13.564000000,13.568000000,0.000000000,100.000000000,97.501913000,6.320788000,103.822701000,3.822701000,0,0,0
99,local_costmap,13.664000000,13.664000000,13.667000000,0.000000000,100.000000000,95.582830000,2.716147000,98.298977000,-1.701023000,0,0,0
100,local_costmap,13.764000000,13.764000000,13.766000000,0.000000000,100.000000000,99.386882000,2.130018000,101.516900000,1.516900000,0,0,0
101,local_costmap,13.864000000,13.864000000,13.867000000,0.000000000,100.000000000,97.257722000,2.159272000,99.416994000,-0.583006000,0,0,0
102,local_costmap,13.964000000,13.964000000,13.967000000,0.000000000,100.000000000,102.268887000,2.814367000,105.083254000,5.083254000,0,0,0
103,local_costmap,14.064000000,14.064000000,14.067000000,0.000000000,100.000000000,98.405773000,2.273934000,100.679707000,0.679707000,0,0,0
104,local_costmap,14.164000000,14.164000000,14.166000000,0.000000000,100.000000000,93.597555000,2.281313000,95.878868000,-4.121132000,0,0,0
105,local_costmap,14.265000000,14.265000000,14.265000000,0.000000000,100.000000000,97.874727000,3.586845000,101.461572000,1.461572000,0,0,0
106,local_costmap,14.364000000,14.364000000,14.366000000,0.000000000,100.000000000,94.205047000,2.511954000,96.717001000,-3.282999000,0,0,0
107,local_costmap,14.464000000,14.464000000,14.466000000,0.000000000,100.000000000,96.556818000,2.549789000,99.106607000,-0.893393000,0,0,0
108,local_costmap,14.568000000,14.568000000,14.570000000,0.000000000,100.000000000,99.959239000,2.517213000,102.476452000,2.476452000,0,0,0
109,local_costmap,14.664000000,14.664000000,14.667000000,0.000000000,100.000000000,100.673842000,2.547885000,103.221727000,3.221727000,0,0,0
110,local_costmap,14.765000000,14.765000000,14.768000000,0.000000000,100.000000000,114.401434000,2.403223000,116.804657000,16.804657000,0,0,0
111,local_costmap,14.865000000,14.865000000,14.868000000,0.000000000,100.000000000,99.140176000,2.127616000,101.267792000,1.267792000,0,0,0
112,local_costmap,14.965000000,14.965000000,14.968000000,0.000000000,100.000000000,94.047756000,2.434640000,96.482396000,-3.517604000,0,0,0
113,local_costmap,15.067000000,15.067000000,15.069000000,0.000000000,100.000000000,106.959445000,2.568993000,109.528438000,9.528438000,0,0,0
114,local_costmap,15.166000000,15.166000000,15.169000000,0.000000000,100.000000000,89.001368000,2.586197000,91.587565000,-8.412435000,0,0,0
115,local_costmap,15.264000000,15.264000000,15.267000000,0.000000000,100.000000000,93.533962000,2.708774000,96.242736000,-3.757264000,0,0,0
116,local_costmap,15.364000000,15.364000000,15.364000000,0.000000000,100.000000000,106.206351000,2.591954000,108.798305000,8.798305000,0,0,0
117,local_costmap,15.464000000,15.464000000,15.464000000,0.000000000,100.000000000,100.441534000,2.190812000,102.632346000,2.632346000,0,0,0
118,local_costmap,15.565000000,15.565000000,15.565000000,0.000000000,100.000000000,96.232959000,2.568611000,98.801570000,-1.198430000,0,0,0
119,local_costmap,15.664000000,15.664000000,15.666000000,0.000000000,100.000000000,110.111230000,2.748356000,112.859586000,12.859586000,0,0,0
120,local_costmap,15.767000000,15.767000000,15.767000000,0.000000000,100.000000000,112.692584000,2.676202000,115.368786000,15.368786000,0,0,0
121,local_costmap,15.864000000,15.864000000,15.864000000,0.000000000,100.000000000,87.218284000,2.522778000,89.741062000,-10.258938000,0,0,0
122,local_costmap,15.964000000,15.964000000,15.964000000,0.000000000,100.000000000,99.360877000,2.898285000,102.259162000,2.259162000,0,0,0
123,local_costmap,16.064000000,16.064000000,16.067000000,0.000000000,100.000000000,99.333690000,2.262053000,101.595743000,1.595743000,0,0,0
124,local_costmap,16.164000000,16.164000000,16.167000000,0.000000000,100.000000000,94.184278000,2.857169000,97.041447000,-2.958553000,0,0,0
125,local_costmap,16.265000000,16.265000000,16.267000000,0.000000000,100.000000000,96.628517000,2.198467000,98.826984000,-1.173016000,0,0,0
126,local_costmap,16.364000000,16.364000000,16.373000000,0.000000000,100.000000000,93.976735000,7.749189000,101.725924000,1.725924000,0,0,0
127,local_costmap,16.465000000,16.465000000,16.468000000,0.000000000,100.000000000,99.749212000,2.626729000,102.375941000,2.375941000,0,0,0
128,local_costmap,16.565000000,16.565000000,16.567000000,0.000000000,100.000000000,96.050022000,2.609962000,98.659984000,-1.340016000,0,0,0
129,local_costmap,16.665000000,16.665000000,16.667000000,0.000000000,100.000000000,105.214467000,2.673429000,107.887896000,7.887896000,0,0,0
130,local_costmap,16.764000000,16.764000000,16.765000000,0.000000000,100.000000000,96.210563000,2.228801000,98.439364000,-1.560636000,0,0,0
131,local_costmap,16.864000000,16.864000000,16.866000000,0.000000000,100.000000000,125.320598000,2.150580000,127.471178000,27.471178000,0,0,0
132,local_costmap,16.964000000,16.964000000,16.966000000,0.000000000,100.000000000,103.413978000,2.242234000,105.656212000,5.656212000,0,0,0
133,local_costmap,17.065000000,17.065000000,17.068000000,0.000000000,100.000000000,95.934596000,2.483497000,98.418093000,-1.581907000,0,0,0
134,local_costmap,17.164000000,17.164000000,17.164000000,0.000000000,100.000000000,98.699483000,2.192850000,100.892333000,0.892333000,0,0,0
135,local_costmap,17.264000000,17.264000000,17.265000000,0.000000000,100.000000000,95.689112000,2.038472000,97.727584000,-2.272416000,0,0,0
136,local_costmap,17.364000000,17.364000000,17.364000000,0.000000000,100.000000000,100.119382000,2.259373000,102.378755000,2.378755000,0,0,0
137,local_costmap,17.464000000,17.464000000,17.467000000,0.000000000,100.000000000,104.402460000,2.194168000,106.596628000,6.596628000,0,0,0
138,local_costmap,17.564000000,17.564000000,17.564000000,0.000000000,100.000000000,96.922394000,2.479076000,99.401470000,-0.598530000,0,0,0
139,local_costmap,17.664000000,17.664000000,17.664000000,0.000000000,100.000000000,99.451029000,2.114146000,101.565175000,1.565175000,0,0,0
140,local_costmap,17.766000000,17.766000000,17.766000000,0.000000000,100.000000000,117.384779000,2.361607000,119.746386000,19.746386000,0,0,0
141,local_costmap,17.864000000,17.864000000,17.864000000,0.000000000,100.000000000,91.841045000,2.377009000,94.218054000,-5.781946000,0,0,0
142,local_costmap,17.964000000,17.964000000,17.964000000,0.000000000,100.000000000,93.869403000,2.368823000,96.238226000,-3.761774000,0,0,0
143,local_costmap,18.064000000,18.064000000,18.066000000,0.000000000,100.000000000,97.871604000,2.452928000,100.324532000,0.324532000,0,0,0
144,local_costmap,18.164000000,18.164000000,18.167000000,0.000000000,100.000000000,109.513422000,2.180350000,111.693772000,11.693772000,0,0,0
145,local_costmap,18.264000000,18.264000000,18.266000000,0.000000000,100.000000000,90.236118000,2.147259000,92.383377000,-7.616623000,0,0,0
146,local_costmap,18.368000000,18.368000000,18.370000000,0.000000000,100.000000000,95.952945000,2.219646000,98.172591000,-1.827409000,0,0,0
147,local_costmap,18.466000000,18.466000000,18.469000000,0.000000000,100.000000000,100.410080000,2.263130000,102.673210000,2.673210000,0,0,0
148,local_costmap,18.564000000,18.564000000,18.566000000,0.000000000,100.000000000,98.243499000,2.203940000,100.447439000,0.447439000,0,0,0
149,local_costmap,18.664000000,18.664000000,18.666000000,0.000000000,100.000000000,97.398158000,2.249078000,99.647236000,-0.352764000,0,0,0
150,local_costmap,18.764000000,18.764000000,18.764000000,0.000000000,100.000000000,97.731283000,2.803426000,100.534709000,0.534709000,0,0,0
151,local_costmap,18.865000000,18.865000000,18.866000000,0.000000000,100.000000000,114.061936000,2.150776000,116.212712000,16.212712000,0,0,0
152,local_costmap,18.970000000,18.970000000,18.974000000,0.000000000,100.000000000,108.289191000,3.089925000,111.379116000,11.379116000,0,0,0
153,local_costmap,19.064000000,19.064000000,19.067000000,0.000000000,100.000000000,90.020968000,2.963528000,92.984496000,-7.015504000,0,0,0
154,local_costmap,19.164000000,19.164000000,19.166000000,0.000000000,100.000000000,93.094313000,2.713950000,95.808263000,-4.191737000,0,0,0
155,local_costmap,19.265000000,19.265000000,19.267000000,0.000000000,100.000000000,101.391595000,2.968415000,104.360010000,4.360010000,0,0,0
156,local_costmap,19.364000000,19.364000000,19.366000000,0.000000000,100.000000000,94.096497000,2.527785000,96.624282000,-3.375718000,0,0,0
157,local_costmap,19.464000000,19.464000000,19.466000000,0.000000000,100.000000000,102.502377000,2.244415000,104.746792000,4.746792000,0,0,0
158,local_costmap,19.564000000,19.564000000,19.568000000,0.000000000,100.000000000,99.804387000,3.753185000,103.557572000,3.557572000,0,0,0
159,local_costmap,19.673000000,19.673000000,19.676000000,0.000000000,100.000000000,109.402648000,2.717451000,112.120099000,12.120099000,0,0,0
160,local_costmap,19.764000000,19.764000000,19.767000000,0.000000000,100.000000000,95.180121000,3.371368000,98.551489000,-1.448511000,0,0,0
161,local_costmap,19.864000000,19.864000000,19.867000000,0.000000000,100.000000000,106.353203000,2.218243000,108.571446000,8.571446000,0,0,0
162,local_costmap,19.964000000,19.964000000,19.968000000,0.000000000,100.000000000,99.577972000,3.157008000,102.734980000,2.734980000,0,0,0
163,local_costmap,20.064000000,20.064000000,20.067000000,0.000000000,100.000000000,97.600587000,2.742343000,100.342930000,0.342930000,0,0,0
164,local_costmap,20.166000000,20.166000000,20.170000000,0.000000000,100.000000000,101.350102000,3.155923000,104.506025000,4.506025000,0,0,0
165,local_costmap,20.265000000,20.265000000,20.267000000,0.000000000,100.000000000,95.888822000,2.501194000,98.390016000,-1.609984000,0,0,0
166,local_costmap,20.369000000,20.369000000,20.372000000,0.000000000,100.000000000,97.445530000,2.388163000,99.833693000,-0.166307000,0,0,0
167,local_costmap,20.464000000,20.464000000,20.468000000,0.000000000,100.000000000,99.751921000,3.330938000,103.082859000,3.082859000,0,0,0
168,local_costmap,20.564000000,20.564000000,20.564000000,0.000000000,100.000000000,97.679231000,2.524715000,100.203946000,0.203946000,0,0,0
169,local_costmap,20.664000000,20.664000000,20.664000000,0.000000000,100.000000000,97.183484000,2.522924000,99.706408000,-0.293592000,0,0,0
170,local_costmap,20.764000000,20.764000000,20.764000000,0.000000000,100.000000000,124.408383000,2.545404000,126.953787000,26.953787000,0,0,0
171,local_costmap,20.864000000,20.864000000,20.864000000,0.000000000,100.000000000,106.954981000,2.742304000,109.697285000,9.697285000,0,0,0
172,local_costmap,20.964000000,20.964000000,20.967000000,0.000000000,100.000000000,95.344136000,2.604000000,97.948136000,-2.051864000,0,0,0
173,local_costmap,21.064000000,21.064000000,21.067000000,0.000000000,100.000000000,97.796107000,2.579071000,100.375178000,0.375178000,0,0,0
174,local_costmap,21.168000000,21.168000000,21.170000000,0.000000000,100.000000000,99.394010000,2.506164000,101.900174000,1.900174000,0,0,0
175,local_costmap,21.264000000,21.264000000,21.266000000,0.000000000,100.000000000,97.310154000,2.499561000,99.809715000,-0.190285000,0,0,0
176,local_costmap,21.364000000,21.364000000,21.367000000,0.000000000,100.000000000,97.240666000,2.544855000,99.785521000,-0.214479000,0,0,0
177,local_costmap,21.464000000,21.464000000,21.464000000,0.000000000,100.000000000,102.970059000,2.640448000,105.610507000,5.610507000,0,0,0
178,local_costmap,21.564000000,21.564000000,21.564000000,0.000000000,100.000000000,94.051937000,2.773356000,96.825293000,-3.174707000,0,0,0
179,local_costmap,21.669000000,21.669000000,21.669000000,0.000000000,100.000000000,103.468286000,2.108325000,105.576611000,5.576611000,0,0,0
180,local_costmap,21.764000000,21.764000000,21.764000000,0.000000000,100.000000000,94.025328000,2.202607000,96.227935000,-3.772065000,0,0,0
181,local_costmap,21.864000000,21.864000000,21.864000000,0.000000000,100.000000000,95.689404000,2.055415000,97.744819000,-2.255181000,0,0,0
182,local_costmap,21.964000000,21.964000000,21.964000000,0.000000000,100.000000000,103.085008000,2.353227000,105.438235000,5.438235000,0,0,0
183,local_costmap,22.064000000,22.064000000,22.064000000,0.000000000,100.000000000,95.311258000,2.056862000,97.368120000,-2.631880000,0,0,0
184,local_costmap,22.164000000,22.164000000,22.164000000,0.000000000,100.000000000,97.516466000,2.041712000,99.558178000,-0.441822000,0,0,0
185,local_costmap,22.264000000,22.264000000,22.266000000,0.000000000,100.000000000,104.327785000,2.096974000,106.424759000,6.424759000,0,0,0
186,local_costmap,22.364000000,22.364000000,22.367000000,0.000000000,100.000000000,102.409403000,2.103911000,104.513314000,4.513314000,0,0,0
187,local_costmap,22.464000000,22.464000000,22.467000000,0.000000000,100.000000000,112.935932000,2.080163000,115.016095000,15.016095000,0,0,0
188,local_costmap,22.565000000,22.565000000,22.568000000,0.000000000,100.000000000,116.098454000,2.106349000,118.204803000,18.204803000,0,0,0
189,local_costmap,22.665000000,22.665000000,22.665000000,0.000000000,100.000000000,99.815298000,2.150673000,101.965971000,1.965971000,0,0,0
190,local_costmap,22.764000000,22.764000000,22.800000000,0.000000000,100.000000000,102.147404000,40.550040000,142.697444000,42.697444000,0,0,0
191,local_costmap,22.865000000,22.865000000,22.906000000,0.000000000,100.000000000,53.475500000,44.603514000,98.079014000,-1.920986000,0,0,0
192,local_costmap,22.964000000,22.964000000,22.969000000,0.000000000,100.000000000,70.805495000,3.264953000,74.070448000,-25.929552000,0,0,0
193,local_costmap,23.066000000,23.066000000,23.067000000,0.000000000,100.000000000,92.270686000,2.089938000,94.360624000,-5.639376000,0,0,0
194,local_costmap,23.164000000,23.164000000,23.164000000,0.000000000,100.000000000,92.078587000,2.075760000,94.154347000,-5.845653000,0,0,0
195,local_costmap,23.264000000,23.264000000,23.267000000,0.000000000,100.000000000,113.202945000,3.393640000,116.596585000,16.596585000,0,0,0
196,local_costmap,23.365000000,23.365000000,23.376000000,0.000000000,100.000000000,98.634405000,13.753324000,112.387729000,12.387729000,0,0,0
197,local_costmap,23.466000000,23.466000000,23.466000000,0.000000000,100.000000000,89.536681000,2.996292000,92.532973000,-7.467027000,0,0,0
198,local_costmap,23.564000000,23.564000000,23.569000000,0.000000000,100.000000000,91.404041000,5.189064000,96.593105000,-3.406895000,0,0,0
199,local_costmap,23.664000000,23.664000000,23.667000000,0.000000000,100.000000000,91.650965000,3.194310000,94.845275000,-5.154725000,0,0,0
200,local_costmap,23.764000000,23.764000000,23.767000000,0.000000000,100.000000000,98.469995000,2.101961000,100.571956000,0.571956000,0,0,0
201,local_costmap,23.868000000,23.868000000,23.872000000,0.000000000,100.000000000,102.625352000,3.282877000,105.908229000,5.908229000,0,0,0
202,local_costmap,23.966000000,23.966000000,23.981000000,0.000000000,100.000000000,89.470117000,15.429827000,104.899944000,4.899944000,0,0,0
203,local_costmap,24.064000000,24.064000000,24.115000000,0.000000000,100.000000000,86.940593000,52.426403000,139.366996000,39.366996000,0,0,0
204,local_costmap,24.164000000,24.164000000,24.263000000,0.000000000,100.000000000,46.021975000,97.145045000,143.167020000,43.167020000,0,0,0
205,local_costmap,24.264000000,24.264000000,24.268000000,0.000000000,100.000000000,0.580698000,4.100652000,4.681350000,-95.318650000,0,0,0
206,local_costmap,24.366000000,24.366000000,24.460000000,0.000000000,100.000000000,98.768948000,94.007144000,192.776092000,92.776092000,0,0,0
207,local_costmap,24.469000000,24.469000000,24.542000000,0.000000000,100.000000000,9.358989000,77.975638000,87.334627000,-12.665373000,0,0,0
208,local_costmap,24.564000000,24.564000000,24.669000000,0.000000000,100.000000000,27.670358000,105.175351000,132.845709000,32.845709000,0,0,0
209,local_costmap,24.670000000,24.670000000,24.671000000,0.000000000,100.000000000,0.899736000,3.315745000,4.215481000,-95.784519000,0,0,0
210,local_costmap,24.764000000,24.764000000,24.805000000,0.000000000,100.000000000,97.638153000,55.880036000,153.518189000,53.518189000,0,0,0
211,local_costmap,24.865000000,24.865000000,24.943000000,0.000000000,100.000000000,53.469365000,84.985780000,138.455145000,38.455145000,0,0,0
212,local_costmap,24.964000000,24.964000000,25.038000000,0.000000000,100.000000000,18.011759000,72.722418000,90.734177000,-9.265823000,0,0,0
213,local_costmap,25.064000000,25.064000000,25.142000000,0.000000000,100.000000000,29.836358000,78.736137000,108.572495000,8.572495000,0,0,0
214,local_costmap,25.164000000,25.164000000,25.229000000,0.000000000,100.000000000,18.862754000,68.315873000,87.178627000,-12.821373000,0,0,0
215,local_costmap,25.264000000,25.264000000,25.330000000,0.000000000,100.000000000,34.502061000,77.584856000,112.086917000,12.086917000,0,0,0
216,local_costmap,25.364000000,25.364000000,25.435000000,0.000000000,100.000000000,36.175882000,71.688326000,107.864208000,7.864208000,0,0,0
217,local_costmap,25.465000000,25.465000000,25.532000000,0.000000000,100.000000000,29.895323000,73.726482000,103.621805000,3.621805000,0,0,0
218,local_costmap,25.564000000,25.564000000,25.665000000,0.000000000,100.000000000,20.549919000,97.768563000,118.318482000,18.318482000,0,0,0
219,local_costmap,25.903000000,25.903000000,25.906000000,0.000000000,100.000000000,235.270738000,2.528393000,237.799131000,137.799131000,0,0,0
220,local_costmap,26.022000000,26.022000000,26.027000000,0.000000000,100.000000000,130.331492000,4.370084000,134.701576000,34.701576000,0,0,0
221,local_costmap,26.102000000,26.102000000,26.135000000,0.000000000,100.000000000,67.796188000,42.492853000,110.289041000,10.289041000,0,0,0
222,local_costmap,26.203000000,26.203000000,26.230000000,0.000000000,100.000000000,68.891626000,33.963252000,102.854878000,2.854878000,0,0,0
223,local_costmap,26.303000000,26.303000000,26.356000000,0.000000000,100.000000000,63.573429000,53.574852000,117.148281000,17.148281000,0,0,0
224,local_costmap,26.403000000,26.403000000,26.434000000,0.000000000,100.000000000,44.160743000,33.953769000,78.114512000,-21.885488000,0,0,0
225,local_costmap,26.503000000,26.503000000,26.529000000,0.000000000,100.000000000,66.995987000,34.579294000,101.575281000,1.575281000,0,0,0
226,local_costmap,26.602000000,26.602000000,26.694000000,0.000000000,100.000000000,77.032072000,83.504168000,160.536240000,60.536240000,0,0,0
227,local_costmap,26.702000000,26.702000000,26.780000000,0.000000000,100.000000000,7.169259000,80.574043000,87.743302000,-12.256698000,0,0,0
228,local_costmap,26.802000000,26.802000000,26.870000000,0.000000000,100.000000000,20.163008000,66.202889000,86.365897000,-13.634103000,0,0,0
229,local_costmap,26.902000000,26.902000000,27.000000000,0.000000000,100.000000000,35.575703000,122.427166000,158.002869000,58.002869000,0,0,0
230,local_costmap,27.002000000,27.002000000,27.110000000,0.000000000,100.000000000,1.665299000,115.203785000,116.869084000,16.869084000,0,0,0
231,local_costmap,27.111000000,27.111000000,27.113000000,0.000000000,100.000000000,0.458104000,8.901819000,9.359923000,-90.640077000,0,0,0
232,local_costmap,27.202000000,27.202000000,27.249000000,0.000000000,100.000000000,83.585455000,40.597501000,124.182956000,24.182956000,0,0,0
233,local_costmap,27.302000000,27.302000000,27.331000000,0.000000000,100.000000000,47.392441000,26.529499000,73.921940000,-26.078060000,0,0,0
234,local_costmap,27.402000000,27.402000000,27.414000000,0.000000000,100.000000000,67.877031000,10.109635000,77.986666000,-22.013334000,0,0,0
235,local_costmap,27.503000000,27.503000000,27.554000000,0.000000000,100.000000000,93.166972000,43.855326000,137.022298000,37.022298000,0,0,0
236,local_costmap,27.602000000,27.602000000,27.637000000,0.000000000,100.000000000,44.929413000,35.440871000,80.370284000,-19.629716000,0,0,0
237,local_costmap,27.703000000,27.703000000,27.764000000,0.000000000,100.000000000,62.035542000,61.594708000,123.630250000,23.630250000,0,0,0
238,local_costmap,27.802000000,27.802000000,27.833000000,0.000000000,100.000000000,40.103368000,32.980036000,73.083404000,-26.916596000,0,0,0
239,local_costmap,27.904000000,27.904000000,27.974000000,0.000000000,100.000000000,66.669819000,70.325353000,136.995172000,36.995172000,0,0,0
240,local_costmap,28.003000000,28.003000000,28.049000000,0.000000000,100.000000000,30.797490000,51.201454000,81.998944000,-18.001056000,0,0,0
241,local_costmap,28.102000000,28.102000000,28.145000000,0.000000000,100.000000000,56.766183000,50.917098000,107.683281000,7.683281000,0,0,0
242,local_costmap,28.203000000,28.203000000,28.235000000,0.000000000,100.000000000,49.592024000,29.229824000,78.821848000,-21.178152000,0,0,0
243,local_costmap,28.302000000,28.302000000,28.332000000,0.000000000,100.000000000,65.508932000,28.623631000,94.132563000,-5.867437000,0,0,0
244,local_costmap,28.405000000,28.405000000,28.425000000,0.000000000,100.000000000,75.763818000,18.704107000,94.467925000,-5.532075000,0,0,0
245,local_costmap,28.508000000,28.508000000,28.514000000,0.000000000,100.000000000,88.121210000,5.796533000,93.917743000,-6.082257000,0,0,0
246,local_costmap,28.606000000,28.606000000,28.625000000,0.000000000,100.000000000,87.567710000,21.969473000,109.537183000,9.537183000,0,0,0
247,local_costmap,28.703000000,28.703000000,28.717000000,0.000000000,100.000000000,80.138037000,14.609416000,94.747453000,-5.252547000,0,0,0
248,local_costmap,28.807000000,28.807000000,28.825000000,0.000000000,100.000000000,83.254681000,19.441418000,102.696099000,2.696099000,0,0,0
249,local_costmap,28.903000000,28.903000000,28.929000000,0.000000000,100.000000000,75.681431000,29.228868000,104.910299000,4.910299000,0,0,0
250,local_costmap,29.002000000,29.002000000,29.040000000,0.000000000,100.000000000,71.544105000,40.742577000,112.286682000,12.286682000,0,0,0
251,local_costmap,29.102000000,29.102000000,29.136000000,0.000000000,100.000000000,64.012001000,33.031383000,97.043384000,-2.956616000,0,0,0
252,local_costmap,29.202000000,29.202000000,29.206000000,0.000000000,100.000000000,69.142763000,7.422002000,76.564765000,-23.435235000,0,0,0
253,local_costmap,29.305000000,29.305000000,29.337000000,0.000000000,100.000000000,107.715812000,25.728230000,133.444042000,33.444042000,0,0,0
254,local_costmap,29.402000000,29.402000000,29.454000000,0.000000000,100.000000000,67.355775000,51.988982000,119.344757000,19.344757000,0,0,0
255,local_costmap,29.502000000,29.502000000,29.521000000,0.000000000,100.000000000,39.597670000,20.004462000,59.602132000,-40.397868000,0,0,0
256,local_costmap,29.602000000,29.602000000,29.649000000,0.000000000,100.000000000,81.275639000,45.043594000,126.319233000,26.319233000,0,0,0
257,local_costmap,29.703000000,29.703000000,29.760000000,0.000000000,100.000000000,55.281906000,57.157378000,112.439284000,12.439284000,0,0,0
258,local_costmap,29.867000000,29.867000000,29.870000000,0.000000000,100.000000000,103.630630000,2.477996000,106.108626000,6.108626000,0,0,0
259,local_costmap,29.944000000,29.944000000,29.951000000,0.000000000,100.000000000,77.726224000,2.577765000,80.303989000,-19.696011000,0,0,0
260,local_costmap,30.002000000,30.002000000,30.040000000,0.000000000,100.000000000,51.863563000,37.275465000,89.139028000,-10.860972000,0,0,0
261,local_costmap,30.102000000,30.102000000,30.155000000,0.000000000,100.000000000,62.410457000,52.957846000,115.368303000,15.368303000,0,0,0
262,local_costmap,30.202000000,30.202000000,30.238000000,0.000000000,100.000000000,49.777679000,40.737734000,90.515413000,-9.484587000,0,0,0
263,local_costmap,30.302000000,30.302000000,30.351000000,0.000000000,100.000000000,60.830211000,48.282838000,109.113049000,9.113049000,0,0,0
264,local_costmap,30.402000000,30.402000000,30.437000000,0.000000000,100.000000000,50.599288000,37.504488000,88.103776000,-11.896224000,0,0,0
265,local_costmap,30.502000000,30.502000000,30.531000000,0.000000000,100.000000000,62.653466000,28.441291000,91.094757000,-8.905243000,0,0,0
266,local_costmap,30.602000000,30.602000000,30.619000000,0.000000000,100.000000000,68.929216000,18.220265000,87.149481000,-12.850519000,0,0,0
267,local_costmap,30.702000000,30.702000000,30.743000000,0.000000000,100.000000000,82.536852000,43.359789000,125.896641000,25.896641000,0,0,0
268,local_costmap,30.803000000,30.803000000,30.851000000,0.000000000,100.000000000,64.515245000,44.577181000,109.092426000,9.092426000,0,0,0
269,local_costmap,30.908000000,30.908000000,30.910000000,0.000000000,100.000000000,61.684981000,3.007412000,64.692393000,-35.307607000,0,0,0
270,local_costmap,31.004000000,31.004000000,31.011000000,0.000000000,100.000000000,88.069294000,9.703944000,97.773238000,-2.226762000,0,0,0
271,local_costmap,31.102000000,31.102000000,31.137000000,0.000000000,100.000000000,88.588573000,36.384913000,124.973486000,24.973486000,0,0,0
272,local_costmap,31.203000000,31.203000000,31.226000000,0.000000000,100.000000000,64.794796000,21.282679000,86.077475000,-13.922525000,0,0,0
273,local_costmap,31.303000000,31.303000000,31.331000000,0.000000000,100.000000000,78.436008000,34.341345000,112.777353000,12.777353000,0,0,0
274,local_costmap,31.402000000,31.402000000,31.462000000,0.000000000,100.000000000,71.201064000,67.917583000,139.118647000,39.118647000,0,0,0
275,local_costmap,31.529000000,31.529000000,31.531000000,0.000000000,100.000000000,64.247125000,2.169818000,66.416943000,-33.583057000,0,0,0
276,local_costmap,31.615000000,31.615000000,31.657000000,0.000000000,100.000000000,84.939057000,45.911546000,130.850603000,30.850603000,0,0,0
277,local_costmap,31.702000000,31.702000000,31.729000000,0.000000000,100.000000000,45.262398000,27.190013000,72.452411000,-27.547589000,0,0,0
278,local_costmap,31.802000000,31.802000000,31.847000000,0.000000000,100.000000000,71.018139000,46.340020000,117.358159000,17.358159000,0,0,0
279,local_costmap,31.902000000,31.902000000,31.932000000,0.000000000,100.000000000,55.524812000,32.608869000,88.133681000,-11.866319000,0,0,0
280,local_costmap,32.002000000,32.002000000,32.045000000,0.000000000,100.000000000,73.985486000,42.487689000,116.473175000,16.473175000,0,0,0
281,local_costmap,32.104000000,32.104000000,32.118000000,0.000000000,100.000000000,59.364909000,19.646572000,79.011481000,-20.988519000,0,0,0
282,local_costmap,32.203000000,32.203000000,32.220000000,0.000000000,100.000000000,85.166321000,26.029384000,111.195705000,11.195705000,0,0,0
283,local_costmap,32.302000000,32.302000000,32.325000000,0.000000000,100.000000000,73.364495000,25.168219000,98.532714000,-1.467286000,0,0,0
284,local_costmap,32.402000000,32.402000000,32.436000000,0.000000000,100.000000000,80.751828000,34.007935000,114.759763000,14.759763000,0,0,0
285,local_costmap,32.502000000,32.502000000,32.551000000,0.000000000,100.000000000,70.872450000,45.583898000,116.456348000,16.456348000,0,0,0
286,local_costmap,32.602000000,32.602000000,32.649000000,0.000000000,100.000000000,52.134023000,43.767809000,95.901832000,-4.098168000,0,0,0
287,local_costmap,32.704000000,32.704000000,32.750000000,0.000000000,100.000000000,53.447019000,45.121645000,98.568664000,-1.431336000,0,0,0
288,local_costmap,32.802000000,32.802000000,32.831000000,0.000000000,100.000000000,56.047064000,25.356599000,81.403663000,-18.596337000,0,0,0
289,local_costmap,32.904000000,32.904000000,32.919000000,0.000000000,100.000000000,75.737290000,29.109108000,104.846398000,4.846398000,0,0,0
290,local_costmap,33.002000000,33.002000000,33.052000000,0.000000000,100.000000000,70.927938000,49.915116000,120.843054000,20.843054000,0,0,0
291,local_costmap,33.102000000,33.102000000,33.148000000,0.000000000,100.000000000,52.202453000,44.481703000,96.684156000,-3.315844000,0,0,0
292,local_costmap,33.204000000,33.204000000,33.250000000,0.000000000,100.000000000,54.082744000,42.751363000,96.834107000,-3.165893000,0,0,0
293,local_costmap,33.302000000,33.302000000,33.355000000,0.000000000,100.000000000,52.913783000,59.832872000,112.746655000,12.746655000,0,0,0
294,local_costmap,33.404000000,33.404000000,33.450000000,0.000000000,100.000000000,46.979372000,45.168254000,92.147626000,-7.852374000,0,0,0
295,local_costmap,33.503000000,33.503000000,33.528000000,0.000000000,100.000000000,48.895531000,26.261432000,75.156963000,-24.843037000,0,0,0
296,local_costmap,33.603000000,33.603000000,33.621000000,0.000000000,100.000000000,73.718945000,17.440758000,91.159703000,-8.840297000,0,0,0
297,local_costmap,33.702000000,33.702000000,33.756000000,0.000000000,100.000000000,86.624551000,51.182839000,137.807390000,37.807390000,0,0,0
298,local_costmap,33.804000000,33.804000000,33.838000000,0.000000000,100.000000000,48.776922000,33.518491000,82.295413000,-17.704587000,0,0,0
299,local_costmap,33.902000000,33.902000000,33.929000000,0.000000000,100.000000000,63.680746000,35.170178000,98.850924000,-1.149076000,0,0,0
300,local_costmap,34.002000000,34.002000000,34.045000000,0.000000000,100.000000000,69.241564000,43.846897000,113.088461000,13.088461000,0,0,0
301,local_costmap,34.102000000,34.102000000,34.129000000,0.000000000,100.000000000,57.398195000,32.671734000,90.069929000,-9.930071000,0,0,0
302,local_costmap,34.203000000,34.203000000,34.203000000,0.000000000,100.000000000,75.259453000,2.278980000,77.538433000,-22.461567000,0,0,0
303,local_costmap,34.302000000,34.302000000,34.332000000,0.000000000,100.000000000,95.847660000,31.455340000,127.303000000,27.303000000,0,0,0
304,local_costmap,34.403000000,34.403000000,34.420000000,0.000000000,100.000000000,64.588435000,18.175892000,82.764327000,-17.235673000,0,0,0
305,local_costmap,34.503000000,34.503000000,34.536000000,0.000000000,100.000000000,88.831221000,40.132006000,128.963227000,28.963227000,0,0,0
306,local_costmap,34.602000000,34.602000000,34.665000000,0.000000000,100.000000000,61.973305000,59.272978000,121.246283000,21.246283000,0,0,0
307,local_costmap,34.702000000,34.702000000,34.742000000,0.000000000,100.000000000,39.391703000,40.437019000,79.828722000,-20.171278000,0,0,0
308,local_costmap,34.802000000,34.802000000,34.859000000,0.000000000,100.000000000,60.492135000,54.144633000,114.636768000,14.636768000,0,0,0
309,local_costmap,34.903000000,34.903000000,34.946000000,0.000000000,100.000000000,41.363206000,47.882880000,89.246086000,-10.753914000,0,0,0
310,local_costmap,35.004000000,35.004000000,35.055000000,0.000000000,100.000000000,58.734810000,51.968769000,110.703579000,10.703579000,0,0,0
311,local_costmap,35.102000000,35.102000000,35.163000000,0.000000000,100.000000000,46.038878000,57.622200000,103.661078000,3.661078000,0,0,0
312,local_costmap,35.202000000,35.202000000,35.246000000,0.000000000,100.000000000,40.403154000,42.105124000,82.508278000,-17.491722000,0,0,0
313,local_costmap,35.304000000,35.304000000,35.339000000,0.000000000,100.000000000,64.459120000,45.519762000,109.978882000,9.978882000,0,0,0
314,local_costmap,35.402000000,35.402000000,35.455000000,0.000000000,100.000000000,51.284900000,49.765223000,101.050123000,1.050123000,0,0,0
315,local_costmap,35.502000000,35.502000000,35.522000000,0.000000000,100.000000000,50.257621000,21.490250000,71.747871000,-28.252129000,0,0,0
316,local_costmap,35.602000000,35.603000000,35.652000000,1.000000000,100.000000000,79.146875000,49.039358000,128.186233000,28.186233000,0,0,0
317,local_costmap,35.702000000,35.702000000,35.756000000,0.000000000,100.000000000,45.762125000,56.574054000,102.336179000,2.336179000,0,0,0
318,local_costmap,35.803000000,35.803000000,35.845000000,0.000000000,100.000000000,44.946609000,46.801628000,91.748237000,-8.251763000,0,0,0
319,local_costmap,35.902000000,35.902000000,35.951000000,0.000000000,100.000000000,56.067247000,47.731400000,103.798647000,3.798647000,0,0,0
320,local_costmap,36.002000000,36.002000000,36.039000000,0.000000000,100.000000000,50.052546000,38.125257000,88.177803000,-11.822197000,0,0,0
321,local_costmap,36.103000000,36.103000000,36.127000000,0.000000000,100.000000000,61.087942000,25.300769000,86.388711000,-13.611289000,0,0,0
322,local_costmap,36.202000000,36.202000000,36.218000000,0.000000000,100.000000000,74.546585000,19.048159000,93.594744000,-6.405256000,0,0,0
323,local_costmap,36.302000000,36.302000000,36.341000000,0.000000000,100.000000000,82.285919000,37.389747000,119.675666000,19.675666000,0,0,0
324,local_costmap,36.402000000,36.402000000,36.427000000,0.000000000,100.000000000,59.888527000,25.206288000,85.094815000,-14.905185000,0,0,0
325,local_costmap,36.502000000,36.502000000,36.502000000,0.000000000,100.000000000,96.050740000,2.092407000,98.143147000,-1.856853000,0,0,0
326,local_costmap,36.607000000,36.607000000,36.607000000,0.000000000,100.000000000,118.898207000,2.070238000,120.968445000,20.968445000,0,0,0
327,local_costmap,36.702000000,36.702000000,36.760000000,0.000000000,100.000000000,101.992825000,50.889096000,152.881921000,52.881921000,0,0,0
328,local_costmap,36.805000000,36.805000000,36.805000000,0.000000000,100.000000000,45.700821000,2.205418000,47.906239000,-52.093761000,0,0,0
329,local_costmap,36.905000000,36.905000000,36.955000000,0.000000000,100.000000000,96.070428000,49.124584000,145.195012000,45.195012000,0,0,0
330,local_costmap,37.002000000,37.002000000,37.032000000,0.000000000,100.000000000,61.856470000,27.511318000,89.367788000,-10.632212000,0,0,0
331,local_costmap,37.103000000,37.103000000,37.119000000,0.000000000,100.000000000,72.757399000,16.034770000,88.792169000,-11.207831000,0,0,0
332,local_costmap,37.203000000,37.203000000,37.203000000,0.000000000,100.000000000,88.543811000,2.283374000,90.827185000,-9.172815000,0,0,0
333,local_costmap,37.304000000,37.304000000,37.320000000,0.000000000,100.000000000,95.922720000,16.091392000,112.014112000,12.014112000,0,0,0
334,local_costmap,37.402000000,37.402000000,37.426000000,0.000000000,100.000000000,80.667475000,25.805839000,106.473314000,6.473314000,0,0,0
335,local_costmap,37.503000000,37.503000000,37.525000000,0.000000000,100.000000000,73.151333000,26.556646000,99.707979000,-0.292021000,0,0,0
336,local_costmap,37.603000000,37.603000000,37.612000000,0.000000000,100.000000000,87.307248000,9.333284000,96.640532000,-3.359468000,0,0,0
337,local_costmap,37.702000000,37.702000000,37.727000000,0.000000000,100.000000000,94.521871000,19.668474000,114.190345000,14.190345000,0,0,0
338,local_costmap,37.804000000,37.804000000,37.819000000,0.000000000,100.000000000,84.213433000,14.874507000,99.087940000,-0.912060000,0,0,0
339,local_costmap,37.909000000,37.909000000,37.912000000,0.000000000,100.000000000,83.954222000,5.084905000,89.039127000,-10.960873000,0,0,0
340,local_costmap,38.004000000,38.004000000,38.050000000,0.000000000,100.000000000,89.933693000,39.151859000,129.085552000,29.085552000,0,0,0
341,local_costmap,38.107000000,38.107000000,38.136000000,0.000000000,100.000000000,57.452471000,31.072840000,88.525311000,-11.474689000,0,0,0
342,local_costmap,38.202000000,38.202000000,38.243000000,0.000000000,100.000000000,65.229250000,36.840344000,102.069594000,2.069594000,0,0,0
343,local_costmap,38.308000000,38.308000000,38.314000000,0.000000000,100.000000000,66.396089000,5.537377000,71.933466000,-28.066534000,0,0,0
344,local_costmap,38.403000000,38.403000000,38.430000000,0.000000000,100.000000000,99.651064000,21.987075000,121.638139000,21.638139000,0,0,0
345,local_costmap,38.502000000,38.502000000,38.547000000,0.000000000,100.000000000,68.142391000,41.980592000,110.122983000,10.122983000,0,0,0
346,local_costmap,38.603000000,38.603000000,38.646000000,0.000000000,100.000000000,60.926211000,40.293106000,101.219317000,1.219317000,0,0,0
347,local_costmap,38.703000000,38.703000000,38.756000000,0.000000000,100.000000000,64.306680000,46.156870000,110.463550000,10.463550000,0,0,0
348,local_costmap,38.802000000,38.802000000,38.829000000,0.000000000,100.000000000,52.799752000,22.384812000,75.184564000,-24.815436000,0,0,0
349,local_costmap,38.906000000,38.906000000,38.958000000,0.000000000,100.000000000,76.919450000,50.397512000,127.316962000,27.316962000,0,0,0
350,local_costmap,39.003000000,39.003000000,39.037000000,0.000000000,100.000000000,41.745330000,35.450798000,77.196128000,-22.803872000,0,0,0
351,local_costmap,39.102000000,39.102000000,39.102000000,0.000000000,100.000000000,66.064039000,3.548781000,69.612820000,-30.387180000,0,0,0
352,local_costmap,39.209000000,39.209000000,39.228000000,0.000000000,100.000000000,100.080463000,23.769561000,123.850024000,23.850024000,0,0,0
353,local_costmap,39.303000000,39.303000000,39.337000000,0.000000000,100.000000000,72.484395000,40.128030000,112.612425000,12.612425000,0,0,0
354,local_costmap,39.403000000,39.403000000,39.426000000,0.000000000,100.000000000,64.483342000,22.769819000,87.253161000,-12.746839000,0,0,0
355,local_costmap,39.502000000,39.502000000,39.528000000,0.000000000,100.000000000,73.240153000,23.892179000,97.132332000,-2.867668000,0,0,0
356,local_costmap,39.602000000,39.602000000,39.615000000,0.000000000,100.000000000,78.836543000,15.089018000,93.925561000,-6.074439000,0,0,0
357,local_costmap,39.702000000,39.702000000,39.724000000,0.000000000,100.000000000,89.946230000,19.684896000,109.631126000,9.631126000,0,0,0
358,local_costmap,39.802000000,39.802000000,39.828000000,0.000000000,100.000000000,76.463317000,32.132943000,108.596260000,8.596260000,0,0,0
359,local_costmap,39.902000000,39.902000000,39.904000000,0.000000000,100.000000000,74.781968000,2.445599000,77.227567000,-22.772433000,0,0,0
360,local_costmap,40.003000000,40.003000000,40.020000000,0.000000000,100.000000000,95.597861000,23.169513000,118.767374000,18.767374000,0,0,0
361,local_costmap,40.102000000,40.102000000,40.126000000,0.000000000,100.000000000,84.374585000,26.611986000,110.986571000,10.986571000,0,0,0
362,local_costmap,40.202000000,40.202000000,40.239000000,0.000000000,100.000000000,74.553885000,32.179781000,106.733666000,6.733666000,0,0,0
363,local_costmap,40.303000000,40.303000000,40.329000000,0.000000000,100.000000000,67.570782000,26.659285000,94.230067000,-5.769933000,0,0,0
364,local_costmap,40.406000000,40.406000000,40.407000000,0.000000000,100.000000000,84.625772000,4.193077000,88.818849000,-11.181151000,0,0,0
365,local_costmap,40.502000000,40.502000000,40.527000000,0.000000000,100.000000000,83.869576000,23.428879000,107.298455000,7.298455000,0,0,0
366,local_costmap,40.606000000,40.606000000,40.629000000,0.000000000,100.000000000,74.412733000,24.806626000,99.219359000,-0.780641000,0,0,0
367,local_costmap,40.702000000,40.702000000,40.732000000,0.000000000,100.000000000,70.591599000,31.009564000,101.601163000,1.601163000,0,0,0
368,local_costmap,40.803000000,40.803000000,40.821000000,0.000000000,100.000000000,67.666077000,16.607150000,84.273227000,-15.726773000,0,0,0
369,local_costmap,40.902000000,40.902000000,40.907000000,0.000000000,100.000000000,86.238710000,6.996050000,93.234760000,-6.765240000,0,0,0
370,local_costmap,41.002000000,41.002000000,41.042000000,0.000000000,100.000000000,92.125722000,44.589514000,136.715236000,36.715236000,0,0,0
371,local_costmap,41.102000000,41.102000000,41.102000000,0.000000000,100.000000000,54.469845000,2.284559000,56.754404000,-43.245596000,0,0,0
372,local_costmap,41.203000000,41.203000000,41.207000000,0.000000000,100.000000000,111.004438000,3.376759000,114.381197000,14.381197000,0,0,0
373,local_costmap,41.302000000,41.302000000,41.342000000,0.000000000,100.000000000,122.153239000,38.812335000,160.965574000,60.965574000,0,0,0
374,local_costmap,41.402000000,41.402000000,41.448000000,0.000000000,100.000000000,65.454442000,47.302276000,112.756718000,12.756718000,0,0,0
375,local_costmap,41.502000000,41.502000000,41.504000000,0.000000000,100.000000000,58.877068000,2.317227000,61.194295000,-38.805705000,0,0,0
376,local_costmap,41.602000000,41.602000000,41.610000000,0.000000000,100.000000000,91.888490000,9.986374000,101.874864000,1.874864000,0,0,0
377,local_costmap,41.703000000,41.703000000,41.739000000,0.000000000,100.000000000,94.395554000,33.894134000,128.289688000,28.289688000,0,0,0
378,local_costmap,41.802000000,41.802000000,41.828000000,0.000000000,100.000000000,66.822050000,22.617092000,89.439142000,-10.560858000,0,0,0
379,local_costmap,41.902000000,41.902000000,41.950000000,0.000000000,100.000000000,84.351246000,42.790618000,127.141864000,27.141864000,0,0,0
380,local_costmap,42.003000000,42.003000000,42.057000000,0.000000000,100.000000000,55.680257000,50.345100000,106.025357000,6.025357000,0,0,0
381,local_costmap,42.103000000,42.103000000,42.142000000,0.000000000,100.000000000,46.280772000,42.653443000,88.934215000,-11.065785000,0,0,0
382,local_costmap,42.203000000,42.203000000,42.231000000,0.000000000,100.000000000,76.942127000,20.174549000,97.116676000,-2.883324000,0,0,0
383,local_costmap,42.302000000,42.302000000,42.353000000,0.000000000,100.000000000,64.281438000,45.227766000,109.509204000,9.509204000,0,0,0
384,local_costmap,42.408000000,42.408000000,42.412000000,0.000000000,100.000000000,52.055683000,3.732768000,55.788451000,-44.211549000,0,0,0
385,local_costmap,42.502000000,42.502000000,42.502000000,0.000000000,100.000000000,97.135081000,2.254627000,99.389708000,-0.610292000,0,0,0
386,local_costmap,42.602000000,42.602000000,42.611000000,0.000000000,100.000000000,96.422293000,9.886417000,106.308710000,6.308710000,0,0,0
387,local_costmap,42.702000000,42.702000000,42.715000000,0.000000000,100.000000000,87.287841000,12.303742000,99.591583000,-0.408417000,0,6,6
388,local_costmap,42.804000000,42.804000000,42.857000000,0.000000000,100.000000000,100.624070000,52.358538000,152.982608000,52.982608000,0,0,0
389,local_costmap,42.960000000,42.960000000,43.029000000,0.000000000,100.000000000,91.424651000,74.785366000,166.210017000,66.210017000,0,0,0
390,local_costmap,43.030000000,43.030000000,43.035000000,0.000000000,100.000000000,0.567435000,4.888541000,5.455976000,-94.544024000,0,0,0
391,local_costmap,43.104000000,43.104000000,43.141000000,0.000000000,100.000000000,79.467075000,32.607056000,112.074131000,12.074131000,0,0,0
392,local_costmap,43.214000000,43.214000000,43.217000000,0.000000000,100.000000000,69.645661000,2.523322000,72.168983000,-27.831017000,0,0,0
393,local_costmap,43.303000000,43.303000000,43.303000000,0.000000000,100.000000000,100.301018000,2.227093000,102.528111000,2.528111000,0,0,0
394,local_costmap,43.404000000,43.404000000,43.412000000,0.000000000,100.000000000,109.133420000,6.825514000,115.958934000,15.958934000,0,0,0
395,local_costmap,43.515000000,43.515000000,43.522000000,0.000000000,100.000000000,106.822490000,6.355286000,113.177776000,13.177776000,0,0,0
396,local_costmap,43.603000000,43.603000000,43.607000000,0.000000000,100.000000000,76.144136000,4.669197000,80.813333000,-19.186667000,0,0,0
397,local_costmap,43.704000000,43.704000000,43.740000000,0.000000000,100.000000000,94.370023000,31.801322000,126.171345000,26.171345000,0,0,0
398,local_costmap,43.807000000,43.807000000,43.853000000,0.000000000,100.000000000,67.503148000,45.054234000,112.557382000,12.557382000,0,0,0
399,local_costmap,43.903000000,43.903000000,43.933000000,0.000000000,100.000000000,54.910274000,27.621800000,82.532074000,-17.467926000,0,0,0
400,local_costmap,44.002000000,44.002000000,44.021000000,0.000000000,100.000000000,68.209464000,19.354673000,87.564137000,-12.435863000,0,0,0
401,local_costmap,44.102000000,44.102000000,44.114000000,0.000000000,100.000000000,91.824042000,13.746152000,105.570194000,5.570194000,0,0,0
402,local_costmap,44.202000000,44.202000000,44.233000000,0.000000000,100.000000000,93.202790000,27.643421000,120.846211000,20.846211000,0,0,0
403,local_costmap,44.302000000,44.302000000,44.321000000,0.000000000,100.000000000,66.119419000,17.840207000,83.959626000,-16.040374000,0,0,0
404,local_costmap,44.402000000,44.402000000,44.442000000,0.000000000,100.000000000,91.346131000,42.110694000,133.456825000,33.456825000,0,0,0
405,local_costmap,44.502000000,44.502000000,44.507000000,0.000000000,100.000000000,55.246395000,5.452572000,60.698967000,-39.301033000,0,0,0
406,local_costmap,44.603000000,44.603000000,44.603000000,0.000000000,100.000000000,102.060997000,2.258785000,104.319782000,4.319782000,0,0,0
407,local_costmap,44.702000000,44.702000000,44.704000000,0.000000000,100.000000000,96.290320000,2.353928000,98.644248000,-1.355752000,0,0,0
408,local_costmap,44.802000000,44.802000000,44.805000000,0.000000000,100.000000000,103.283875000,2.260534000,105.544409000,5.544409000,0,0,0
409,local_costmap,44.902000000,44.902000000,44.905000000,0.000000000,100.000000000,96.932577000,2.307534000,99.240111000,-0.759889000,0,0,0
410,local_costmap,45.002000000,45.002000000,45.005000000,0.000000000,100.000000000,103.361782000,1.894342000,105.256124000,5.256124000,0,0,0
411,local_costmap,45.103000000,45.103000000,45.106000000,0.000000000,100.000000000,88.030227000,2.373907000,90.404134000,-9.595866000,0,0,0
412,local_costmap,45.203000000,45.203000000,45.205000000,0.000000000,100.000000000,105.611959000,2.749608000,108.361567000,8.361567000,0,0,0
413,local_costmap,45.302000000,45.302000000,45.302000000,0.000000000,100.000000000,88.652870000,2.222519000,90.875389000,-9.124611000,0,0,0
414,local_costmap,45.402000000,45.402000000,45.405000000,0.000000000,100.000000000,99.648821000,2.461966000,102.110787000,2.110787000,0,0,0
415,local_costmap,45.502000000,45.502000000,45.503000000,0.000000000,100.000000000,100.827789000,2.732926000,103.560715000,3.560715000,0,0,0
416,local_costmap,45.603000000,45.603000000,45.604000000,0.000000000,100.000000000,94.944180000,2.152794000,97.096974000,-2.903026000,0,0,0
417,local_costmap,45.706000000,45.706000000,45.708000000,0.000000000,100.000000000,102.838420000,1.935299000,104.773719000,4.773719000,0,0,0
418,local_costmap,45.802000000,45.802000000,45.804000000,0.000000000,100.000000000,91.405571000,1.969415000,93.374986000,-6.625014000,0,0,0
419,local_costmap,45.902000000,45.902000000,45.904000000,0.000000000,100.000000000,96.508816000,1.876865000,98.385681000,-1.614319000,0,0,0
420,local_costmap,46.003000000,46.003000000,46.003000000,0.000000000,100.000000000,104.858140000,1.960792000,106.818932000,6.818932000,0,0,0
421,local_costmap,46.102000000,46.102000000,46.102000000,0.000000000,100.000000000,90.963841000,1.935965000,92.899806000,-7.100194000,0,0,0
422,local_costmap,46.202000000,46.202000000,46.202000000,0.000000000,100.000000000,96.872265000,1.933250000,98.805515000,-1.194485000,0,0,0
423,local_costmap,46.302000000,46.302000000,46.302000000,0.000000000,100.000000000,96.429079000,2.056373000,98.485452000,-1.514548000,0,0,0
424,local_costmap,46.402000000,46.402000000,46.404000000,0.000000000,100.000000000,114.883996000,1.923508000,116.807504000,16.807504000,0,0,0
425,local_costmap,46.503000000,46.503000000,46.505000000,0.000000000,100.000000000,99.532098000,1.927852000,101.459950000,1.459950000,0,0,0
426,local_costmap,46.603000000,46.603000000,46.608000000,0.000000000,100.000000000,103.053923000,3.388952000,106.442875000,6.442875000,0,0,0
427,local_costmap,46.702000000,46.702000000,46.704000000,0.000000000,100.000000000,95.220406000,2.506117000,97.726523000,-2.273477000,0,0,0
428,local_costmap,46.804000000,46.804000000,46.804000000,0.000000000,100.000000000,97.263130000,2.187915000,99.451045000,-0.548955000,0,0,0
429,local_costmap,46.902000000,46.902000000,46.907000000,0.000000000,100.000000000,115.255543000,3.949244000,119.204787000,19.204787000,0,0,0
430,local_costmap,47.003000000,47.003000000,47.018000000,0.000000000,100.000000000,88.666367000,17.943372000,106.609739000,6.609739000,0,0,0
431,local_costmap,47.102000000,47.102000000,47.106000000,0.000000000,100.000000000,82.021933000,11.028998000,93.050931000,-6.949069000,0,0,0
432,local_costmap,47.202000000,47.202000000,47.202000000,0.000000000,100.000000000,110.482532000,2.245618000,112.728150000,12.728150000,0,0,0
433,local_costmap,47.303000000,47.303000000,47.305000000,0.000000000,100.000000000,87.526851000,2.660052000,90.186903000,-9.813097000,0,0,0
434,local_costmap,47.402000000,47.402000000,47.406000000,0.000000000,100.000000000,98.887143000,3.327791000,102.214934000,2.214934000,0,0,0
435,local_costmap,47.503000000,47.503000000,47.506000000,0.000000000,100.000000000,92.818222000,2.867056000,95.685278000,-4.314722000,0,0,0
436,local_costmap,47.602000000,47.602000000,47.604000000,0.000000000,100.000000000,97.194054000,2.732589000,99.926643000,-0.073357000,0,0,0
437,local_costmap,47.702000000,47.702000000,47.705000000,0.000000000,100.000000000,95.618070000,3.521857000,99.139927000,-0.860073000,0,0,0
438,local_costmap,47.803000000,47.803000000,47.806000000,0.000000000,100.000000000,102.568648000,7.433250000,110.001898000,10.001898000,0,0,0
439,local_costmap,47.903000000,47.903000000,47.906000000,0.000000000,100.000000000,95.691464000,2.922862000,98.614326000,-1.385674000,0,0,0
440,local_costmap,48.002000000,48.002000000,48.002000000,0.000000000,100.000000000,93.464989000,1.990075000,95.455064000,-4.544936000,0,0,0
441,local_costmap,48.102000000,48.102000000,48.102000000,0.000000000,100.000000000,103.640981000,2.172749000,105.813730000,5.813730000,0,0,0
442,local_costmap,48.203000000,48.203000000,48.206000000,0.000000000,100.000000000,97.008382000,2.346606000,99.354988000,-0.645012000,0,0,0
443,local_costmap,48.302000000,48.302000000,48.305000000,0.000000000,100.000000000,95.382021000,2.294527000,97.676548000,-2.323452000,0,0,0
444,local_costmap,48.402000000,48.402000000,48.405000000,0.000000000,100.000000000,94.950751000,2.176210000,97.126961000,-2.873039000,0,0,0
445,local_costmap,48.503000000,48.503000000,48.505000000,0.000000000,100.000000000,94.517856000,1.926101000,96.443957000,-3.556043000,0,0,0
446,local_costmap,48.602000000,48.602000000,48.602000000,0.000000000,100.000000000,107.027885000,2.287882000,109.315767000,9.315767000,0,0,0
447,local_costmap,48.702000000,48.702000000,48.702000000,0.000000000,100.000000000,101.844062000,2.293580000,104.137642000,4.137642000,0,0,0
448,local_costmap,48.803000000,48.803000000,48.803000000,0.000000000,100.000000000,90.453471000,2.198832000,92.652303000,-7.347697000,0,0,0
449,local_costmap,48.902000000,48.902000000,48.902000000,0.000000000,100.000000000,106.914143000,2.791433000,109.705576000,9.705576000,0,0,0
450,local_costmap,49.002000000,49.002000000,49.005000000,0.000000000,100.000000000,96.101976000,2.863919000,98.965895000,-1.034105000,0,0,0
451,local_costmap,49.102000000,49.102000000,49.105000000,0.000000000,100.000000000,99.054167000,2.255510000,101.309677000,1.309677000,0,0,0
452,local_costmap,49.202000000,49.202000000,49.204000000,0.000000000,100.000000000,103.103260000,2.490954000,105.594214000,5.594214000,0,0,0
453,local_costmap,49.302000000,49.302000000,49.302000000,0.000000000,100.000000000,103.840657000,2.390582000,106.231239000,6.231239000,0,0,0
454,local_costmap,49.402000000,49.402000000,49.402000000,0.000000000,100.000000000,99.027607000,2.489633000,101.517240000,1.517240000,0,0,0
455,local_costmap,49.502000000,49.502000000,49.504000000,0.000000000,100.000000000,100.791440000,2.335962000,103.127402000,3.127402000,0,0,0
456,local_costmap,49.603000000,49.603000000,49.603000000,0.000000000,100.000000000,97.013190000,2.181744000,99.194934000,-0.805066000,0,0,0
457,local_costmap,49.702000000,49.702000000,49.704000000,0.000000000,100.000000000,95.774867000,2.525104000,98.299971000,-1.700029000,0,0,0
458,local_costmap,49.809000000,49.809000000,49.810000000,0.000000000,100.000000000,105.470716000,2.323889000,107.794605000,7.794605000,0,0,0
459,local_costmap,49.902000000,49.902000000,49.902000000,0.000000000,100.000000000,90.672763000,2.357041000,93.029804000,-6.970196000,0,0,0
460,local_costmap,50.002000000,50.002000000,50.002000000,0.000000000,100.000000000,98.778275000,2.265587000,101.043862000,1.043862000,0,0,0
461,local_costmap,50.103000000,50.103000000,50.103000000,0.000000000,100.000000000,97.636569000,2.235100000,99.871669000,-0.128331000,0,0,0
462,local_costmap,50.205000000,50.205000000,50.205000000,0.000000000,100.000000000,104.263515000,2.323442000,106.586957000,6.586957000,0,0,0
463,local_costmap,50.302000000,50.302000000,50.302000000,0.000000000,100.000000000,91.528696000,2.265673000,93.794369000,-6.205631000,0,0,0
464,local_costmap,50.402000000,50.402000000,50.402000000,0.000000000,100.000000000,102.248181000,2.147549000,104.395730000,4.395730000,0,0,0
465,local_costmap,50.502000000,50.502000000,50.508000000,0.000000000,100.000000000,100.767224000,5.126699000,105.893923000,5.893923000,0,0,0
466,local_costmap,50.602000000,50.602000000,50.609000000,0.000000000,100.000000000,93.208847000,6.276290000,99.485137000,-0.514863000,0,0,0
467,local_costmap,50.702000000,50.702000000,50.702000000,0.000000000,100.000000000,98.682481000,2.041675000,100.724156000,0.724156000,0,0,0
468,local_costmap,50.802000000,50.802000000,50.803000000,0.000000000,100.000000000,98.339683000,2.576003000,100.915686000,0.915686000,0,0,0
469,local_costmap,50.902000000,50.902000000,50.905000000,0.000000000,100.000000000,102.668714000,2.250408000,104.919122000,4.919122000,0,0,0
470,local_costmap,51.003000000,51.003000000,51.005000000,0.000000000,100.000000000,96.118257000,2.366820000,98.485077000,-1.514923000,0,0,0
471,local_costmap,51.102000000,51.102000000,51.102000000,0.000000000,100.000000000,97.800410000,1.925448000,99.725858000,-0.274142000,0,0,0
472,local_costmap,51.202000000,51.202000000,51.205000000,0.000000000,100.000000000,108.152438000,2.328226000,110.480664000,10.480664000,0,0,0
473,local_costmap,51.302000000,51.302000000,51.302000000,0.000000000,100.000000000,105.063848000,2.087395000,107.151243000,7.151243000,0,0,0
474,local_costmap,51.403000000,51.403000000,51.405000000,0.000000000,100.000000000,95.426788000,2.060886000,97.487674000,-2.512326000,0,0,0
475,local_costmap,51.502000000,51.502000000,51.502000000,0.000000000,100.000000000,92.915719000,1.960909000,94.876628000,-5.123372000,0,0,0
476,local_costmap,51.602000000,51.602000000,51.605000000,0.000000000,100.000000000,101.286361000,2.558292000,103.844653000,3.844653000,0,0,0
477,local_costmap,51.703000000,51.703000000,51.706000000,0.000000000,100.000000000,98.731031000,2.476486000,101.207517000,1.207517000,0,0,0
478,local_costmap,51.803000000,51.803000000,51.804000000,0.000000000,100.000000000,95.179485000,2.230906000,97.410391000,-2.589609000,0,0,0
479,local_costmap,51.902000000,51.902000000,51.905000000,0.000000000,100.000000000,100.707133000,2.610083000,103.317216000,3.317216000,0,0,0
480,local_costmap,52.002000000,52.002000000,52.004000000,0.000000000,100.000000000,100.331711000,2.019559000,102.351270000,2.351270000,0,0,0
481,local_costmap,52.103000000,52.103000000,52.103000000,0.000000000,100.000000000,103.337669000,2.311835000,105.649504000,5.649504000,0,0,0
482,local_costmap,52.202000000,52.202000000,52.205000000,0.000000000,100.000000000,94.085589000,3.070941000,97.156530000,-2.843470000,0,0,0
483,local_costmap,52.302000000,52.302000000,52.302000000,0.000000000,100.000000000,94.838030000,2.279456000,97.117486000,-2.882514000,0,0,0
484,local_costmap,52.403000000,52.403000000,52.403000000,0.000000000,100.000000000,97.101338000,2.117500000,99.218838000,-0.781162000,0,0,0
485,local_costmap,52.502000000,52.502000000,52.502000000,0.000000000,100.000000000,95.699988000,2.199954000,97.899942000,-2.100058000,0,0,0
486,local_costmap,52.605000000,52.605000000,52.605000000,0.000000000,100.000000000,101.697887000,2.209672000,103.907559000,3.907559000,0,0,0
487,local_costmap,52.704000000,52.704000000,52.704000000,0.000000000,100.000000000,102.001290000,1.889424000,103.890714000,3.890714000,0,0,0
488,local_costmap,52.802000000,52.802000000,52.803000000,0.000000000,100.000000000,96.721023000,2.007807000,98.728830000,-1.271170000,0,0,0
489,local_costmap,52.902000000,52.902000000,52.902000000,0.000000000,100.000000000,95.317423000,2.163210000,97.480633000,-2.519367000,0,0,0
490,local_costmap,53.002000000,53.002000000,53.002000000,0.000000000,100.000000000,101.458052000,1.927874000,103.385926000,3.385926000,0,0,0
491,local_costmap,53.102000000,53.102000000,53.102000000,0.000000000,100.000000000,99.105076000,1.899142000,101.004218000,1.004218000,0,0,0
492,local_costmap,53.202000000,53.202000000,53.202000000,0.000000000,100.000000000,95.204405000,2.287509000,97.491914000,-2.508086000,0,0,0
493,local_costmap,53.303000000,53.303000000,53.303000000,0.000000000,100.000000000,101.855263000,2.171664000,104.026927000,4.026927000,0,0,0
494,local_costmap,53.403000000,53.403000000,53.403000000,0.000000000,100.000000000,95.682081000,2.218550000,97.900631000,-2.099369000,0,0,0
495,local_costmap,53.502000000,53.502000000,53.504000000,0.000000000,100.000000000,105.610262000,2.221200000,107.831462000,7.831462000,0,0,0
496,local_costmap,53.602000000,53.602000000,53.605000000,0.000000000,100.000000000,97.399914000,2.437827000,99.837741000,-0.162259000,0,0,0
497,local_costmap,53.702000000,53.702000000,53.704000000,0.000000000,100.000000000,103.669482000,2.040353000,105.709835000,5.709835000,0,0,0
498,local_costmap,53.802000000,53.802000000,53.805000000,0.000000000,100.000000000,95.526720000,2.294716000,97.821436000,-2.178564000,0,0,0
499,local_costmap,53.904000000,53.904000000,53.911000000,0.000000000,100.000000000,112.782622000,6.415761000,119.198383000,19.198383000,0,0,0
500,local_costmap,54.002000000,54.002000000,54.007000000,0.000000000,100.000000000,94.008161000,4.044708000,98.052869000,-1.947131000,0,0,0
501,local_costmap,54.105000000,54.105000000,54.109000000,0.000000000,100.000000000,104.109979000,2.682992000,106.792971000,6.792971000,0,0,0
502,local_costmap,54.203000000,54.203000000,54.207000000,0.000000000,100.000000000,89.672319000,2.864333000,92.536652000,-7.463348000,0,0,0
503,local_costmap,54.302000000,54.302000000,54.304000000,0.000000000,100.000000000,96.182667000,1.940986000,98.123653000,-1.876347000,0,0,0
504,local_costmap,54.402000000,54.402000000,54.409000000,0.000000000,100.000000000,98.809304000,5.707642000,104.516946000,4.516946000,0,0,0
505,local_costmap,54.502000000,54.502000000,54.505000000,0.000000000,100.000000000,93.584160000,2.292980000,95.877140000,-4.122860000,0,0,0
506,local_costmap,54.602000000,54.602000000,54.606000000,0.000000000,100.000000000,100.393852000,3.845423000,104.239275000,4.239275000,0,0,0
507,local_costmap,54.702000000,54.702000000,54.705000000,0.000000000,100.000000000,103.342663000,2.576283000,105.918946000,5.918946000,0,0,0
508,local_costmap,54.802000000,54.802000000,54.802000000,0.000000000,100.000000000,101.754275000,2.224202000,103.978477000,3.978477000,0,0,0
509,local_costmap,54.902000000,54.902000000,54.904000000,0.000000000,100.000000000,96.961201000,1.893517000,98.854718000,-1.145282000,0,0,0
510,local_costmap,55.003000000,55.003000000,55.003000000,0.000000000,100.000000000,103.385396000,2.047788000,105.433184000,5.433184000,0,0,0
511,local_costmap,55.103000000,55.103000000,55.104000000,0.000000000,100.000000000,97.345778000,1.919122000,99.264900000,-0.735100000,0,0,0
512,local_costmap,55.202000000,55.202000000,55.203000000,0.000000000,100.000000000,104.169535000,2.222583000,106.392118000,6.392118000,0,0,0
513,local_costmap,55.302000000,55.302000000,55.302000000,0.000000000,100.000000000,92.051946000,1.909111000,93.961057000,-6.038943000,0,0,0
514,local_costmap,55.402000000,55.402000000,55.402000000,0.000000000,100.000000000,102.620797000,2.183896000,104.804693000,4.804693000,0,0,0
515,local_costmap,55.502000000,55.502000000,55.508000000,0.000000000,100.000000000,92.580230000,7.056440000,99.636670000,-0.363330000,0,0,0
516,local_costmap,55.603000000,55.603000000,55.603000000,0.000000000,100.000000000,96.500804000,2.015033000,98.515837000,-1.484163000,0,0,0
517,local_costmap,55.702000000,55.702000000,55.705000000,0.000000000,100.000000000,94.096561000,3.468694000,97.565255000,-2.434745000,0,0,0
518,local_costmap,55.802000000,55.802000000,55.804000000,0.000000000,100.000000000,96.269490000,2.378064000,98.647554000,-1.352446000,0,0,0
519,local_costmap,55.902000000,55.902000000,55.908000000,0.000000000,100.000000000,98.911930000,5.768820000,104.680750000,4.680750000,0,0,0
520,local_costmap,56.002000000,56.002000000,56.009000000,0.000000000,100.000000000,94.164076000,6.544484000,100.708560000,0.708560000,0,0,0
521,local_costmap,56.102000000,56.102000000,56.102000000,0.000000000,100.000000000,116.687038000,2.063668000,118.750706000,18.750706000,0,0,0
522,local_costmap,56.202000000,56.202000000,56.202000000,0.000000000,100.000000000,106.915819000,2.506320000,109.422139000,9.422139000,0,0,0
523,local_costmap,56.303000000,56.303000000,56.303000000,0.000000000,100.000000000,116.367838000,2.462901000,118.830739000,18.830739000,0,0,0
524,local_costmap,56.402000000,56.402000000,56.408000000,0.000000000,100.000000000,119.432082000,4.312246000,123.744328000,23.744328000,0,0,0
525,local_costmap,56.502000000,56.502000000,56.508000000,0.000000000,100.000000000,86.110292000,4.436914000,90.547206000,-9.452794000,0,0,0
526,local_costmap,56.602000000,56.602000000,56.605000000,0.000000000,100.000000000,100.256887000,2.628461000,102.885348000,2.885348000,0,0,0
527,local_costmap,56.702000000,56.702000000,56.702000000,0.000000000,100.000000000,112.057695000,1.941013000,113.998708000,13.998708000,0,0,0
528,local_costmap,56.802000000,56.802000000,56.805000000,0.000000000,100.000000000,96.770136000,2.411330000,99.181466000,-0.818534000,0,0,0
529,local_costmap,56.902000000,56.902000000,56.904000000,0.000000000,100.000000000,98.768496000,2.202640000,100.971136000,0.971136000,0,0,0
530,local_costmap,57.002000000,57.002000000,57.005000000,0.000000000,100.000000000,96.381750000,1.951716000,98.333466000,-1.666534000,0,0,0
531,local_costmap,57.108000000,57.108000000,57.115000000,0.000000000,100.000000000,111.929689000,9.173302000,121.102991000,21.102991000,0,0,0
532,local_costmap,57.202000000,57.202000000,57.202000000,0.000000000,100.000000000,80.548858000,2.226760000,82.775618000,-17.224382000,0,0,0
533,local_costmap,57.302000000,57.302000000,57.305000000,0.000000000,100.000000000,98.970409000,2.176357000,101.146766000,1.146766000,0,0,0
534,local_costmap,57.402000000,57.402000000,57.405000000,0.000000000,100.000000000,104.329321000,2.525141000,106.854462000,6.854462000,0,0,0
535,local_costmap,57.502000000,57.502000000,57.503000000,0.000000000,100.000000000,103.048655000,2.244933000,105.293588000,5.293588000,0,0,0
536,local_costmap,57.602000000,57.602000000,57.605000000,0.000000000,100.000000000,93.101232000,2.271533000,95.372765000,-4.627235000,0,0,0
537,local_costmap,57.711000000,57.711000000,57.713000000,0.000000000,100.000000000,110.579586000,2.283461000,112.863047000,12.863047000,0,0,0
538,local_costmap,57.804000000,57.804000000,57.808000000,0.000000000,100.000000000,88.335791000,3.170901000,91.506692000,-8.493308000,0,0,0
539,local_costmap,57.902000000,57.902000000,57.904000000,0.000000000,100.000000000,89.545597000,2.425374000,91.970971000,-8.029029000,0,0,0
540,local_costmap,58.002000000,58.002000000,58.005000000,0.000000000,100.000000000,101.436163000,2.872138000,104.308301000,4.308301000,0,0,0
541,local_costmap,58.102000000,58.102000000,58.102000000,0.000000000,100.000000000,104.179660000,2.158882000,106.338542000,6.338542000,0,0,0
542,local_costmap,58.202000000,58.202000000,58.203000000,0.000000000,100.000000000,107.581748000,2.550001000,110.131749000,10.131749000,0,0,0
543,local_costmap,58.303000000,58.303000000,58.307000000,0.000000000,100.000000000,99.106667000,3.818567000,102.925234000,2.925234000,0,0,0
544,local_costmap,58.403000000,58.403000000,58.403000000,0.000000000,100.000000000,106.196340000,1.986456000,108.182796000,8.182796000,0,0,0
545,local_costmap,58.502000000,58.502000000,58.506000000,0.000000000,100.000000000,102.017562000,3.052831000,105.070393000,5.070393000,0,0,0
546,local_costmap,58.603000000,58.603000000,58.608000000,0.000000000,100.000000000,100.801736000,5.363235000,106.164971000,6.164971000,0,0,0
547,local_costmap,58.703000000,58.703000000,58.703000000,0.000000000,100.000000000,99.988760000,1.925146000,101.913906000,1.913906000,0,0,0
548,local_costmap,58.807000000,58.807000000,58.814000000,0.000000000,100.000000000,108.553389000,6.103628000,114.657017000,14.657017000,0,0,0
549,local_costmap,58.902000000,58.902000000,58.919000000,0.000000000,100.000000000,83.267453000,16.494237000,99.761690000,-0.238310000,0,0,0
550,local_costmap,59.002000000,59.002000000,59.002000000,0.000000000,100.000000000,79.406914000,1.882835000,81.289749000,-18.710251000,0,0,0
551,local_costmap,59.102000000,59.102000000,59.102000000,0.000000000,100.000000000,96.749059000,1.912303000,98.661362000,-1.338638000,0,0,0
552,local_costmap,59.202000000,59.202000000,59.202000000,0.000000000,100.000000000,96.851669000,1.952061000,98.803730000,-1.196270000,0,0,0
553,local_costmap,59.303000000,59.303000000,59.303000000,0.000000000,100.000000000,101.608988000,1.908226000,103.517214000,3.517214000,0,0,0
554,local_costmap,59.402000000,59.402000000,59.402000000,0.000000000,100.000000000,101.893378000,2.370176000,104.263554000,4.263554000,0,0,0
555,local_costmap,59.502000000,59.502000000,59.502000000,0.000000000,100.000000000,94.919522000,1.835730000,96.755252000,-3.244748000,0,0,0
556,local_costmap,59.602000000,59.602000000,59.602000000,0.000000000,100.000000000,100.402097000,2.284635000,102.686732000,2.686732000,0,0,0
557,local_costmap,59.705000000,59.705000000,59.717000000,0.000000000,100.000000000,99.364410000,12.045384000,111.409794000,11.409794000,0,0,0
558,local_costmap,59.817000000,59.817000000,59.817000000,0.000000000,100.000000000,102.011348000,2.225005000,104.236353000,4.236353000,0,0,0
559,local_costmap,59.903000000,59.903000000,59.903000000,0.000000000,100.000000000,86.424221000,2.271137000,88.695358000,-11.304642000,0,0,0
560,local_costmap,60.002000000,60.002000000,60.002000000,0.000000000,100.000000000,95.526777000,2.068008000,97.594785000,-2.405215000,0,0,0
561,local_costmap,60.102000000,60.102000000,60.103000000,0.000000000,100.000000000,98.080756000,1.897434000,99.978190000,-0.021810000,0,0,0
562,local_costmap,60.202000000,60.202000000,60.206000000,0.000000000,100.000000000,108.064417000,3.356627000,111.421044000,11.421044000,0,0,0
563,local_costmap,60.303000000,60.303000000,60.306000000,0.000000000,100.000000000,96.821224000,2.918765000,99.739989000,-0.260011000,0,0,0
564,local_costmap,60.402000000,60.402000000,60.402000000,0.000000000,100.000000000,92.169925000,1.879523000,94.049448000,-5.950552000,0,0,0
565,local_costmap,60.503000000,60.503000000,60.503000000,0.000000000,100.000000000,101.544560000,2.239205000,103.783765000,3.783765000,0,0,0
566,local_costmap,60.602000000,60.602000000,60.604000000,0.000000000,100.000000000,96.649852000,1.927113000,98.576965000,-1.423035000,0,0,0
567,local_costmap,60.702000000,60.702000000,60.704000000,0.000000000,100.000000000,98.941825000,2.077871000,101.019696000,1.019696000,0,0,0
568,local_costmap,60.803000000,60.803000000,60.805000000,0.000000000,100.000000000,97.455652000,2.351947000,99.807599000,-0.192401000,0,0,0
569,local_costmap,60.902000000,60.902000000,60.904000000,0.000000000,100.000000000,102.619567000,2.362145000,104.981712000,4.981712000,0,0,0
570,local_costmap,61.002000000,61.002000000,61.002000000,0.000000000,100.000000000,97.554266000,2.529850000,100.084116000,0.084116000,0,0,0
571,local_costmap,61.103000000,61.103000000,61.103000000,0.000000000,100.000000000,96.235373000,2.423759000,98.659132000,-1.340868000,0,0,0
572,local_costmap,61.202000000,61.202000000,61.202000000,0.000000000,100.000000000,100.652734000,2.205504000,102.858238000,2.858238000,0,0,0
573,local_costmap,61.302000000,61.302000000,61.305000000,0.000000000,100.000000000,97.684065000,2.391199000,100.075264000,0.075264000,0,0,0
574,local_costmap,61.402000000,61.402000000,61.405000000,0.000000000,100.000000000,97.048173000,2.272789000,99.320962000,-0.679038000,0,0,0
575,local_costmap,61.502000000,61.502000000,61.502000000,0.000000000,100.000000000,99.462845000,1.966066000,101.428911000,1.428911000,0,0,0
576,local_costmap,61.602000000,61.602000000,61.602000000,0.000000000,100.000000000,111.170462000,4.134168000,115.304630000,15.304630000,0,0,0
577,local_costmap,61.702000000,61.702000000,61.702000000,0.000000000,100.000000000,96.215558000,1.971063000,98.186621000,-1.813379000,0,0,0
578,local_costmap,61.803000000,61.803000000,61.803000000,0.000000000,100.000000000,100.654811000,2.059447000,102.714258000,2.714258000,0,0,0
579,local_costmap,61.902000000,61.902000000,61.903000000,0.000000000,100.000000000,107.466657000,2.694597000,110.161254000,10.161254000,0,0,0
580,local_costmap,62.003000000,62.003000000,62.003000000,0.000000000,100.000000000,99.415578000,1.940592000,101.356170000,1.356170000,0,0,0
581,local_costmap,62.102000000,62.102000000,62.102000000,0.000000000,100.000000000,98.745385000,1.946340000,100.691725000,0.691725000,0,0,0
582,local_costmap,62.205000000,62.205000000,62.205000000,0.000000000,100.000000000,100.533654000,2.362610000,102.896264000,2.896264000,0,0,0
583,local_costmap,62.302000000,62.302000000,62.302000000,0.000000000,100.000000000,105.418644000,1.953511000,107.372155000,7.372155000,0,0,0
584,local_costmap,62.402000000,62.402000000,62.402000000,0.000000000,100.000000000,98.013410000,1.913414000,99.926824000,-0.073176000,0,0,0
585,local_costmap,62.503000000,62.503000000,62.503000000,0.000000000,100.000000000,106.391670000,2.279115000,108.670785000,8.670785000,0,0,0
586,local_costmap,62.603000000,62.603000000,62.603000000,0.000000000,100.000000000,96.159043000,2.288021000,98.447064000,-1.552936000,0,0,0
587,local_costmap,62.703000000,62.703000000,62.703000000,0.000000000,100.000000000,117.419644000,1.883671000,119.303315000,19.303315000,0,0,0
588,local_costmap,62.802000000,62.802000000,62.802000000,0.000000000,100.000000000,99.223225000,2.209698000,101.432923000,1.432923000,0,0,0
589,local_costmap,62.902000000,62.902000000,62.910000000,0.000000000,100.000000000,99.317431000,7.998945000,107.316376000,7.316376000,0,0,0
590,local_costmap,63.002000000,63.002000000,63.008000000,0.000000000,100.000000000,87.232994000,5.264740000,92.497734000,-7.502266000,0,0,0
591,local_costmap,63.102000000,63.102000000,63.102000000,0.000000000,100.000000000,92.937741000,2.236698000,95.174439000,-4.825561000,0,0,0
592,local_costmap,63.202000000,63.202000000,63.205000000,0.000000000,100.000000000,101.104369000,3.226093000,104.330462000,4.330462000,0,0,0
593,local_costmap,63.302000000,63.302000000,63.303000000,0.000000000,100.000000000,96.123023000,2.012455000,98.135478000,-1.864522000,0,0,0
594,local_costmap,63.402000000,63.402000000,63.402000000,0.000000000,100.000000000,94.916462000,2.398030000,97.314492000,-2.685508000,0,0,0
595,local_costmap,63.503000000,63.503000000,63.503000000,0.000000000,100.000000000,100.810014000,2.311185000,103.121199000,3.121199000,0,0,0
596,local_costmap,63.602000000,63.602000000,63.604000000,0.000000000,100.000000000,96.955988000,2.266703000,99.222691000,-0.777309000,0,0,0
597,local_costmap,63.703000000,63.703000000,63.705000000,0.000000000,100.000000000,98.753418000,2.290311000,101.043729000,1.043729000,0,0,0
598,local_costmap,63.802000000,63.802000000,63.804000000,0.000000000,100.000000000,95.602748000,2.407508000,98.010256000,-1.989744000,0,0,0
599,local_costmap,63.902000000,63.902000000,63.902000000,0.000000000,100.000000000,99.710879000,2.201451000,101.912330000,1.912330000,0,0,0
600,local_costmap,64.002000000,64.002000000,64.005000000,0.000000000,100.000000000,108.750392000,3.137428000,111.887820000,11.887820000,0,0,0
601,local_costmap,64.102000000,64.102000000,64.102000000,0.000000000,100.000000000,94.844789000,2.235162000,97.079951000,-2.920049000,0,0,0
602,local_costmap,64.202000000,64.202000000,64.202000000,0.000000000,100.000000000,104.082204000,1.930410000,106.012614000,6.012614000,0,0,0
603,local_costmap,64.302000000,64.302000000,64.303000000,0.000000000,100.000000000,98.125541000,2.294883000,100.420424000,0.420424000,0,0,0
604,local_costmap,64.402000000,64.402000000,64.403000000,0.000000000,100.000000000,100.873115000,1.961946000,102.835061000,2.835061000,0,0,0
605,local_costmap,64.504000000,64.504000000,64.505000000,0.000000000,100.000000000,99.327108000,2.100830000,101.427938000,1.427938000,0,0,0
606,local_costmap,64.603000000,64.603000000,64.605000000,0.000000000,100.000000000,88.577953000,1.882276000,90.460229000,-9.539771000,0,0,0
607,local_costmap,64.702000000,64.702000000,64.704000000,0.000000000,100.000000000,94.710589000,2.157402000,96.867991000,-3.132009000,0,0,0
608,local_costmap,64.802000000,64.802000000,64.805000000,0.000000000,100.000000000,96.740264000,2.213322000,98.953586000,-1.046414000,0,0,0
609,local_costmap,64.902000000,64.902000000,64.904000000,0.000000000,100.000000000,96.993055000,2.327549000,99.320604000,-0.679396000,0,0,0
610,local_costmap,65.002000000,65.002000000,65.002000000,0.000000000,100.000000000,99.566167000,2.166267000,101.732434000,1.732434000,0,0,0
611,local_costmap,65.104000000,65.104000000,65.104000000,0.000000000,100.000000000,102.940965000,2.018481000,104.959446000,4.959446000,0,0,0
612,local_costmap,65.202000000,65.202000000,65.204000000,0.000000000,100.000000000,96.411283000,2.028234000,98.439517000,-1.560483000,0,0,0
613,local_costmap,65.303000000,65.303000000,65.305000000,0.000000000,100.000000000,95.984906000,2.079886000,98.064792000,-1.935208000,0,0,0
614,local_costmap,65.402000000,65.402000000,65.402000000,0.000000000,100.000000000,99.374526000,2.228844000,101.603370000,1.603370000,0,0,0
615,local_costmap,65.502000000,65.502000000,65.502000000,0.000000000,100.000000000,98.929225000,2.180112000,101.109337000,1.109337000,0,0,0
616,local_costmap,65.602000000,65.602000000,65.602000000,0.000000000,100.000000000,100.480482000,2.574307000,103.054789000,3.054789000,0,0,0
617,local_costmap,65.702000000,65.702000000,65.702000000,0.000000000,100.000000000,95.144550000,2.221892000,97.366442000,-2.633558000,0,0,0
618,local_costmap,65.802000000,65.802000000,65.802000000,0.000000000,100.000000000,98.333667000,2.209203000,100.542870000,0.542870000,0,0,0
619,local_costmap,65.902000000,65.902000000,65.908000000,0.000000000,100.000000000,106.311477000,3.507338000,109.818815000,9.818815000,0,0,0
620,local_costmap,66.003000000,66.003000000,66.008000000,0.000000000,100.000000000,89.987411000,5.585180000,95.572591000,-4.427409000,0,0,0
621,local_costmap,66.103000000,66.103000000,66.106000000,0.000000000,100.000000000,95.140809000,2.229523000,97.370332000,-2.629668000,0,0,0
622,local_costmap,66.202000000,66.202000000,66.204000000,0.000000000,100.000000000,106.800352000,2.190212000,108.990564000,8.990564000,0,0,0
623,local_costmap,66.302000000,66.302000000,66.305000000,0.000000000,100.000000000,98.182118000,2.320763000,100.502881000,0.502881000,0,0,0
624,local_costmap,66.402000000,66.402000000,66.405000000,0.000000000,100.000000000,102.929022000,2.349102000,105.278124000,5.278124000,0,0,0
625,local_costmap,66.502000000,66.502000000,66.505000000,0.000000000,100.000000000,99.457895000,2.291845000,101.749740000,1.749740000,0,0,0
626,local_costmap,66.603000000,66.603000000,66.603000000,0.000000000,100.000000000,109.674421000,1.925726000,111.600147000,11.600147000,0,0,0
627,local_costmap,66.702000000,66.702000000,66.702000000,0.000000000,100.000000000,83.439377000,1.938640000,85.378017000,-14.621983000,0,0,0
628,local_costmap,66.802000000,66.802000000,66.805000000,0.000000000,100.000000000,100.884329000,2.582447000,103.466776000,3.466776000,0,0,0
629,local_costmap,66.902000000,66.902000000,66.902000000,0.000000000,100.000000000,97.275366000,1.937749000,99.213115000,-0.786885000,0,0,0
630,local_costmap,67.002000000,67.002000000,67.002000000,0.000000000,100.000000000,93.733262000,1.853653000,95.586915000,-4.413085000,0,0,0
631,local_costmap,67.102000000,67.102000000,67.102000000,0.000000000,100.000000000,103.396450000,2.384008000,105.780458000,5.780458000,0,0,0
632,local_costmap,67.202000000,67.202000000,67.202000000,0.000000000,100.000000000,95.967309000,2.158197000,98.125506000,-1.874494000,0,0,0
633,local_costmap,67.302000000,67.302000000,67.303000000,0.000000000,100.000000000,93.493352000,2.254175000,95.747527000,-4.252473000,0,0,0
634,local_costmap,67.404000000,67.404000000,67.404000000,0.000000000,100.000000000,106.911999000,2.016737000,108.928736000,8.928736000,0,0,0
635,local_costmap,67.502000000,67.502000000,67.503000000,0.000000000,100.000000000,95.341368000,2.404673000,97.746041000,-2.253959000,0,0,0
636,local_costmap,67.602000000,67.602000000,67.602000000,0.000000000,100.000000000,93.937321000,2.341722000,96.279043000,-3.720957000,0,0,0
637,local_costmap,67.702000000,67.702000000,67.702000000,0.000000000,100.000000000,97.453966000,3.052067000,100.506033000,0.506033000,0,0,0
638,local_costmap,67.802000000,67.802000000,67.802000000,0.000000000,100.000000000,95.841449000,2.015173000,97.856622000,-2.143378000,0,0,0
639,local_costmap,67.904000000,67.904000000,67.904000000,0.000000000,100.000000000,100.031605000,2.017977000,102.049582000,2.049582000,0,0,0
640,local_costmap,68.002000000,68.002000000,68.002000000,0.000000000,100.000000000,97.074281000,2.261534000,99.335815000,-0.664185000,0,0,0
641,local_costmap,68.104000000,68.104000000,68.105000000,0.000000000,100.000000000,101.331642000,2.282411000,103.614053000,3.614053000,0,0,0
642,local_costmap,68.202000000,68.202000000,68.202000000,0.000000000,100.000000000,109.402078000,2.245683000,111.647761000,11.647761000,0,0,0
643,local_costmap,68.302000000,68.302000000,68.304000000,0.000000000,100.000000000,90.340146000,2.147168000,92.487314000,-7.512686000,0,0,0
644,local_costmap,68.402000000,68.402000000,68.402000000,0.000000000,100.000000000,98.857131000,2.203556000,101.060687000,1.060687000,0,0,0
645,local_costmap,68.505000000,68.505000000,68.505000000,0.000000000,100.000000000,107.137694000,2.255377000,109.393071000,9.393071000,0,0,0
646,local_costmap,68.602000000,68.602000000,68.605000000,0.000000000,100.000000000,88.146913000,3.424429000,91.571342000,-8.428658000,0,0,0
647,local_costmap,68.702000000,68.702000000,68.704000000,0.000000000,100.000000000,94.713506000,2.167912000,96.881418000,-3.118582000,0,0,0
648,local_costmap,68.803000000,68.803000000,68.803000000,0.000000000,100.000000000,104.994300000,1.868595000,106.862895000,6.862895000,0,0,0
649,local_costmap,68.903000000,68.903000000,68.905000000,0.000000000,100.000000000,100.179852000,2.249423000,102.429275000,2.429275000,0,0,0
650,local_costmap,69.003000000,69.003000000,69.005000000,0.000000000,100.000000000,93.155054000,2.246793000,95.401847000,-4.598153000,0,0,0
651,local_costmap,69.102000000,69.102000000,69.104000000,0.000000000,100.000000000,98.115932000,2.389972000,100.505904000,0.505904000,0,0,0
652,local_costmap,69.203000000,69.203000000,69.205000000,0.000000000,100.000000000,102.717295000,2.325485000,105.042780000,5.042780000,0,0,0
653,local_costmap,69.302000000,69.302000000,69.305000000,0.000000000,100.000000000,104.460843000,2.427323000,106.888166000,6.888166000,0,0,0
654,local_costmap,69.404000000,69.404000000,69.406000000,0.000000000,100.000000000,95.598456000,1.897717000,97.496173000,-2.503827000,0,0,0
655,local_costmap,69.502000000,69.502000000,69.503000000,0.000000000,100.000000000,94.716753000,2.429028000,97.145781000,-2.854219000,0,0,0
656,local_costmap,69.602000000,69.602000000,69.604000000,0.000000000,100.000000000,106.836199000,2.478749000,109.314948000,9.314948000,0,0,0
657,local_costmap,69.702000000,69.702000000,69.704000000,0.000000000,100.000000000,93.557538000,2.571311000,96.128849000,-3.871151000,0,0,0
658,local_costmap,69.802000000,69.802000000,69.805000000,0.000000000,100.000000000,103.658422000,2.126715000,105.785137000,5.785137000,0,0,0
659,local_costmap,69.902000000,69.902000000,69.906000000,0.000000000,100.000000000,95.254200000,3.468136000,98.722336000,-1.277664000,0,0,0
660,local_costmap,70.002000000,70.002000000,70.005000000,0.000000000,100.000000000,98.446253000,2.389151000,100.835404000,0.835404000,0,0,0
661,local_costmap,70.102000000,70.102000000,70.105000000,0.000000000,100.000000000,100.895420000,1.939378000,102.834798000,2.834798000,0,0,0
662,local_costmap,70.202000000,70.202000000,70.204000000,0.000000000,100.000000000,92.860960000,1.929068000,94.790028000,-5.209972000,0,0,0
663,local_costmap,70.302000000,70.302000000,70.304000000,0.000000000,100.000000000,104.318942000,1.934546000,106.253488000,6.253488000,0,0,0
664,local_costmap,70.405000000,70.405000000,70.407000000,0.000000000,100.000000000,105.009967000,1.926646000,106.936613000,6.936613000,0,0,0
665,local_costmap,70.503000000,70.503000000,70.506000000,0.000000000,100.000000000,101.712496000,2.003520000,103.716016000,3.716016000,0,0,0
666,local_costmap,70.602000000,70.602000000,70.604000000,0.000000000,100.000000000,90.229940000,1.890158000,92.120098000,-7.879902000,0,0,0
667,local_costmap,70.702000000,70.702000000,70.705000000,0.000000000,100.000000000,100.297519000,1.899002000,102.196521000,2.196521000,0,0,0
668,local_costmap,70.802000000,70.802000000,70.805000000,0.000000000,100.000000000,101.885620000,1.900543000,103.786163000,3.786163000,0,0,0
669,local_costmap,70.902000000,70.902000000,70.904000000,0.000000000,100.000000000,91.814610000,1.889362000,93.703972000,-6.296028000,0,0,0
670,local_costmap,71.002000000,71.002000000,71.002000000,0.000000000,100.000000000,109.107345000,2.155041000,111.262386000,11.262386000,0,0,0
671,local_costmap,71.103000000,71.103000000,71.103000000,0.000000000,100.000000000,100.098877000,2.201650000,102.300527000,2.300527000,0,0,0
672,local_costmap,71.202000000,71.202000000,71.204000000,0.000000000,100.000000000,109.732176000,2.087590000,111.819766000,11.819766000,0,0,0
673,local_costmap,71.302000000,71.302000000,71.302000000,0.000000000,100.000000000,90.660576000,2.181009000,92.841585000,-7.158415000,0,0,0
674,local_costmap,71.402000000,71.402000000,71.404000000,0.000000000,100.000000000,100.436806000,1.877312000,102.314118000,2.314118000,0,0,0
675,local_costmap,71.502000000,71.502000000,71.505000000,0.000000000,100.000000000,95.912008000,2.736175000,98.648183000,-1.351817000,0,0,0
676,local_costmap,71.602000000,71.602000000,71.605000000,0.000000000,100.000000000,107.810249000,2.254426000,110.064675000,10.064675000,0,0,0
677,local_costmap,71.702000000,71.702000000,71.702000000,0.000000000,100.000000000,97.886575000,2.061724000,99.948299000,-0.051701000,0,0,0
678,local_costmap,71.802000000,71.802000000,71.802000000,0.000000000,100.000000000,96.262112000,2.165201000,98.427313000,-1.572687000,0,0,0
679,local_costmap,71.903000000,71.903000000,71.903000000,0.000000000,100.000000000,100.946255000,2.406697000,103.352952000,3.352952000,0,0,0
680,local_costmap,72.002000000,72.002000000,72.002000000,0.000000000,100.000000000,101.896857000,1.924892000,103.821749000,3.821749000,0,0,0
681,local_costmap,72.102000000,72.102000000,72.102000000,0.000000000,100.000000000,93.465940000,2.140534000,95.606474000,-4.393526000,0,0,0
682,local_costmap,72.207000000,72.207000000,72.210000000,0.000000000,100.000000000,104.530625000,2.526676000,107.057301000,7.057301000,0,0,0
683,local_costmap,72.302000000,72.302000000,72.306000000,0.000000000,100.000000000,86.228303000,3.744098000,89.972401000,-10.027599000,0,0,0
684,local_costmap,72.402000000,72.402000000,72.402000000,0.000000000,100.000000000,100.525644000,2.435466000,102.961110000,2.961110000,0,0,0
685,local_costmap,72.502000000,72.502000000,72.505000000,0.000000000,100.000000000,100.620503000,2.257766000,102.878269000,2.878269000,0,0,0
686,local_costmap,72.604000000,72.604000000,72.610000000,0.000000000,100.000000000,109.325078000,5.235836000,114.560914000,14.560914000,0,0,0
687,local_costmap,72.702000000,72.702000000,72.702000000,0.000000000,100.000000000,88.918441000,2.510447000,91.428888000,-8.571112000,0,0,0
688,local_costmap,72.802000000,72.802000000,72.802000000,0.000000000,100.000000000,100.082568000,2.292345000,102.374913000,2.374913000,0,0,0
689,local_costmap,72.903000000,72.903000000,72.903000000,0.000000000,100.000000000,87.351259000,2.488266000,89.839525000,-10.160475000,0,0,0
690,local_costmap,73.002000000,73.002000000,73.002000000,0.000000000,100.000000000,100.880599000,2.461197000,103.341796000,3.341796000,0,0,0
691,local_costmap,73.102000000,73.102000000,73.102000000,0.000000000,100.000000000,95.230868000,2.539962000,97.770830000,-2.229170000,0,0,0
692,local_costmap,73.203000000,73.203000000,73.205000000,0.000000000,100.000000000,97.417812000,2.393816000,99.811628000,-0.188372000,0,0,0
693,local_costmap,73.302000000,73.302000000,73.305000000,0.000000000,100.000000000,97.312308000,2.358502000,99.670810000,-0.329190000,0,0,0
694,local_costmap,73.402000000,73.402000000,73.405000000,0.000000000,100.000000000,112.830810000,2.443876000,115.274686000,15.274686000,0,0,0
695,local_costmap,73.502000000,73.502000000,73.505000000,0.000000000,100.000000000,94.216327000,2.576537000,96.792864000,-3.207136000,0,0,0
696,local_costmap,73.605000000,73.605000000,73.605000000,0.000000000,100.000000000,103.266313000,2.848211000,106.114524000,6.114524000,0,0,0
697,local_costmap,73.702000000,73.702000000,73.706000000,0.000000000,100.000000000,93.297866000,3.375729000,96.673595000,-3.326405000,0,0,0
698,local_costmap,73.804000000,73.804000000,73.806000000,0.000000000,100.000000000,101.018103000,2.433248000,103.451351000,3.451351000,0,0,0
699,local_costmap,73.902000000,73.902000000,73.906000000,0.000000000,100.000000000,97.120581000,3.636279000,100.756860000,0.756860000,0,0,0
700,local_costmap,74.003000000,74.003000000,74.006000000,0.000000000,100.000000000,105.280799000,2.014670000,107.295469000,7.295469000,0,0,0
701,local_costmap,74.103000000,74.103000000,74.110000000,0.000000000,100.000000000,99.027435000,4.995473000,104.022908000,4.022908000,0,0,0
702,local_costmap,74.202000000,74.202000000,74.212000000,0.000000000,100.000000000,85.391047000,8.947975000,94.339022000,-5.660978000,0,0,0
703,local_costmap,74.302000000,74.302000000,74.306000000,0.000000000,100.000000000,96.796282000,3.815717000,100.611999000,0.611999000,0,0,0
704,local_costmap,74.403000000,74.403000000,74.404000000,0.000000000,100.000000000,98.453490000,4.113285000,102.566775000,2.566775000,0,0,0
705,local_costmap,74.502000000,74.502000000,74.504000000,0.000000000,100.000000000,93.263675000,1.976912000,95.240587000,-4.759413000,0,0,0
706,local_costmap,74.602000000,74.602000000,74.602000000,0.000000000,100.000000000,90.834934000,2.006259000,92.841193000,-7.158807000,0,0,0
707,local_costmap,74.702000000,74.702000000,74.707000000,0.000000000,100.000000000,110.262865000,4.547726000,114.810591000,14.810591000,0,0,0
708,local_costmap,74.802000000,74.802000000,74.807000000,0.000000000,100.000000000,92.829036000,4.704359000,97.533395000,-2.466605000,0,0,0
709,local_costmap,74.902000000,74.902000000,74.902000000,0.000000000,100.000000000,91.739833000,2.408422000,94.148255000,-5.851745000,0,0,0
710,local_costmap,75.002000000,75.002000000,75.002000000,0.000000000,100.000000000,96.467472000,1.946946000,98.414418000,-1.585582000,0,0,0
711,local_costmap,75.102000000,75.102000000,75.107000000,0.000000000,100.000000000,104.941784000,2.707612000,107.649396000,7.649396000,0,0,0
712,local_costmap,75.202000000,75.202000000,75.206000000,0.000000000,100.000000000,103.507262000,3.011361000,106.518623000,6.518623000,0,0,0
713,local_costmap,75.302000000,75.302000000,75.303000000,0.000000000,100.000000000,98.604848000,2.457603000,101.062451000,1.062451000,0,0,0
714,local_costmap,75.402000000,75.402000000,75.402000000,0.000000000,100.000000000,93.368249000,2.341264000,95.709513000,-4.290487000,0,0,0
715,local_costmap,75.502000000,75.502000000,75.504000000,0.000000000,100.000000000,94.455837000,2.523582000,96.979419000,-3.020581000,0,0,0
716,local_costmap,75.602000000,75.602000000,75.602000000,0.000000000,100.000000000,97.010623000,2.179037000,99.189660000,-0.810340000,0,0,0
717,local_costmap,75.704000000,75.704000000,75.707000000,0.000000000,100.000000000,105.379335000,2.891461000,108.270796000,8.270796000,0,0,0
718,local_costmap,75.802000000,75.802000000,75.802000000,0.000000000,100.000000000,93.707079000,2.000363000,95.707442000,-4.292558000,0,0,0
719,local_costmap,75.903000000,75.903000000,75.906000000,0.000000000,100.000000000,102.462343000,2.218440000,104.680783000,4.680783000,0,0,0
720,local_costmap,76.002000000,76.002000000,76.004000000,0.000000000,100.000000000,100.712444000,2.195304000,102.907748000,2.907748000,0,0,0
721,local_costmap,76.104000000,76.104000000,76.104000000,0.000000000,100.000000000,110.456261000,2.064021000,112.520282000,12.520282000,0,0,0
722,local_costmap,76.202000000,76.202000000,76.205000000,0.000000000,100.000000000,99.966665000,2.750958000,102.717623000,2.717623000,0,0,0
723,local_costmap,76.302000000,76.302000000,76.306000000,0.000000000,100.000000000,94.409252000,2.882513000,97.291765000,-2.708235000,0,0,0
724,local_costmap,76.410000000,76.410000000,76.412000000,0.000000000,100.000000000,109.534364000,2.488884000,112.023248000,12.023248000,0,0,0
725,local_costmap,76.508000000,76.508000000,76.508000000,0.000000000,100.000000000,92.464683000,2.381434000,94.846117000,-5.153883000,0,0,0
726,local_costmap,76.609000000,76.609000000,76.609000000,0.000000000,100.000000000,99.435243000,2.435192000,101.870435000,1.870435000,0,0,0
727,local_costmap,76.703000000,76.703000000,76.703000000,0.000000000,100.000000000,91.467801000,2.400728000,93.868529000,-6.131471000,0,0,0
728,local_costmap,76.802000000,76.802000000,76.802000000,0.000000000,100.000000000,99.693021000,5.219094000,104.912115000,4.912115000,0,0,0
729,local_costmap,76.906000000,76.906000000,76.906000000,0.000000000,100.000000000,99.694143000,2.370100000,102.064243000,2.064243000,0,0,0
730,local_costmap,77.002000000,77.002000000,77.002000000,0.000000000,100.000000000,91.133538000,2.321791000,93.455329000,-6.544671000,0,0,0
731,local_costmap,77.103000000,77.103000000,77.103000000,0.000000000,100.000000000,105.213072000,3.360212000,108.573284000,8.573284000,0,0,0
732,local_costmap,77.202000000,77.202000000,77.202000000,0.000000000,100.000000000,91.096978000,2.396111000,93.493089000,-6.506911000,0,0,0
733,local_costmap,77.303000000,77.303000000,77.303000000,0.000000000,100.000000000,93.060238000,2.447007000,95.507245000,-4.492755000,0,0,0
734,local_costmap,77.405000000,77.405000000,77.405000000,0.000000000,100.000000000,109.727319000,3.237575000,112.964894000,12.964894000,0,0,0
735,local_costmap,77.503000000,77.503000000,77.503000000,0.000000000,100.000000000,99.132947000,2.067573000,101.200520000,1.200520000,0,0,0
736,local_costmap,77.602000000,77.602000000,77.602000000,0.000000000,100.000000000,95.593119000,1.951785000,97.544904000,-2.455096000,0,0,0
737,local_costmap,77.703000000,77.703000000,77.708000000,0.000000000,100.000000000,105.308464000,4.215123000,109.523587000,9.523587000,0,0,0
738,local_costmap,77.805000000,77.805000000,77.812000000,0.000000000,100.000000000,99.594009000,5.729460000,105.323469000,5.323469000,0,0,0
739,local_costmap,77.902000000,77.902000000,77.906000000,0.000000000,100.000000000,86.842757000,4.226244000,91.069001000,-8.930999000,0,0,0
740,local_costmap,78.004000000,78.004000000,78.007000000,0.000000000,100.000000000,98.905123000,2.412635000,101.317758000,1.317758000,0,0,0
741,local_costmap,78.110000000,78.110000000,78.118000000,0.000000000,100.000000000,115.312154000,5.972267000,121.284421000,21.284421000,0,0,0
742,local_costmap,78.202000000,78.202000000,78.206000000,0.000000000,100.000000000,86.180417000,3.879476000,90.059893000,-9.940107000,0,0,0
743,local_costmap,78.303000000,78.303000000,78.306000000,0.000000000,100.000000000,91.304265000,3.235532000,94.539797000,-5.460203000,0,0,0
744,local_costmap,78.407000000,78.407000000,78.407000000,0.000000000,100.000000000,113.289467000,2.702648000,115.992115000,15.992115000,0,0,0
745,local_costmap,78.503000000,78.503000000,78.503000000,0.000000000,100.000000000,91.628195000,2.018931000,93.647126000,-6.352874000,0,0,0
746,local_costmap,78.603000000,78.603000000,78.603000000,0.000000000,100.000000000,103.232847000,2.387721000,105.620568000,5.620568000,0,0,0
747,local_costmap,78.704000000,78.704000000,78.711000000,0.000000000,100.000000000,107.634308000,5.553360000,113.187668000,13.187668000,0,0,0
748,local_costmap,78.803000000,78.803000000,78.805000000,0.000000000,100.000000000,95.774909000,2.536637000,98.311546000,-1.688454000,0,0,0
749,local_costmap,78.902000000,78.902000000,78.904000000,0.000000000,100.000000000,93.021825000,2.394001000,95.415826000,-4.584174000,0,0,0
750,local_costmap,79.002000000,79.002000000,79.006000000,0.000000000,100.000000000,107.316074000,2.919425000,110.235499000,10.235499000,0,0,0
751,local_costmap,79.103000000,79.103000000,79.107000000,0.000000000,100.000000000,98.881718000,2.704342000,101.586060000,1.586060000,0,0,0
752,local_costmap,79.204000000,79.204000000,79.207000000,0.000000000,100.000000000,103.231335000,3.088193000,106.319528000,6.319528000,0,0,0
753,local_costmap,79.302000000,79.302000000,79.304000000,0.000000000,100.000000000,93.780021000,4.064302000,97.844323000,-2.155677000,0,0,0
754,local_costmap,79.402000000,79.402000000,79.414000000,0.000000000,100.000000000,95.825387000,11.046507000,106.871894000,6.871894000,0,0,0
755,local_costmap,79.502000000,79.502000000,79.505000000,0.000000000,100.000000000,93.537320000,2.609717000,96.147037000,-3.852963000,0,0,0
756,local_costmap,79.602000000,79.602000000,79.602000000,0.000000000,100.000000000,98.541802000,2.170293000,100.712095000,0.712095000,0,0,0
757,local_costmap,79.702000000,79.702000000,79.702000000,0.000000000,100.000000000,117.678864000,2.420700000,120.099564000,20.099564000,0,0,0
758,local_costmap,79.802000000,79.802000000,79.802000000,0.000000000,100.000000000,107.746303000,2.292339000,110.038642000,10.038642000,0,0,0
759,local_costmap,79.902000000,79.902000000,79.902000000,0.000000000,100.000000000,95.993417000,2.375862000,98.369279000,-1.630721000,0,0,0
760,local_costmap,80.002000000,80.002000000,80.002000000,0.000000000,100.000000000,93.184009000,2.369611000,95.553620000,-4.446380000,0,0,0
761,local_costmap,80.102000000,80.102000000,80.102000000,0.000000000,100.000000000,100.242503000,2.291701000,102.534204000,2.534204000,0,0,0
762,local_costmap,80.202000000,80.202000000,80.204000000,0.000000000,100.000000000,102.789308000,2.381665000,105.170973000,5.170973000,0,0,0
763,local_costmap,80.304000000,80.304000000,80.306000000,0.000000000,100.000000000,91.671991000,2.378422000,94.050413000,-5.949587000,0,0,0
764,local_costmap,80.402000000,80.402000000,80.405000000,0.000000000,100.000000000,94.520126000,2.373372000,96.893498000,-3.106502000,0,0,0
765,local_costmap,80.503000000,80.503000000,80.506000000,0.000000000,100.000000000,100.431219000,2.327603000,102.758822000,2.758822000,0,0,0
766,local_costmap,80.603000000,80.603000000,80.606000000,0.000000000,100.000000000,95.948883000,2.549557000,98.498440000,-1.501560000,0,0,0
767,local_costmap,80.702000000,80.702000000,80.705000000,0.000000000,100.000000000,100.057587000,2.308295000,102.365882000,2.365882000,0,0,0
768,local_costmap,80.802000000,80.802000000,80.804000000,0.000000000,100.000000000,93.475804000,2.219337000,95.695141000,-4.304859000,0,0,0
769,local_costmap,80.902000000,80.902000000,80.905000000,0.000000000,100.000000000,104.320583000,2.214874000,106.535457000,6.535457000,0,0,0
770,local_costmap,81.002000000,81.002000000,81.003000000,0.000000000,100.000000000,92.066394000,2.322228000,94.388622000,-5.611378000,0,0,0
771,local_costmap,81.102000000,81.102000000,81.104000000,0.000000000,100.000000000,94.276946000,2.195730000,96.472676000,-3.527324000,0,0,0
772,local_costmap,81.202000000,81.202000000,81.205000000,0.000000000,100.000000000,100.472124000,2.433136000,102.905260000,2.905260000,0,0,0
773,local_costmap,81.304000000,81.304000000,81.306000000,0.000000000,100.000000000,99.602244000,2.158544000,101.760788000,1.760788000,0,0,0
774,local_costmap,81.403000000,81.403000000,81.405000000,0.000000000,100.000000000,99.047650000,1.849702000,100.897352000,0.897352000,0,0,0
775,local_costmap,81.502000000,81.502000000,81.505000000,0.000000000,100.000000000,98.591085000,2.114421000,100.705506000,0.705506000,0,0,0
776,local_costmap,81.605000000,81.605000000,81.607000000,0.000000000,100.000000000,93.434093000,2.234207000,95.668300000,-4.331700000,0,0,0
777,local_costmap,81.703000000,81.703000000,81.705000000,0.000000000,100.000000000,101.299126000,1.987596000,103.286722000,3.286722000,0,0,0
778,local_costmap,81.802000000,81.802000000,81.804000000,0.000000000,100.000000000,94.517842000,1.902598000,96.420440000,-3.579560000,0,0,0
779,local_costmap,81.903000000,81.903000000,81.905000000,0.000000000,100.000000000,111.751035000,2.096899000,113.847934000,13.847934000,0,0,0
780,local_costmap,82.002000000,82.002000000,82.004000000,0.000000000,100.000000000,92.409650000,1.839659000,94.249309000,-5.750691000,0,0,0
781,local_costmap,82.102000000,82.102000000,82.105000000,0.000000000,100.000000000,98.997088000,2.569158000,101.566246000,1.566246000,0,0,0
782,local_costmap,82.203000000,82.203000000,82.207000000,0.000000000,100.000000000,94.874151000,2.999972000,97.874123000,-2.125877000,0,0,0
783,local_costmap,82.302000000,82.302000000,82.304000000,0.000000000,100.000000000,93.955926000,2.081221000,96.037147000,-3.962853000,0,0,0
784,local_costmap,82.403000000,82.403000000,82.405000000,0.000000000,100.000000000,107.669177000,1.937957000,109.607134000,9.607134000,0,0,0
785,local_costmap,82.502000000,82.502000000,82.504000000,0.000000000,100.000000000,94.756287000,1.974506000,96.730793000,-3.269207000,0,0,0
786,local_costmap,82.602000000,82.602000000,82.605000000,0.000000000,100.000000000,111.138062000,2.036749000,113.174811000,13.174811000,0,0,0
787,local_costmap,82.703000000,82.703000000,82.705000000,0.000000000,100.000000000,89.440002000,2.541785000,91.981787000,-8.018213000,0,0,0
788,local_costmap,82.802000000,82.802000000,82.805000000,0.000000000,100.000000000,104.045555000,2.524976000,106.570531000,6.570531000,0,0,0
789,local_costmap,82.902000000,82.902000000,82.905000000,0.000000000,100.000000000,93.400261000,2.394257000,95.794518000,-4.205482000,0,0,0
790,local_costmap,83.003000000,83.003000000,83.005000000,0.000000000,100.000000000,97.000110000,2.279521000,99.279631000,-0.720369000,0,0,0
791,local_costmap,83.102000000,83.102000000,83.104000000,0.000000000,100.000000000,96.390675000,2.108196000,98.498871000,-1.501129000,0,0,0
792,local_costmap,83.202000000,83.202000000,83.205000000,0.000000000,100.000000000,107.634972000,2.638129000,110.273101000,10.273101000,0,0,0
793,local_costmap,83.302000000,83.302000000,83.302000000,0.000000000,100.000000000,115.669382000,2.229201000,117.898583000,17.898583000,0,0,0
794,local_costmap,83.402000000,83.402000000,83.406000000,0.000000000,100.000000000,93.588570000,2.943838000,96.532408000,-3.467592000,0,0,0
795,local_costmap,83.502000000,83.502000000,83.507000000,0.000000000,100.000000000,91.046556000,4.467824000,95.514380000,-4.485620000,0,0,0
796,local_costmap,83.603000000,83.603000000,83.607000000,0.000000000,100.000000000,102.053993000,3.529075000,105.583068000,5.583068000,0,0,0
797,local_costmap,83.703000000,83.703000000,83.708000000,0.000000000,100.000000000,95.248616000,4.373937000,99.622553000,-0.377447000,0,0,0
798,local_costmap,83.802000000,83.802000000,83.802000000,0.000000000,100.000000000,106.530985000,2.291566000,108.822551000,8.822551000,0,0,0
799,local_costmap,83.903000000,83.903000000,83.906000000,0.000000000,100.000000000,109.919983000,2.317560000,112.237543000,12.237543000,0,0,0
800,local_costmap,84.002000000,84.002000000,84.007000000,0.000000000,100.000000000,78.796797000,3.922607000,82.719404000,-17.280596000,0,0,0
801,local_costmap,84.102000000,84.102000000,84.108000000,0.000000000,100.000000000,100.394046000,3.903081000,104.297127000,4.297127000,0,0,0
802,local_costmap,84.202000000,84.202000000,84.202000000,0.000000000,100.000000000,102.290568000,2.128523000,104.419091000,4.419091000,0,0,0
803,local_costmap,84.302000000,84.302000000,84.302000000,0.000000000,100.000000000,85.712400000,1.977775000,87.690175000,-12.309825000,0,0,0
804,local_costmap,84.402000000,84.402000000,84.402000000,0.000000000,100.000000000,95.589902000,2.352917000,97.942819000,-2.057181000,0,0,0
805,local_costmap,84.502000000,84.502000000,84.502000000,0.000000000,100.000000000,96.052674000,2.417772000,98.470446000,-1.529554000,0,0,0
806,local_costmap,84.602000000,84.602000000,84.602000000,0.000000000,100.000000000,95.433157000,2.003435000,97.436592000,-2.563408000,0,0,0
807,local_costmap,84.702000000,84.702000000,84.703000000,0.000000000,100.000000000,107.755292000,1.911943000,109.667235000,9.667235000,0,0,0
808,local_costmap,84.802000000,84.802000000,84.802000000,0.000000000,100.000000000,96.015870000,2.090173000,98.106043000,-1.893957000,0,0,0
809,local_costmap,84.902000000,84.902000000,84.903000000,0.000000000,100.000000000,104.090184000,2.502894000,106.593078000,6.593078000,0,0,0
810,local_costmap,85.002000000,85.002000000,85.002000000,0.000000000,100.000000000,90.646632000,2.043472000,92.690104000,-7.309896000,0,0,0
811,local_costmap,85.102000000,85.102000000,85.102000000,0.000000000,100.000000000,97.647937000,1.987107000,99.635044000,-0.364956000,0,0,0
812,local_costmap,85.202000000,85.202000000,85.202000000,0.000000000,100.000000000,101.070122000,1.980083000,103.050205000,3.050205000,0,0,0
813,local_costmap,85.302000000,85.302000000,85.302000000,0.000000000,100.000000000,98.176537000,1.965016000,100.141553000,0.141553000,0,0,0
814,local_costmap,85.402000000,85.402000000,85.402000000,0.000000000,100.000000000,103.228117000,2.238830000,105.466947000,5.466947000,0,0,0
815,local_costmap,85.503000000,85.503000000,85.503000000,0.000000000,100.000000000,93.135382000,2.147547000,95.282929000,-4.717071000,0,0,0
816,local_costmap,85.603000000,85.603000000,85.603000000,0.000000000,100.000000000,95.860072000,2.256417000,98.116489000,-1.883511000,0,0,0
817,local_costmap,85.703000000,85.703000000,85.703000000,0.000000000,100.000000000,93.888595000,2.235189000,96.123784000,-3.876216000,0,0,0
818,local_costmap,85.802000000,85.802000000,85.804000000,0.000000000,100.000000000,96.979817000,2.281234000,99.261051000,-0.738949000,0,0,0
819,local_costmap,85.902000000,85.902000000,85.902000000,0.000000000,100.000000000,113.603058000,2.142851000,115.745909000,15.745909000,0,0,0
820,local_costmap,86.003000000,86.003000000,86.005000000,0.000000000,100.000000000,100.495803000,2.146044000,102.641847000,2.641847000,0,0,0
821,local_costmap,86.102000000,86.102000000,86.105000000,0.000000000,100.000000000,93.458696000,2.643887000,96.102583000,-3.897417000,0,0,0
822,local_costmap,86.202000000,86.202000000,86.205000000,0.000000000,100.000000000,97.558043000,2.189589000,99.747632000,-0.252368000,0,0,0
823,local_costmap,86.302000000,86.302000000,86.304000000,0.000000000,100.000000000,97.263452000,1.920652000,99.184104000,-0.815896000,0,0,0
824,local_costmap,86.402000000,86.402000000,86.402000000,0.000000000,100.000000000,97.461062000,2.246095000,99.707157000,-0.292843000,0,0,0
825,local_costmap,86.502000000,86.502000000,86.504000000,0.000000000,100.000000000,100.868962000,2.217252000,103.086214000,3.086214000,0,0,0
826,local_costmap,86.605000000,86.605000000,86.608000000,0.000000000,100.000000000,98.265505000,2.817924000,101.083429000,1.083429000,0,0,0
827,local_costmap,86.703000000,86.703000000,86.705000000,0.000000000,100.000000000,102.629675000,1.913348000,104.543023000,4.543023000,0,0,0
828,local_costmap,86.803000000,86.803000000,86.805000000,0.000000000,100.000000000,96.222295000,1.915999000,98.138294000,-1.861706000,0,0,0
829,local_costmap,86.903000000,86.903000000,86.908000000,0.000000000,100.000000000,97.371759000,3.982724000,101.354483000,1.354483000,0,0,0
830,local_costmap,87.002000000,87.002000000,87.006000000,0.000000000,100.000000000,92.325613000,4.416521000,96.742134000,-3.257866000,0,0,0
831,local_costmap,87.103000000,87.103000000,87.103000000,0.000000000,100.000000000,102.102120000,2.406576000,104.508696000,4.508696000,0,0,0
832,local_costmap,87.202000000,87.202000000,87.205000000,0.000000000,100.000000000,99.223217000,2.243855000,101.467072000,1.467072000,0,0,0
833,local_costmap,87.302000000,87.302000000,87.304000000,0.000000000,100.000000000,97.221972000,2.347563000,99.569535000,-0.430465000,0,0,0
834,local_costmap,87.402000000,87.402000000,87.405000000,0.000000000,100.000000000,101.384065000,1.943078000,103.327143000,3.327143000,0,0,0
835,local_costmap,87.502000000,87.502000000,87.506000000,0.000000000,100.000000000,97.060587000,3.499077000,100.559664000,0.559664000,0,0,0
836,local_costmap,87.602000000,87.602000000,87.605000000,0.000000000,100.000000000,93.186518000,3.479928000,96.666446000,-3.333554000,0,0,0
837,local_costmap,87.702000000,87.702000000,87.704000000,0.000000000,100.000000000,108.356968000,2.290166000,110.647134000,10.647134000,0,0,0
838,local_costmap,87.802000000,87.802000000,87.802000000,0.000000000,100.000000000,90.924945000,2.119288000,93.044233000,-6.955767000,0,0,0
839,local_costmap,87.903000000,87.903000000,87.903000000,0.000000000,100.000000000,96.950810000,2.254625000,99.205435000,-0.794565000,0,0,0
840,local_costmap,88.002000000,88.002000000,88.004000000,0.000000000,100.000000000,97.647750000,2.315774000,99.963524000,-0.036476000,0,0,0
841,local_costmap,88.103000000,88.103000000,88.103000000,0.000000000,100.000000000,104.144016000,2.061742000,106.205758000,6.205758000,0,0,0
842,local_costmap,88.202000000,88.202000000,88.204000000,0.000000000,100.000000000,96.826419000,1.873585000,98.700004000,-1.299996000,0,0,0
843,local_costmap,88.303000000,88.303000000,88.305000000,0.000000000,100.000000000,98.266591000,1.941690000,100.208281000,0.208281000,0,0,0
844,local_costmap,88.402000000,88.402000000,88.404000000,0.000000000,100.000000000,97.708905000,1.860882000,99.569787000,-0.430213000,0,0,0
845,local_costmap,88.502000000,88.502000000,88.504000000,0.000000000,100.000000000,94.822276000,1.942139000,96.764415000,-3.235585000,0,0,0
846,local_costmap,88.602000000,88.602000000,88.602000000,0.000000000,100.000000000,101.859355000,2.128949000,103.988304000,3.988304000,0,0,0
847,local_costmap,88.702000000,88.702000000,88.702000000,0.000000000,100.000000000,96.584466000,1.890259000,98.474725000,-1.525275000,0,0,0
848,local_costmap,88.803000000,88.803000000,88.806000000,0.000000000,100.000000000,102.320105000,3.136660000,105.456765000,5.456765000,0,0,0
849,local_costmap,88.902000000,88.902000000,88.905000000,0.000000000,100.000000000,95.273358000,2.237642000,97.511000000,-2.489000000,0,0,0
850,local_costmap,89.002000000,89.002000000,89.004000000,0.000000000,100.000000000,94.275453000,2.206852000,96.482305000,-3.517695000,0,0,0
851,local_costmap,89.103000000,89.103000000,89.105000000,0.000000000,100.000000000,108.098258000,2.426976000,110.525234000,10.525234000,0,0,0
852,local_costmap,89.203000000,89.203000000,89.205000000,0.000000000,100.000000000,95.894732000,2.192143000,98.086875000,-1.913125000,0,0,0
853,local_costmap,89.302000000,89.302000000,89.305000000,0.000000000,100.000000000,100.284704000,2.368009000,102.652713000,2.652713000,0,0,0
854,local_costmap,89.402000000,89.402000000,89.404000000,0.000000000,100.000000000,95.849312000,2.134888000,97.984200000,-2.015800000,0,0,0
855,local_costmap,89.504000000,89.504000000,89.507000000,0.000000000,100.000000000,101.461287000,3.347835000,104.809122000,4.809122000,0,0,0
856,local_costmap,89.603000000,89.603000000,89.603000000,0.000000000,100.000000000,101.294489000,2.244736000,103.539225000,3.539225000,0,0,0
857,local_costmap,89.702000000,89.702000000,89.702000000,0.000000000,100.000000000,90.831758000,1.887041000,92.718799000,-7.281201000,0,0,0
858,local_costmap,89.802000000,89.802000000,89.802000000,0.000000000,100.000000000,105.956673000,2.135843000,108.092516000,8.092516000,0,0,0
859,local_costmap,89.902000000,89.902000000,89.905000000,0.000000000,100.000000000,94.801435000,2.293683000,97.095118000,-2.904882000,0,0,0
860,local_costmap,90.002000000,90.002000000,90.004000000,0.000000000,100.000000000,107.869776000,2.191611000,110.061387000,10.061387000,0,0,0
861,local_costmap,90.102000000,90.102000000,90.104000000,0.000000000,100.000000000,96.736456000,1.898079000,98.634535000,-1.365465000,0,0,0
862,local_costmap,90.202000000,90.202000000,90.204000000,0.000000000,100.000000000,92.099138000,1.872348000,93.971486000,-6.028514000,0,0,0
863,local_costmap,90.303000000,90.303000000,90.306000000,0.000000000,100.000000000,101.463419000,2.126273000,103.589692000,3.589692000,0,0,0
864,local_costmap,90.405000000,90.405000000,90.407000000,0.000000000,100.000000000,94.977883000,2.171561000,97.149444000,-2.850556000,0,0,0
865,local_costmap,90.505000000,90.505000000,90.505000000,0.000000000,100.000000000,102.972660000,2.258973000,105.231633000,5.231633000,0,0,0
866,local_costmap,90.602000000,90.602000000,90.602000000,0.000000000,100.000000000,93.911268000,2.158892000,96.070160000,-3.929840000,0,0,0
867,local_costmap,90.702000000,90.702000000,90.702000000,0.000000000,100.000000000,98.993301000,2.297487000,101.290788000,1.290788000,0,0,0
868,local_costmap,90.802000000,90.802000000,90.802000000,0.000000000,100.000000000,100.062762000,1.903782000,101.966544000,1.966544000,0,0,0
869,local_costmap,90.902000000,90.902000000,90.904000000,0.000000000,100.000000000,108.753748000,1.948515000,110.702263000,10.702263000,0,0,0
870,local_costmap,91.002000000,91.002000000,91.004000000,0.000000000,100.000000000,97.193243000,1.837921000,99.031164000,-0.968836000,0,0,0
871,local_costmap,91.102000000,91.102000000,91.104000000,0.000000000,100.000000000,90.965479000,1.939974000,92.905453000,-7.094547000,0,0,0
872,local_costmap,91.203000000,91.203000000,91.204000000,0.000000000,100.000000000,100.562039000,2.091425000,102.653464000,2.653464000,0,0,0
873,local_costmap,91.302000000,91.302000000,91.305000000,0.000000000,100.000000000,93.588495000,2.223493000,95.811988000,-4.188012000,0,0,0
874,local_costmap,91.402000000,91.402000000,91.405000000,0.000000000,100.000000000,104.217088000,2.310366000,106.527454000,6.527454000,0,0,0
875,local_costmap,91.502000000,91.502000000,91.504000000,0.000000000,100.000000000,90.919436000,2.315352000,93.234788000,-6.765212000,0,0,0
876,local_costmap,91.602000000,91.602000000,91.604000000,0.000000000,100.000000000,94.511977000,2.257800000,96.769777000,-3.230223000,0,0,0
877,local_costmap,91.702000000,91.702000000,91.702000000,0.000000000,100.000000000,119.473852000,2.257289000,121.731141000,21.731141000,0,0,0
878,local_costmap,91.804000000,91.804000000,91.807000000,0.000000000,100.000000000,112.823335000,2.787572000,115.610907000,15.610907000,0,0,0
879,local_costmap,91.902000000,91.902000000,91.912000000,0.000000000,100.000000000,100.443847000,7.022094000,107.465941000,7.465941000,0,0,0
880,local_costmap,92.002000000,92.002000000,92.002000000,0.000000000,100.000000000,81.151366000,1.983511000,83.134877000,-16.865123000,0,0,0
881,local_costmap,92.104000000,92.104000000,92.104000000,0.000000000,100.000000000,90.637391000,2.081649000,92.719040000,-7.280960000,0,0,0
882,local_costmap,92.203000000,92.203000000,92.203000000,0.000000000,100.000000000,127.721817000,2.254152000,129.975969000,29.975969000,0,0,0
883,local_costmap,92.305000000,92.305000000,92.307000000,0.000000000,100.000000000,97.412829000,3.213859000,100.626688000,0.626688000,0,0,0
884,local_costmap,92.403000000,92.403000000,92.406000000,0.000000000,100.000000000,90.889739000,2.548844000,93.438583000,-6.561417000,0,0,0
